date,variable,value,year,date20
2019-01-01,rm,19.3094182981188,2019,2020-01-01
2019-01-02,rm,19.3899474388251,2019,2020-01-02
2019-01-03,rm,19.6000693228575,2019,2020-01-03
2019-01-04,rm,19.9047249380955,2019,2020-01-04
2019-01-05,rm,20.0757497017595,2019,2020-01-05
2019-01-06,rm,20.1988656817993,2019,2020-01-06
2019-01-07,rm,20.3006004561723,2019,2020-01-07
2019-01-08,rm,20.2891000608345,2019,2020-01-08
2019-01-09,rm,20.2542950623513,2019,2020-01-09
2019-01-10,rm,20.1688799279736,2019,2020-01-10
2019-01-11,rm,20.1247302027395,2019,2020-01-11
2019-01-12,rm,19.9469298986726,2019,2020-01-12
2019-01-13,rm,19.718059369224,2019,2020-01-13
2019-01-14,rm,19.5757134285318,2019,2020-01-14
2019-01-15,rm,19.5273060965775,2019,2020-01-15
2019-01-16,rm,19.4482411637211,2019,2020-01-16
2019-01-17,rm,19.3461706475177,2019,2020-01-17
2019-01-18,rm,19.3822281776968,2019,2020-01-18
2019-01-19,rm,19.7648295517534,2019,2020-01-19
2019-01-20,rm,20.0992951624033,2019,2020-01-20
2019-01-21,rm,20.3686525390556,2019,2020-01-21
2019-01-22,rm,20.5971535595991,2019,2020-01-22
2019-01-23,rm,20.8066079488609,2019,2020-01-23
2019-01-24,rm,21.0015241527915,2019,2020-01-24
2019-01-25,rm,21.2432171913666,2019,2020-01-25
2019-01-26,rm,21.3353840486272,2019,2020-01-26
2019-01-27,rm,21.4205942279307,2019,2020-01-27
2019-01-28,rm,21.5089766530652,2019,2020-01-28
2019-01-29,rm,21.6600276024091,2019,2020-01-29
2019-01-30,rm,21.7459647152461,2019,2020-01-30
2019-01-31,rm,21.7246861578814,2019,2020-01-31
2019-02-01,rm,21.5921149036257,2019,2020-02-01
2019-02-02,rm,21.4101539739671,2019,2020-02-02
2019-02-03,rm,21.3590135422326,2019,2020-02-03
2019-02-04,rm,21.3731802415639,2019,2020-02-04
2019-02-05,rm,21.495928949117,2019,2020-02-05
2019-02-06,rm,21.5857934084828,2019,2020-02-06
2019-02-07,rm,21.5976482720666,2019,2020-02-07
2019-02-08,rm,21.4424258868576,2019,2020-02-08
2019-02-09,rm,21.3934815176924,2019,2020-02-09
2019-02-10,rm,21.3713256409712,2019,2020-02-10
2019-02-11,rm,21.3540015174013,2019,2020-02-11
2019-02-12,rm,21.3359452021008,2019,2020-02-12
2019-02-13,rm,21.3140161526787,2019,2020-02-13
2019-02-14,rm,21.2821000446346,2019,2020-02-14
2019-02-15,rm,21.1652344966276,2019,2020-02-15
2019-02-16,rm,20.8971995588174,2019,2020-02-16
2019-02-17,rm,20.6438392321052,2019,2020-02-17
2019-02-18,rm,20.3913399606793,2019,2020-02-18
2019-02-19,rm,20.0393128182972,2019,2020-02-19
2019-02-20,rm,19.6730929703015,2019,2020-02-20
2019-02-21,rm,19.319917596925,2019,2020-02-21
2019-02-22,rm,18.9928463678834,2019,2020-02-22
2019-02-23,rm,18.9678967143509,2019,2020-02-23
2019-02-24,rm,18.9552773215918,2019,2020-02-24
2019-02-25,rm,18.7619000032962,2019,2020-02-25
2019-02-26,rm,18.4538737980151,2019,2020-02-26
2019-02-27,rm,18.1256150196179,2019,2020-02-27
2019-02-28,rm,17.6702180744521,2019,2020-02-28
2019-03-01,rm,17.4348097603149,2019,2020-03-01
2019-03-02,rm,17.4583144467708,2019,2020-03-02
2019-03-03,rm,17.2855177875234,2019,2020-03-03
2019-03-04,rm,16.9723639380563,2019,2020-03-04
2019-03-05,rm,16.6619339706977,2019,2020-03-05
2019-03-06,rm,16.3299527210419,2019,2020-03-06
2019-03-07,rm,15.938279857424,2019,2020-03-07
2019-03-08,rm,15.7276528507547,2019,2020-03-08
2019-03-09,rm,15.5454222353754,2019,2020-03-09
2019-03-10,rm,15.3483941900078,2019,2020-03-10
2019-03-11,rm,15.318626221556,2019,2020-03-11
2019-03-12,rm,15.2607774654499,2019,2020-03-12
2019-03-13,rm,15.1919900582325,2019,2020-03-13
2019-03-14,rm,15.1473190208816,2019,2020-03-14
2019-03-15,rm,15.0329591451186,2019,2020-03-15
2019-03-16,rm,14.8440148541283,2019,2020-03-16
2019-03-17,rm,14.6380298166292,2019,2020-03-17
2019-03-18,rm,14.6067287199969,2019,2020-03-18
2019-03-19,rm,14.6592847073132,2019,2020-03-19
2019-03-20,rm,14.7358622972437,2019,2020-03-20
2019-03-21,rm,14.7914483288771,2019,2020-03-21
2019-03-22,rm,14.6938795006242,2019,2020-03-22
2019-03-23,rm,14.3349985923865,2019,2020-03-23
2019-03-24,rm,13.9782166680817,2019,2020-03-24
2019-03-25,rm,13.9536561375066,2019,2020-03-25
2019-03-26,rm,14.0736568250176,2019,2020-03-26
2019-03-27,rm,14.1638859367019,2019,2020-03-27
2019-03-28,rm,14.2969168282913,2019,2020-03-28
2019-03-29,rm,14.2999697255111,2019,2020-03-29
2019-03-30,rm,14.1707459488545,2019,2020-03-30
2019-03-31,rm,14.0626328097442,2019,2020-03-31
2019-04-01,rm,14.0152458315439,2019,2020-04-01
2019-04-02,rm,13.8547299525203,2019,2020-04-02
2019-04-03,rm,13.5829755231383,2019,2020-04-03
2019-04-04,rm,13.4634320800389,2019,2020-04-04
2019-04-05,rm,13.4463562175751,2019,2020-04-05
2019-04-06,rm,13.416064094509,2019,2020-04-06
2019-04-07,rm,13.3826538979915,2019,2020-04-07
2019-04-08,rm,13.0790628694795,2019,2020-04-08
2019-04-09,rm,12.6700678829283,2019,2020-04-09
2019-04-10,rm,12.5027193231415,2019,2020-04-10
2019-04-11,rm,12.4383815264302,2019,2020-04-11
2019-04-12,rm,12.4699759477056,2019,2020-04-12
2019-04-13,rm,12.5833179722388,2019,2020-04-13
2019-04-14,rm,12.733674744546,2019,2020-04-14
2019-04-15,rm,12.5964922684473,2019,2020-04-15
2019-04-16,rm,12.398192574047,2019,2020-04-16
2019-04-17,rm,12.1490236353176,2019,2020-04-17
2019-04-18,rm,11.803828102381,2019,2020-04-18
2019-04-19,rm,11.4699079384658,2019,2020-04-19
2019-04-20,rm,11.1733845361869,2019,2020-04-20
2019-04-21,rm,10.9058233056671,2019,2020-04-21
2019-04-22,rm,10.4869838235065,2019,2020-04-22
2019-04-23,rm,10.1833242185213,2019,2020-04-23
2019-04-24,rm,9.68411670259124,2019,2020-04-24
2019-04-25,rm,9.2360704431805,2019,2020-04-25
2019-04-26,rm,8.92457749519769,2019,2020-04-26
2019-04-27,rm,8.80276167354657,2019,2020-04-27
2019-04-28,rm,8.85558133211382,2019,2020-04-28
2019-04-29,rm,8.95027285521716,2019,2020-04-29
2019-04-30,rm,9.04992334261994,2019,2020-04-30
2019-05-01,rm,9.07650617737259,2019,2020-05-01
2019-05-02,rm,8.94489352698242,2019,2020-05-02
2019-05-03,rm,8.81532432540801,2019,2020-05-03
2019-05-04,rm,8.81223692218419,2019,2020-05-04
2019-05-05,rm,9.0371960626309,2019,2020-05-05
2019-05-06,rm,9.2886051428841,2019,2020-05-06
2019-05-07,rm,9.54305130833146,2019,2020-05-07
2019-05-08,rm,9.4345550604737,2019,2020-05-08
2019-05-09,rm,9.27884992281611,2019,2020-05-09
2019-05-10,rm,8.94524545328083,2019,2020-05-10
2019-05-11,rm,8.61924440296197,2019,2020-05-11
2019-05-12,rm,8.51605859610238,2019,2020-05-12
2019-05-13,rm,8.51380061585543,2019,2020-05-13
2019-05-14,rm,8.59042132380265,2019,2020-05-14
2019-05-15,rm,8.73900791904879,2019,2020-05-15
2019-05-16,rm,8.94795714493746,2019,2020-05-16
2019-05-17,rm,9.11092210608914,2019,2020-05-17
2019-05-18,rm,9.11909623482351,2019,2020-05-18
2019-05-19,rm,9.11536046720854,2019,2020-05-19
2019-05-20,rm,9.20275078122802,2019,2020-05-20
2019-05-21,rm,9.11878666394909,2019,2020-05-21
2019-05-22,rm,9.18722468414417,2019,2020-05-22
2019-05-23,rm,9.24890975007438,2019,2020-05-23
2019-05-24,rm,9.15238810206379,2019,2020-05-24
2019-05-25,rm,8.90711050405543,2019,2020-05-25
2019-05-26,rm,8.54099789063698,2019,2020-05-26
2019-05-27,rm,8.12369616643825,2019,2020-05-27
2019-05-28,rm,7.80015566798893,2019,2020-05-28
2019-05-29,rm,7.83560906872039,2019,2020-05-29
2019-05-30,rm,7.92236360354173,2019,2020-05-30
2019-05-31,rm,7.69916597975923,2019,2020-05-31
2019-06-01,rm,7.29316747086236,2019,2020-06-01
2019-06-02,rm,6.69477901964084,2019,2020-06-02
2019-06-03,rm,6.1536187238648,2019,2020-06-03
2019-06-04,rm,5.68078393753113,2019,2020-06-04
2019-06-05,rm,5.36084431596088,2019,2020-06-05
2019-06-06,rm,5.03581276408094,2019,2020-06-06
2019-06-07,rm,4.83056019721098,2019,2020-06-07
2019-06-08,rm,4.63626534080317,2019,2020-06-08
2019-06-09,rm,4.19698291767362,2019,2020-06-09
2019-06-10,rm,3.74889158480136,2019,2020-06-10
2019-06-11,rm,3.24482217505341,2019,2020-06-11
2019-06-12,rm,2.72300551367948,2019,2020-06-12
2019-06-13,rm,2.28523344017124,2019,2020-06-13
2019-06-14,rm,1.99333480766534,2019,2020-06-14
2019-06-15,rm,1.87576326910021,2019,2020-06-15
2019-06-16,rm,1.80438557629382,2019,2020-06-16
2019-06-17,rm,1.63675991397164,2019,2020-06-17
2019-06-18,rm,1.44837887855521,2019,2020-06-18
2019-06-19,rm,1.30461620276099,2019,2020-06-19
2019-06-20,rm,1.20518975989484,2019,2020-06-20
2019-06-21,rm,1.16914859683343,2019,2020-06-21
2019-06-22,rm,1.12262030328508,2019,2020-06-22
2019-06-23,rm,1.0779261930312,2019,2020-06-23
2019-06-24,rm,1.00324275613736,2019,2020-06-24
2019-06-25,rm,0.869296225440525,2019,2020-06-25
2019-06-26,rm,0.587621312115016,2019,2020-06-26
2019-06-27,rm,0.362411353277812,2019,2020-06-27
2019-06-28,rm,0.268741773118446,2019,2020-06-28
2019-06-29,rm,0.239494571388835,2019,2020-06-29
2019-06-30,rm,0.227161408656496,2019,2020-06-30
2019-07-01,rm,0.219430616533099,2019,2020-07-01
2019-07-02,rm,0.213391586058621,2019,2020-07-02
2019-07-03,rm,0.211027931259842,2019,2020-07-03
2019-07-04,rm,0.18200090327218,2019,2020-07-04
2019-07-05,rm,0.176200836764977,2019,2020-07-05
2019-07-06,rm,0.14573610661873,2019,2020-07-06
2019-07-07,rm,0.133606264145611,2019,2020-07-07
2019-07-08,rm,0.163336939464934,2019,2020-07-08
2019-07-09,rm,0.196478566268631,2019,2020-07-09
2019-07-10,rm,0.215271507836289,2019,2020-07-10
2019-07-11,rm,0.254674393845368,2019,2020-07-11
2019-07-12,rm,0.283044325035007,2019,2020-07-12
2019-07-13,rm,0.330826500389414,2019,2020-07-13
2019-07-14,rm,0.341959502640364,2019,2020-07-14
2019-07-15,rm,0.368783998629683,2019,2020-07-15
2019-07-16,rm,0.381839148399802,2019,2020-07-16
2019-07-17,rm,0.382837289479257,2019,2020-07-17
2019-07-18,rm,0.377832969167905,2019,2020-07-18
2019-07-19,rm,0.361721295738671,2019,2020-07-19
2019-07-20,rm,0.340733104793583,2019,2020-07-20
2019-07-21,rm,0.335468129679111,2019,2020-07-21
2019-07-22,rm,0.335468129679111,2019,2020-07-22
2019-07-23,rm,0.335468129679111,2019,2020-07-23
2019-07-24,rm,0.335468129679111,2019,2020-07-24
2019-07-25,rm,0.335468129679111,2019,2020-07-25
2019-07-26,rm,0.335468129679111,2019,2020-07-26
2019-07-27,rm,0.337243754257076,2019,2020-07-27
2019-07-28,rm,0.350008419404866,2019,2020-07-28
2019-07-29,rm,0.354168769587921,2019,2020-07-29
2019-07-30,rm,0.35417770834406,2019,2020-07-30
2019-07-31,rm,0.367225536420252,2019,2020-07-31
2019-08-01,rm,0.366936669724732,2019,2020-08-01
2019-08-02,rm,0.390353567273021,2019,2020-08-02
2019-08-03,rm,0.417353637827884,2019,2020-08-03
2019-08-04,rm,0.416688684812579,2019,2020-08-04
2019-08-05,rm,0.382270982118729,2019,2020-08-05
2019-08-06,rm,0.347874348703428,2019,2020-08-06
2019-08-07,rm,0.321000726917267,2019,2020-08-07
2019-08-08,rm,0.279340331506424,2019,2020-08-08
2019-08-09,rm,0.250245052567363,2019,2020-08-09
2019-08-10,rm,0.20153333477061,2019,2020-08-10
2019-08-11,rm,0.166443372772206,2019,2020-08-11
2019-08-12,rm,0.13943394880845,2019,2020-08-12
2019-08-13,rm,0.169941612277323,2019,2020-08-13
2019-08-14,rm,0.219997206712832,2019,2020-08-14
2019-08-15,rm,0.247875715228697,2019,2020-08-15
2019-08-16,rm,0.272905063415424,2019,2020-08-16
2019-08-17,rm,0.275425437616294,2019,2020-08-17
2019-08-18,rm,0.27449936881846,2019,2020-08-18
2019-08-19,rm,0.276575978840575,2019,2020-08-19
2019-08-20,rm,0.288343870994729,2019,2020-08-20
2019-08-21,rm,0.329039057664671,2019,2020-08-21
2019-08-22,rm,0.335132634977766,2019,2020-08-22
2019-08-23,rm,0.338075008771264,2019,2020-08-23
2019-08-24,rm,0.339602515228518,2019,2020-08-24
2019-08-25,rm,0.33026225421603,2019,2020-08-25
2019-08-26,rm,0.329482324837444,2019,2020-08-26
2019-08-27,rm,0.330556354306012,2019,2020-08-27
2019-08-28,rm,0.314934083673538,2019,2020-08-28
2019-08-29,rm,0.316200633902419,2019,2020-08-29
2019-08-30,rm,0.29542601777923,2019,2020-08-30
2019-08-31,rm,0.270584227197384,2019,2020-08-31
2019-09-01,rm,0.267243704130203,2019,2020-09-01
2019-09-02,rm,0.312972586365665,2019,2020-09-02
2019-09-03,rm,0.363994009820891,2019,2020-09-03
2019-09-04,rm,0.387966876336948,2019,2020-09-04
2019-09-05,rm,0.447640132706431,2019,2020-09-05
2019-09-06,rm,0.56741408915669,2019,2020-09-06
2019-09-07,rm,0.694452513694485,2019,2020-09-07
2019-09-08,rm,0.869432497683466,2019,2020-09-08
2019-09-09,rm,1.09365330966923,2019,2020-09-09
2019-09-10,rm,1.1543160334835,2019,2020-09-10
2019-09-11,rm,1.15645986417263,2019,2020-09-11
2019-09-12,rm,1.15241056651848,2019,2020-09-12
2019-09-13,rm,1.13508708530333,2019,2020-09-13
2019-09-14,rm,1.13687775977386,2019,2020-09-14
2019-09-15,rm,1.13893844422574,2019,2020-09-15
2019-09-16,rm,1.13891195621901,2019,2020-09-16
2019-09-17,rm,1.13191070339027,2019,2020-09-17
2019-09-18,rm,1.20607353905897,2019,2020-09-18
2019-09-19,rm,1.55231313621078,2019,2020-09-19
2019-09-20,rm,1.93169024868372,2019,2020-09-20
2019-09-21,rm,2.10272430970946,2019,2020-09-21
2019-09-22,rm,2.19931037538762,2019,2020-09-22
2019-09-23,rm,2.30662135682188,2019,2020-09-23
2019-09-24,rm,2.38579763219141,2019,2020-09-24
2019-09-25,rm,2.50349416128369,2019,2020-09-25
2019-09-26,rm,2.58618400348552,2019,2020-09-26
2019-09-27,rm,2.61790799853695,2019,2020-09-27
2019-09-28,rm,2.67752502598157,2019,2020-09-28
2019-09-29,rm,2.70468325048607,2019,2020-09-29
2019-09-30,rm,2.69112729403526,2019,2020-09-30
2019-10-01,rm,2.67544858105126,2019,2020-10-01
2019-10-02,rm,2.79326030184102,2019,2020-10-02
2019-10-03,rm,3.17125589785458,2019,2020-10-03
2019-10-04,rm,3.46828126444845,2019,2020-10-04
2019-10-05,rm,3.72778122750997,2019,2020-10-05
2019-10-06,rm,3.98336830919871,2019,2020-10-06
2019-10-07,rm,4.24589814396914,2019,2020-10-07
2019-10-08,rm,4.5305481014727,2019,2020-10-08
2019-10-09,rm,4.67531180503387,2019,2020-10-09
2019-10-10,rm,4.93273566136624,2019,2020-10-10
2019-10-11,rm,5.19379253787525,2019,2020-10-11
2019-10-12,rm,5.46242533203571,2019,2020-10-12
2019-10-13,rm,5.65565618603445,2019,2020-10-13
2019-10-14,rm,5.7138513705534,2019,2020-10-14
2019-10-15,rm,5.78967281046075,2019,2020-10-15
2019-10-16,rm,5.8913635473868,2019,2020-10-16
2019-10-17,rm,5.85806212039946,2019,2020-10-17
2019-10-18,rm,5.78332342162875,2019,2020-10-18
2019-10-19,rm,5.89731453676492,2019,2020-10-19
2019-10-20,rm,5.91777186409965,2019,2020-10-20
2019-10-21,rm,5.8608308007425,2019,2020-10-21
2019-10-22,rm,5.88216420863644,2019,2020-10-22
2019-10-23,rm,5.82844756316478,2019,2020-10-23
2019-10-24,rm,5.82570417931317,2019,2020-10-24
2019-10-25,rm,5.94536109648494,2019,2020-10-25
2019-10-26,rm,6.15788825315038,2019,2020-10-26
2019-10-27,rm,6.28085966437135,2019,2020-10-27
2019-10-28,rm,6.63960972481056,2019,2020-10-28
2019-10-29,rm,7.07925919833188,2019,2020-10-29
2019-10-30,rm,7.48754694230724,2019,2020-10-30
2019-10-31,rm,7.64092124588531,2019,2020-10-31
2019-11-01,rm,7.75330315683486,2019,2020-11-01
2019-11-02,rm,7.81387029018281,2019,2020-11-02
2019-11-03,rm,7.64765934241702,2019,2020-11-03
2019-11-04,rm,7.4905048200899,2019,2020-11-04
2019-11-05,rm,7.58913120514682,2019,2020-11-05
2019-11-06,rm,7.88646070093756,2019,2020-11-06
2019-11-07,rm,8.10535951432259,2019,2020-11-07
2019-11-08,rm,8.3349767530902,2019,2020-11-08
2019-11-09,rm,8.62076582426105,2019,2020-11-09
2019-11-10,rm,9.06690158213656,2019,2020-11-10
2019-11-11,rm,9.63256256644903,2019,2020-11-11
2019-11-12,rm,10.1396261062963,2019,2020-11-12
2019-11-13,rm,10.5766341321121,2019,2020-11-13
2019-11-14,rm,10.9039450537527,2019,2020-11-14
2019-11-15,rm,11.0911078395917,2019,2020-11-15
2019-11-16,rm,11.2640264655853,2019,2020-11-16
2019-11-17,rm,11.558973487722,2019,2020-11-17
2019-11-18,rm,12.0187424599934,2019,2020-11-18
2019-11-19,rm,12.4514942930661,2019,2020-11-19
2019-11-20,rm,12.9281844813057,2019,2020-11-20
2019-11-21,rm,13.3508701257951,2019,2020-11-21
2019-11-22,rm,13.7087643410165,2019,2020-11-22
2019-11-23,rm,13.9099944844184,2019,2020-11-23
2019-11-24,rm,14.2470774692282,2019,2020-11-24
2019-11-25,rm,14.4086871660889,2019,2020-11-25
2019-11-26,rm,14.4870748128664,2019,2020-11-26
2019-11-27,rm,14.472710738499,2019,2020-11-27
2019-11-28,rm,14.3824347364506,2019,2020-11-28
2019-11-29,rm,14.3672685193025,2019,2020-11-29
2019-11-30,rm,14.5803602954318,2019,2020-11-30
2019-12-01,rm,15.0258670218072,2019,2020-12-01
2019-12-02,rm,15.3800176353816,2019,2020-12-02
2019-12-03,rm,15.6225218929592,2019,2020-12-03
2019-12-04,rm,15.904198175329,2019,2020-12-04
2019-12-05,rm,16.1760499590423,2019,2020-12-05
2019-12-06,rm,16.4489829826924,2019,2020-12-06
2019-12-07,rm,16.5338949095668,2019,2020-12-07
2019-12-08,rm,16.5136119569745,2019,2020-12-08
2019-12-09,rm,16.516972313599,2019,2020-12-09
2019-12-10,rm,16.6102586177859,2019,2020-12-10
2019-12-11,rm,16.7805092506159,2019,2020-12-11
2019-12-12,rm,16.9312320257186,2019,2020-12-12
2019-12-13,rm,17.1793604429193,2019,2020-12-13
2019-12-14,rm,17.35205343121,2019,2020-12-14
2019-12-15,rm,17.5638136924964,2019,2020-12-15
2019-12-16,rm,17.6623879644901,2019,2020-12-16
2019-12-17,rm,17.6395373731225,2019,2020-12-17
2019-12-18,rm,17.6029853327779,2019,2020-12-18
2019-12-19,rm,17.5864551513672,2019,2020-12-19
2019-12-20,rm,17.4794616205441,2019,2020-12-20
2019-12-21,rm,17.5187396973772,2019,2020-12-21
2019-12-22,rm,17.651157758163,2019,2020-12-22
2019-12-23,rm,17.6531790753272,2019,2020-12-23
2019-12-24,rm,17.6695109468758,2019,2020-12-24
2019-12-25,rm,17.698305327469,2019,2020-12-25
2019-12-26,rm,17.8427070833212,2019,2020-12-26
2019-12-27,rm,17.9890229075294,2019,2020-12-27
2019-12-28,rm,18.060972858211,2019,2020-12-28
2019-12-29,rm,18.1706279301745,2019,2020-12-29
2019-12-30,rm,18.2963971158669,2019,2020-12-30
2019-12-31,rm,18.233463446622,2019,2020-12-31
2020-01-01,rm,18.1929446173002,2020,2020-01-01
2020-01-02,rm,18.2040542123164,2020,2020-01-02
2020-01-03,rm,18.1999731976342,2020,2020-01-03
2020-01-04,rm,18.1760243150534,2020,2020-01-04
2020-01-05,rm,18.2570357556914,2020,2020-01-05
2020-01-06,rm,18.4238392201272,2020,2020-01-06
2020-01-07,rm,18.5046067700707,2020,2020-01-07
2020-01-08,rm,18.3714870668072,2020,2020-01-08
2020-01-09,rm,18.2066445822731,2020,2020-01-09
2020-01-10,rm,18.1343819819416,2020,2020-01-10
2020-01-11,rm,18.1323782747872,2020,2020-01-11
2020-01-12,rm,18.2703926635851,2020,2020-01-12
2020-01-13,rm,18.4145472300622,2020,2020-01-13
2020-01-14,rm,18.6860272528762,2020,2020-01-14
2020-01-15,rm,18.9389908152769,2020,2020-01-15
2020-01-16,rm,19.1437967140941,2020,2020-01-16
2020-01-17,rm,19.4541437790915,2020,2020-01-17
2020-01-18,rm,19.6608816971189,2020,2020-01-18
2020-01-19,rm,19.7655786116442,2020,2020-01-19
2020-01-20,rm,19.9713681218069,2020,2020-01-20
2020-01-21,rm,20.2158281468333,2020,2020-01-21
2020-01-22,rm,20.4204266041563,2020,2020-01-22
2020-01-23,rm,20.5344903957646,2020,2020-01-23
2020-01-24,rm,20.6573154807568,2020,2020-01-24
2020-01-25,rm,20.6822400581611,2020,2020-01-25
2020-01-26,rm,20.5910953225318,2020,2020-01-26
2020-01-27,rm,20.4726145122888,2020,2020-01-27
2020-01-28,rm,20.4638107323825,2020,2020-01-28
2020-01-29,rm,20.4024963175755,2020,2020-01-29
2020-01-30,rm,20.2509900567568,2020,2020-01-30
2020-01-31,rm,19.9453093487803,2020,2020-01-31
2020-02-01,rm,19.7597813647744,2020,2020-02-01
2020-02-02,rm,19.4840646141917,2020,2020-02-02
2020-02-03,rm,19.1696124197944,2020,2020-02-03
2020-02-04,rm,19.005619609137,2020,2020-02-04
2020-02-05,rm,19.0137542221888,2020,2020-02-05
2020-02-06,rm,19.1240384322613,2020,2020-02-06
2020-02-07,rm,19.17159994373,2020,2020-02-07
2020-02-08,rm,19.2645822213511,2020,2020-02-08
2020-02-09,rm,19.1837332559496,2020,2020-02-09
2020-02-10,rm,18.9375612119613,2020,2020-02-10
2020-02-11,rm,18.7422444067238,2020,2020-02-11
2020-02-12,rm,18.6392981009256,2020,2020-02-12
2020-02-13,rm,18.5723170247797,2020,2020-02-13
2020-02-14,rm,18.4125109922206,2020,2020-02-14
2020-02-15,rm,18.2646768690038,2020,2020-02-15
2020-02-16,rm,18.074123425638,2020,2020-02-16
2020-02-17,rm,17.7917018226173,2020,2020-02-17
2020-02-18,rm,17.4897282518655,2020,2020-02-18
2020-02-19,rm,17.3366126435774,2020,2020-02-19
2020-02-20,rm,17.1925811798272,2020,2020-02-20
2020-02-21,rm,17.0227630018925,2020,2020-02-21
2020-02-22,rm,16.7953603341643,2020,2020-02-22
2020-02-23,rm,16.3668253003499,2020,2020-02-23
2020-02-24,rm,16.1585120197125,2020,2020-02-24
2020-02-25,rm,15.984237185577,2020,2020-02-25
2020-02-26,rm,15.9251543370461,2020,2020-02-26
2020-02-27,rm,15.9400089036346,2020,2020-02-27
2020-02-28,rm,16.1542343653644,2020,2020-02-28
2020-02-29,rm,16.3160303097113,2020,2020-02-29
2020-03-01,rm,16.4160264869376,2020,2020-03-01
2020-03-02,rm,16.4195819862844,2020,2020-03-02
2020-03-03,rm,16.3841266600531,2020,2020-03-03
2020-03-04,rm,16.311410478095,2020,2020-03-04
2020-03-05,rm,16.1723545732982,2020,2020-03-05
2020-03-06,rm,16.0111388987448,2020,2020-03-06
2020-03-07,rm,15.8778747546297,2020,2020-03-07
2020-03-08,rm,15.8090603361344,2020,2020-03-08
2020-03-09,rm,15.8932397945655,2020,2020-03-09
2020-03-10,rm,15.8339630535448,2020,2020-03-10
2020-03-11,rm,15.4215068918945,2020,2020-03-11
2020-03-12,rm,15.0143241236722,2020,2020-03-12
2020-03-13,rm,14.9442710352695,2020,2020-03-13
2020-03-14,rm,14.9480988910067,2020,2020-03-14
2020-03-15,rm,15.013370359684,2020,2020-03-15
2020-03-16,rm,15.0387166955531,2020,2020-03-16
2020-03-17,rm,14.9763834964167,2020,2020-03-17
2020-03-18,rm,14.7396060865696,2020,2020-03-18
2020-03-19,rm,14.4960162437789,2020,2020-03-19
2020-03-20,rm,14.1486512134512,2020,2020-03-20
2020-03-21,rm,14.1531210279991,2020,2020-03-21
2020-03-22,rm,14.5619093114668,2020,2020-03-22
2020-03-23,rm,14.8409793334052,2020,2020-03-23
2020-03-24,rm,15.0870073204311,2020,2020-03-24
2020-03-25,rm,15.2197440347302,2020,2020-03-25
2020-03-26,rm,15.2186739528594,2020,2020-03-26
2020-03-27,rm,15.0146425520492,2020,2020-03-27
2020-03-28,rm,14.8458484242954,2020,2020-03-28
2020-03-29,rm,14.8014681470393,2020,2020-03-29
2020-03-30,rm,15.006579706809,2020,2020-03-30
2020-03-31,rm,15.1893427293543,2020,2020-03-31
2020-04-01,rm,15.2504269139667,2020,2020-04-01
2020-04-02,rm,15.2310998674534,2020,2020-04-02
2020-04-03,rm,15.1676949167105,2020,2020-04-03
2020-04-04,rm,15.0446131015743,2020,2020-04-04
2020-04-05,rm,14.8599545839491,2020,2020-04-05
2020-04-06,rm,14.5027935512614,2020,2020-04-06
2020-04-07,rm,14.1808023522346,2020,2020-04-07
2020-04-08,rm,14.1501226660011,2020,2020-04-08
2020-04-09,rm,14.075835036108,2020,2020-04-09
2020-04-10,rm,13.7124545660041,2020,2020-04-10
2020-04-11,rm,13.2614204725418,2020,2020-04-11
2020-04-12,rm,12.7385099249604,2020,2020-04-12
2020-04-13,rm,12.3670728980638,2020,2020-04-13
2020-04-14,rm,12.4846763366265,2020,2020-04-14
2020-04-15,rm,12.5741384083086,2020,2020-04-15
2020-04-16,rm,12.3602685172054,2020,2020-04-16
2020-04-17,rm,12.1474866779929,2020,2020-04-17
2020-04-18,rm,11.6529525668171,2020,2020-04-18
2020-04-19,rm,11.1316313742662,2020,2020-04-19
2020-04-20,rm,10.7181006559565,2020,2020-04-20
2020-04-21,rm,10.309559185153,2020,2020-04-21
2020-04-22,rm,9.84703096081845,2020,2020-04-22
2020-04-23,rm,9.40547863910983,2020,2020-04-23
2020-04-24,rm,9.02822433759485,2020,2020-04-24
2020-04-25,rm,8.68710077330264,2020,2020-04-25
2020-04-26,rm,8.47282699957328,2020,2020-04-26
2020-04-27,rm,7.91813171519208,2020,2020-04-27
2020-04-28,rm,7.27009969885053,2020,2020-04-28
2020-04-29,rm,6.83773458261957,2020,2020-04-29
2020-04-30,rm,6.40619318225463,2020,2020-04-30
2020-05-01,rm,6.11108031984171,2020,2020-05-01
2020-05-02,rm,5.8945286315171,2020,2020-05-02
2020-05-03,rm,5.85313143918226,2020,2020-05-03
2020-05-04,rm,5.82308453969136,2020,2020-05-04
2020-05-05,rm,5.94611787057867,2020,2020-05-05
2020-05-06,rm,6.13866691958245,2020,2020-05-06
2020-05-07,rm,6.14432711191082,2020,2020-05-07
2020-05-08,rm,6.05248586628945,2020,2020-05-08
2020-05-09,rm,5.9521551498865,2020,2020-05-09
2020-05-10,rm,5.90602684076673,2020,2020-05-10
2020-05-11,rm,5.86642952630876,2020,2020-05-11
2020-05-12,rm,5.76928202981081,2020,2020-05-12
2020-05-13,rm,5.63036855269003,2020,2020-05-13
2020-05-14,rm,5.73421966172841,2020,2020-05-14
2020-05-15,rm,6.1091595218179,2020,2020-05-15
2020-05-16,rm,6.30129791145139,2020,2020-05-16
2020-05-17,rm,6.18198222784779,2020,2020-05-17
2020-05-18,rm,5.85820697722518,2020,2020-05-18
2020-05-19,rm,5.57114172024748,2020,2020-05-19
2020-05-20,rm,5.33478697920936,2020,2020-05-20
2020-05-21,rm,5.16761590713965,2020,2020-05-21
2020-05-22,rm,5.08325794989833,2020,2020-05-22
2020-05-23,rm,5.01795309543776,2020,2020-05-23
2020-05-24,rm,4.9189563151013,2020,2020-05-24
2020-05-25,rm,4.99321589253931,2020,2020-05-25
2020-05-26,rm,5.13151019980944,2020,2020-05-26
2020-05-27,rm,4.98617730379434,2020,2020-05-27
2020-05-28,rm,5.05973951301672,2020,2020-05-28
2020-05-29,rm,5.08415461051268,2020,2020-05-29
2020-05-30,rm,5.12901190022494,2020,2020-05-30
2020-05-31,rm,5.09965114932932,2020,2020-05-31
2020-06-01,rm,4.94507683323581,2020,2020-06-01
2020-06-02,rm,4.65713771891544,2020,2020-06-02
2020-06-03,rm,4.27856264000249,2020,2020-06-03
2020-06-04,rm,4.18883109509143,2020,2020-06-04
2020-06-05,rm,4.27449249948467,2020,2020-06-05
2020-06-06,rm,4.27761486841615,2020,2020-06-06
2020-06-07,rm,4.34724397448028,2020,2020-06-07
2020-06-08,rm,4.41473141790605,2020,2020-06-08
2020-06-09,rm,4.05075207278068,2020,2020-06-09
2020-06-10,rm,3.82737131033552,2020,2020-06-10
2020-06-11,rm,3.63492455276716,2020,2020-06-11
2020-06-12,rm,3.22733306951286,2020,2020-06-12
2020-06-13,rm,3.00021240361635,2020,2020-06-13
2020-06-14,rm,2.98783437967911,2020,2020-06-14
2020-06-15,rm,3.01810082822255,2020,2020-06-15
2020-06-16,rm,3.02097187941082,2020,2020-06-16
2020-06-17,rm,3.01028519785979,2020,2020-06-17
2020-06-18,rm,3.00236234780885,2020,2020-06-18
2020-06-19,rm,3.06975829141332,2020,2020-06-19
2020-06-20,rm,3.12590221419811,2020,2020-06-20
2020-06-21,rm,3.00508512722406,2020,2020-06-21
2020-06-22,rm,2.81771462123567,2020,2020-06-22
2020-06-23,rm,2.58530631801514,2020,2020-06-23
2020-06-24,rm,2.47824850314693,2020,2020-06-24
2020-06-25,rm,2.28194099927957,2020,2020-06-25
2020-06-26,rm,2.06321056607065,2020,2020-06-26
2020-06-27,rm,1.76792910376229,2020,2020-06-27
2020-06-28,rm,1.40833064625509,2020,2020-06-28
2020-06-29,rm,1.37671393166663,2020,2020-06-29
2020-06-30,rm,1.33704284440323,2020,2020-06-30
2020-07-01,rm,1.31322493515842,2020,2020-07-01
2020-07-02,rm,1.25549147792606,2020,2020-07-02
2020-07-03,rm,1.16932211084404,2020,2020-07-03
2020-07-04,rm,1.14821124930674,2020,2020-07-04
2020-07-05,rm,1.04523403002396,2020,2020-07-05
2020-07-06,rm,0.894529586935194,2020,2020-07-06
2020-07-07,rm,0.829105828655265,2020,2020-07-07
2020-07-08,rm,0.721572943248109,2020,2020-07-08
2020-07-09,rm,0.650375962885045,2020,2020-07-09
2020-07-10,rm,0.629836707478643,2020,2020-07-10
2020-07-11,rm,0.67034956061827,2020,2020-07-11
2020-07-12,rm,0.65670010991909,2020,2020-07-12
2020-07-13,rm,0.623580371218994,2020,2020-07-13
2020-07-14,rm,0.600124314640968,2020,2020-07-14
2020-07-15,rm,0.588369588732683,2020,2020-07-15
2020-07-16,rm,0.600025361137842,2020,2020-07-16
2020-07-17,rm,0.580431703894502,2020,2020-07-17
2020-07-18,rm,0.580714585274184,2020,2020-07-18
2020-07-19,rm,0.54580742003681,2020,2020-07-19
2020-07-20,rm,0.524221000694241,2020,2020-07-20
2020-07-21,rm,0.522248172572444,2020,2020-07-21
2020-07-22,rm,0.521243246893676,2020,2020-07-22
2020-07-23,rm,0.493798374277825,2020,2020-07-23
2020-07-24,rm,0.515274789016427,2020,2020-07-24
2020-07-25,rm,0.520787358446542,2020,2020-07-25
2020-07-26,rm,0.527714757399765,2020,2020-07-26
2020-07-27,rm,0.506858156193793,2020,2020-07-27
2020-07-28,rm,0.504913408900604,2020,2020-07-28
2020-07-29,rm,0.503099767107452,2020,2020-07-29
2020-07-30,rm,0.499340758519619,2020,2020-07-30
2020-07-31,rm,0.469658614851401,2020,2020-07-31
2020-08-01,rm,0.461469582456498,2020,2020-08-01
2020-08-02,rm,0.464146814399109,2020,2020-08-02
2020-08-03,rm,0.479723648840554,2020,2020-08-03
2020-08-04,rm,0.528025169794353,2020,2020-08-04
2020-08-05,rm,0.578087109473947,2020,2020-08-05
2020-08-06,rm,0.580917788597036,2020,2020-08-06
2020-08-07,rm,0.581054353550186,2020,2020-08-07
2020-08-08,rm,0.535918915867371,2020,2020-08-08
2020-08-09,rm,0.493956836383283,2020,2020-08-09
2020-08-10,rm,0.468710528723666,2020,2020-08-10
2020-08-11,rm,0.452662506188455,2020,2020-08-11
2020-08-12,rm,0.421793028530145,2020,2020-08-12
2020-08-13,rm,0.375706168683195,2020,2020-08-13
2020-08-14,rm,0.321401025655039,2020,2020-08-14
2020-08-15,rm,0.246250092709472,2020,2020-08-15
2020-08-16,rm,0.234998905099649,2020,2020-08-16
2020-08-17,rm,0.24457067468007,2020,2020-08-17
2020-08-18,rm,0.267662507057534,2020,2020-08-18
2020-08-19,rm,0.27276480697253,2020,2020-08-19
2020-08-20,rm,0.270372156148981,2020,2020-08-20
2020-08-21,rm,0.244773663160143,2020,2020-08-21
2020-08-22,rm,0.238561102450826,2020,2020-08-22
2020-08-23,rm,0.250543669393824,2020,2020-08-23
2020-08-24,rm,0.280762666264667,2020,2020-08-24
2020-08-25,rm,0.30069084723562,2020,2020-08-25
2020-08-26,rm,0.301336920472263,2020,2020-08-26
2020-08-27,rm,0.306560007160785,2020,2020-08-27
2020-08-28,rm,0.312287301211464,2020,2020-08-28
2020-08-29,rm,0.359445925786225,2020,2020-08-29
2020-08-30,rm,0.418653325473885,2020,2020-08-30
2020-08-31,rm,0.489773819939086,2020,2020-08-31
2020-09-01,rm,0.509360246077104,2020,2020-09-01
2020-09-02,rm,0.560214781028806,2020,2020-09-02
2020-09-03,rm,0.617589946275453,2020,2020-09-03
2020-09-04,rm,0.62077386070474,2020,2020-09-04
2020-09-05,rm,0.622622148520871,2020,2020-09-05
2020-09-06,rm,0.656804965466923,2020,2020-09-06
2020-09-07,rm,0.732828492605551,2020,2020-09-07
2020-09-08,rm,0.758350671521021,2020,2020-09-08
2020-09-09,rm,0.762071754065128,2020,2020-09-09
2020-09-10,rm,0.766195830091094,2020,2020-09-10
2020-09-11,rm,0.764740404005712,2020,2020-09-11
2020-09-12,rm,0.765698292787263,2020,2020-09-12
2020-09-13,rm,0.764896359678872,2020,2020-09-13
2020-09-14,rm,0.755344472211473,2020,2020-09-14
2020-09-15,rm,0.733149955616638,2020,2020-09-15
2020-09-16,rm,0.731090914875064,2020,2020-09-16
2020-09-17,rm,0.746766370409474,2020,2020-09-17
2020-09-18,rm,0.786497239097082,2020,2020-09-18
2020-09-19,rm,0.812546428079503,2020,2020-09-19
2020-09-20,rm,0.819471217282781,2020,2020-09-20
2020-09-21,rm,0.815395668291079,2020,2020-09-21
2020-09-22,rm,0.822143574477918,2020,2020-09-22
2020-09-23,rm,0.866928875802544,2020,2020-09-23
2020-09-24,rm,0.894855806211085,2020,2020-09-24
2020-09-25,rm,1.13200605531336,2020,2020-09-25
2020-09-26,rm,1.57150781132669,2020,2020-09-26
2020-09-27,rm,1.9332908569343,2020,2020-09-27
2020-09-28,rm,2.2624885747735,2020,2020-09-28
2020-09-29,rm,2.46527842919836,2020,2020-09-29
2020-09-30,rm,2.54472611627343,2020,2020-09-30
2020-10-01,rm,2.66732374653113,2020,2020-10-01
2020-10-02,rm,2.75580903886736,2020,2020-10-02
2020-10-03,rm,2.83136214906826,2020,2020-10-03
2020-10-04,rm,2.97193191494022,2020,2020-10-04
2020-10-05,rm,3.15013806065809,2020,2020-10-05
2020-10-06,rm,3.36964071917797,2020,2020-10-06
2020-10-07,rm,3.6398212852103,2020,2020-10-07
2020-10-08,rm,3.88179574743912,2020,2020-10-08
2020-10-09,rm,4.03318914801428,2020,2020-10-09
2020-10-10,rm,4.27303818523661,2020,2020-10-10
2020-10-11,rm,4.7660714273421,2020,2020-10-11
2020-10-12,rm,5.29496044954056,2020,2020-10-12
2020-10-13,rm,5.82435012752221,2020,2020-10-13
2020-10-14,rm,6.33579863978041,2020,2020-10-14
2020-10-15,rm,6.83757322402916,2020,2020-10-15
2020-10-16,rm,7.31823795600378,2020,2020-10-16
2020-10-17,rm,7.79224138457163,2020,2020-10-17
2020-10-18,rm,8.25165063059126,2020,2020-10-18
2020-10-19,rm,8.7179882974619,2020,2020-10-19
2020-10-20,rm,9.15610784202507,2020,2020-10-20
2020-10-21,rm,9.50509779173422,2020,2020-10-21
2020-10-22,rm,9.84927005004706,2020,2020-10-22
2020-10-23,rm,9.95010213143693,2020,2020-10-23
2020-10-24,rm,9.71145741547844,2020,2020-10-24
2020-10-25,rm,9.66251923594783,2020,2020-10-25
2020-10-26,rm,9.53054500622018,2020,2020-10-26
2020-10-27,rm,9.71482582887101,2020,2020-10-27
2020-10-28,rm,10.0077303488187,2020,2020-10-28
2020-10-29,rm,10.2720851074556,2020,2020-10-29
2020-10-30,rm,10.56490309423,2020,2020-10-30
2020-10-31,rm,10.7500240539773,2020,2020-10-31
2020-11-01,rm,10.9774554484311,2020,2020-11-01
2020-11-02,rm,10.8032271294792,2020,2020-11-02
2020-11-03,rm,10.6800870101015,2020,2020-11-03
2020-11-04,rm,10.7949449959118,2020,2020-11-04
2020-11-05,rm,11.0178596456852,2020,2020-11-05
2020-11-06,rm,11.4069233786641,2020,2020-11-06
2020-11-07,rm,11.6892401441239,2020,2020-11-07
2020-11-08,rm,11.7414478386491,2020,2020-11-08
2020-11-09,rm,11.7716999498073,2020,2020-11-09
2020-11-10,rm,11.8008769334507,2020,2020-11-10
2020-11-11,rm,11.8451706189719,2020,2020-11-11
2020-11-12,rm,11.8753107250975,2020,2020-11-12
2020-11-13,rm,11.895788663029,2020,2020-11-13
2020-11-14,rm,11.9179956561112,2020,2020-11-14
2020-11-15,rm,11.9822609174321,2020,2020-11-15
2020-11-16,rm,12.0079231066837,2020,2020-11-16
2020-11-17,rm,12.0439694760925,2020,2020-11-17
2020-11-18,rm,12.1771524913817,2020,2020-11-18
2020-11-19,rm,12.3408105120017,2020,2020-11-19
2020-11-20,rm,12.5991656726248,2020,2020-11-20
2020-11-21,rm,13.0798745908796,2020,2020-11-21
2020-11-22,rm,13.413957884044,2020,2020-11-22
2020-11-23,rm,13.7435688307105,2020,2020-11-23
2020-11-24,rm,13.9225176659895,2020,2020-11-24
2020-11-25,rm,14.1653858841996,2020,2020-11-25
2020-11-26,rm,14.4431048243203,2020,2020-11-26
2020-11-27,rm,14.7994407764377,2020,2020-11-27
2020-11-28,rm,15.2696667867966,2020,2020-11-28
2020-11-29,rm,15.5884233922138,2020,2020-11-29
2020-11-30,rm,16.2529321657726,2020,2020-11-30
2020-12-01,rm,16.9390384602107,2020,2020-12-01
2020-12-02,rm,17.3624037796247,2020,2020-12-02
2020-12-03,rm,17.6868698904999,2020,2020-12-03
2020-12-04,rm,17.8458534315502,2020,2020-12-04
2020-12-05,rm,17.8969324848847,2020,2020-12-05
2020-12-06,rm,17.8843130765216,2020,2020-12-06
2020-12-07,rm,17.9233628008471,2020,2020-12-07
2020-12-08,rm,18.0242277843388,2020,2020-12-08
2020-12-09,rm,18.132035365873,2020,2020-12-09
2020-12-10,rm,18.3016967373741,2020,2020-12-10
2020-12-11,rm,18.4897817615067,2020,2020-12-11
2020-12-12,rm,18.6647087458441,2020,2020-12-12
2020-12-13,rm,18.7820421464395,2020,2020-12-13
2020-12-14,rm,18.9431099617667,2020,2020-12-14
2020-12-15,rm,19.1212223403531,2020,2020-12-15
2020-12-16,rm,19.265481639044,2020,2020-12-16
2020-12-17,rm,19.4090008086634,2020,2020-12-17
2020-12-18,rm,19.5086622894252,2020,2020-12-18
2020-12-19,rm,19.5027729416406,2020,2020-12-19
2020-12-20,rm,19.5056330893599,2020,2020-12-20
2020-12-21,rm,19.5536353227441,2020,2020-12-21
2020-12-22,rm,19.4391253623151,2020,2020-12-22
2020-12-23,rm,19.2004505539794,2020,2020-12-23
2020-12-24,rm,19.0089254957518,2020,2020-12-24
2020-12-25,rm,18.9316141944121,2020,2020-12-25
2020-12-26,rm,18.9959546970829,2020,2020-12-26
2020-12-27,rm,19.1430638365524,2020,2020-12-27
2020-12-28,rm,19.1069290397376,2020,2020-12-28
2020-12-29,rm,18.9918008889318,2020,2020-12-29
2020-12-30,rm,18.8912426119397,2020,2020-12-30
2020-12-31,rm,18.8603099603062,2020,2020-12-31
2021-01-01,rm,18.965496906501,2021,2020-01-01
2021-01-02,rm,19.1146414072905,2021,2020-01-02
2021-01-03,rm,19.2698204505681,2021,2020-01-03
2021-01-04,rm,19.4030049993271,2021,2020-01-04
2021-01-05,rm,19.4752479287235,2021,2020-01-05
2021-01-06,rm,19.5604741519657,2021,2020-01-06
2021-01-07,rm,19.6325513018287,2021,2020-01-07
2021-01-08,rm,19.7279255352785,2021,2020-01-08
2021-01-09,rm,19.8778558794518,2021,2020-01-09
2021-01-10,rm,20.1081149359878,2021,2020-01-10
2021-01-11,rm,20.3781124881446,2021,2020-01-11
2021-01-12,rm,20.5805540516373,2021,2020-01-12
2021-01-13,rm,20.6582541694995,2021,2020-01-13
2021-01-14,rm,20.7428941925148,2021,2020-01-14
2021-01-15,rm,20.8872581240725,2021,2020-01-15
2021-01-16,rm,21.0522554597239,2021,2020-01-16
2021-01-17,rm,21.2291735671035,2021,2020-01-17
2021-01-18,rm,21.3698164473288,2021,2020-01-18
2021-01-19,rm,21.5554361448612,2021,2020-01-19
2021-01-20,rm,21.7483749341264,2021,2020-01-20
2021-01-21,rm,21.8763681704705,2021,2020-01-21
2021-01-22,rm,21.7545346158207,2021,2020-01-22
2021-01-23,rm,21.5772248427036,2021,2020-01-23
2021-01-24,rm,21.4504011641234,2021,2020-01-24
2021-01-25,rm,21.5294269018554,2021,2020-01-25
2021-01-26,rm,21.6220577200542,2021,2020-01-26
2021-01-27,rm,21.7035801231123,2021,2020-01-27
2021-01-28,rm,21.6316027625347,2021,2020-01-28
2021-01-29,rm,21.4030383605279,2021,2020-01-29
2021-01-30,rm,21.281694345126,2021,2020-01-30
2021-01-31,rm,21.336638954289,2021,2020-01-31
2021-02-01,rm,21.3434574986738,2021,2020-02-01
2021-02-02,rm,21.2418963747771,2021,2020-02-02
2021-02-03,rm,21.0432256635372,2021,2020-02-03
2021-02-04,rm,20.749662286148,2021,2020-02-04
2021-02-05,rm,20.4895404540457,2021,2020-02-05
2021-02-06,rm,20.2432756550864,2021,2020-02-06
2021-02-07,rm,19.980401032041,2021,2020-02-07
2021-02-08,rm,19.7442948938588,2021,2020-02-08
2021-02-09,rm,19.5975875572568,2021,2020-02-09
2021-02-10,rm,19.6000073515774,2021,2020-02-10
2021-02-11,rm,19.7790219464126,2021,2020-02-11
2021-02-12,rm,19.9447781404778,2021,2020-02-12
2021-02-13,rm,20.0585751799619,2021,2020-02-13
2021-02-14,rm,20.1208868797329,2021,2020-02-14
2021-02-15,rm,20.2020014310791,2021,2020-02-15
2021-02-16,rm,20.1577294711256,2021,2020-02-16
2021-02-17,rm,20.0745358849223,2021,2020-02-17
2021-02-18,rm,20.0002323823911,2021,2020-02-18
2021-02-19,rm,20.0336129743931,2021,2020-02-19
2021-02-20,rm,20.0101549291996,2021,2020-02-20
2021-02-21,rm,19.8631523609925,2021,2020-02-21
2021-02-22,rm,19.6404598708568,2021,2020-02-22
2021-02-23,rm,19.3764230250546,2021,2020-02-23
2021-02-24,rm,19.069748384851,2021,2020-02-24
2021-02-25,rm,18.8522198030357,2021,2020-02-25
2021-02-26,rm,18.7232574571801,2021,2020-02-26
2021-02-27,rm,18.6973344511132,2021,2020-02-27
2021-02-28,rm,18.5891383352559,2021,2020-02-28
2021-03-01,rm,18.4641645593254,2021,2020-03-01
2021-03-02,rm,18.4429694969325,2021,2020-03-02
2021-03-03,rm,18.4623457461018,2021,2020-03-03
2021-03-04,rm,18.4695037191998,2021,2020-03-04
2021-03-05,rm,18.5322904304655,2021,2020-03-05
2021-03-06,rm,18.6716482625918,2021,2020-03-06
2021-03-07,rm,18.7358688586121,2021,2020-03-07
2021-03-08,rm,18.6812306462587,2021,2020-03-08
2021-03-09,rm,18.6468877643562,2021,2020-03-09
2021-03-10,rm,18.5867964349105,2021,2020-03-10
2021-03-11,rm,18.2398394645025,2021,2020-03-11
2021-03-12,rm,17.7450345216504,2021,2020-03-12
2021-03-13,rm,17.2468201403133,2021,2020-03-13
2021-03-14,rm,16.9035236290963,2021,2020-03-14
2021-03-15,rm,16.6424050715692,2021,2020-03-15
2021-03-16,rm,16.5867733560323,2021,2020-03-16
2021-03-17,rm,16.6756038009528,2021,2020-03-17
2021-03-18,rm,16.8152863576667,2021,2020-03-18
2021-03-19,rm,16.9995979072297,2021,2020-03-19
2021-03-20,rm,17.2157983693851,2021,2020-03-20
2021-03-21,rm,17.4132441964959,2021,2020-03-21
2021-03-22,rm,17.5196618218997,2021,2020-03-22
2021-03-23,rm,17.6284983459965,2021,2020-03-23
2021-03-24,rm,17.7155417177801,2021,2020-03-24
2021-03-25,rm,17.7492054565945,2021,2020-03-25
2021-03-26,rm,17.729240979059,2021,2020-03-26
2021-03-27,rm,17.6118448525521,2021,2020-03-27
2021-03-28,rm,17.463789045999,2021,2020-03-28
2021-03-29,rm,17.2436427887083,2021,2020-03-29
2021-03-30,rm,16.8084805567475,2021,2020-03-30
2021-03-31,rm,16.3751173170281,2021,2020-03-31
2021-04-01,rm,15.9804306367505,2021,2020-04-01
2021-04-02,rm,15.6349820658041,2021,2020-04-02
2021-04-03,rm,15.45134836338,2021,2020-04-03
2021-04-04,rm,15.3513344735468,2021,2020-04-04
2021-04-05,rm,15.1888884776252,2021,2020-04-05
2021-04-06,rm,15.2291696343726,2021,2020-04-06
2021-04-07,rm,15.2863972942244,2021,2020-04-07
2021-04-08,rm,15.3618010170481,2021,2020-04-08
2021-04-09,rm,15.3710107596327,2021,2020-04-09
2021-04-10,rm,15.260874260142,2021,2020-04-10
2021-04-11,rm,14.9331441338689,2021,2020-04-11
2021-04-12,rm,14.8333628086771,2021,2020-04-12
2021-04-13,rm,14.8684528565465,2021,2020-04-13
2021-04-14,rm,14.837377686708,2021,2020-04-14
2021-04-15,rm,14.7601949874799,2021,2020-04-15
2021-04-16,rm,14.6147611141777,2021,2020-04-16
2021-04-17,rm,14.3761142274128,2021,2020-04-17
2021-04-18,rm,14.1349293953233,2021,2020-04-18
2021-04-19,rm,13.9809998987687,2021,2020-04-19
2021-04-20,rm,13.8177636839763,2021,2020-04-20
2021-04-21,rm,13.6479955281739,2021,2020-04-21
2021-04-22,rm,13.5788223128649,2021,2020-04-22
2021-04-23,rm,13.5948531832074,2021,2020-04-23
2021-04-24,rm,13.5398837184488,2021,2020-04-24
2021-04-25,rm,13.4568667150487,2021,2020-04-25
2021-04-26,rm,13.5498997766099,2021,2020-04-26
2021-04-27,rm,13.8403908593771,2021,2020-04-27
2021-04-28,rm,13.9988181395771,2021,2020-04-28
2021-04-29,rm,14.0415718698635,2021,2020-04-29
2021-04-30,rm,13.8972130455919,2021,2020-04-30
2021-05-01,rm,13.4846458858039,2021,2020-05-01
2021-05-02,rm,13.2889472586135,2021,2020-05-02
2021-05-03,rm,13.2503115049017,2021,2020-05-03
2021-05-04,rm,12.7500134332148,2021,2020-05-04
2021-05-05,rm,12.3990903858098,2021,2020-05-05
2021-05-06,rm,12.1643690147024,2021,2020-05-06
2021-05-07,rm,12.0773042008233,2021,2020-05-07
2021-05-08,rm,12.0796337989261,2021,2020-05-08
2021-05-09,rm,11.8437837737981,2021,2020-05-09
2021-05-10,rm,11.3199639379647,2021,2020-05-10
2021-05-11,rm,10.6884844667342,2021,2020-05-11
2021-05-12,rm,10.2770766653826,2021,2020-05-12
2021-05-13,rm,9.9364654586985,2021,2020-05-13
2021-05-14,rm,9.53873157021711,2021,2020-05-14
2021-05-15,rm,9.20265234455724,2021,2020-05-15
2021-05-16,rm,8.82417023347608,2021,2020-05-16
2021-05-17,rm,8.59158815868391,2021,2020-05-17
2021-05-18,rm,8.37191222212509,2021,2020-05-18
2021-05-19,rm,8.30928983915698,2021,2020-05-19
2021-05-20,rm,8.14995857529822,2021,2020-05-20
2021-05-21,rm,7.88340886481699,2021,2020-05-21
2021-05-22,rm,7.69252954499806,2021,2020-05-22
2021-05-23,rm,7.67168143272969,2021,2020-05-23
2021-05-24,rm,7.54454911903001,2021,2020-05-24
2021-05-25,rm,7.47913986650493,2021,2020-05-25
2021-05-26,rm,7.3848343471593,2021,2020-05-26
2021-05-27,rm,7.48391784592268,2021,2020-05-27
2021-05-28,rm,7.51555389404413,2021,2020-05-28
2021-05-29,rm,7.5513494273193,2021,2020-05-29
2021-05-30,rm,7.44015491030193,2021,2020-05-30
2021-05-31,rm,7.15532211908361,2021,2020-05-31
2021-06-01,rm,6.97893673093111,2021,2020-06-01
2021-06-02,rm,6.61437416327701,2021,2020-06-02
2021-06-03,rm,6.18673438314372,2021,2020-06-03
2021-06-04,rm,5.76113696387125,2021,2020-06-04
2021-06-05,rm,5.39018991636226,2021,2020-06-05
2021-06-06,rm,5.38943519231301,2021,2020-06-06
2021-06-07,rm,5.40832751505491,2021,2020-06-07
2021-06-08,rm,5.38121726072949,2021,2020-06-08
2021-06-09,rm,5.17033037200457,2021,2020-06-09
2021-06-10,rm,4.88767858967617,2021,2020-06-10
2021-06-11,rm,4.69764669490893,2021,2020-06-11
2021-06-12,rm,4.46351309743241,2021,2020-06-12
2021-06-13,rm,4.29710292607226,2021,2020-06-13
2021-06-14,rm,4.01443107190524,2021,2020-06-14
2021-06-15,rm,3.76729588835473,2021,2020-06-15
2021-06-16,rm,3.42636928460598,2021,2020-06-16
2021-06-17,rm,3.14683615485881,2021,2020-06-17
2021-06-18,rm,2.96563022537992,2021,2020-06-18
2021-06-19,rm,2.75038328201821,2021,2020-06-19
2021-06-20,rm,2.36674813262493,2021,2020-06-20
2021-06-21,rm,2.00686124069368,2021,2020-06-21
2021-06-22,rm,1.60662390382283,2021,2020-06-22
2021-06-23,rm,1.40270762421139,2021,2020-06-23
2021-06-24,rm,1.15948003675576,2021,2020-06-24
2021-06-25,rm,1.01649918687287,2021,2020-06-25
2021-06-26,rm,0.842235119275137,2021,2020-06-26
2021-06-27,rm,0.552344126086007,2021,2020-06-27
2021-06-28,rm,0.37992556179902,2021,2020-06-28
2021-06-29,rm,0.318687866366484,2021,2020-06-29
2021-06-30,rm,0.338408149838899,2021,2020-06-30
2021-07-01,rm,0.386927846663747,2021,2020-07-01
2021-07-02,rm,0.403602972120914,2021,2020-07-02
2021-07-03,rm,0.385949215671296,2021,2020-07-03
2021-07-04,rm,0.363082062380396,2021,2020-07-04
2021-07-05,rm,0.345781860431364,2021,2020-07-05
2021-07-06,rm,0.320461930053688,2021,2020-07-06
2021-07-07,rm,0.296889820760837,2021,2020-07-07
2021-07-08,rm,0.282626306452095,2021,2020-07-08
2021-07-09,rm,0.284044814492503,2021,2020-07-09
2021-07-10,rm,0.284730429481193,2021,2020-07-10
2021-07-11,rm,0.304864058963676,2021,2020-07-11
2021-07-12,rm,0.303172864847012,2021,2020-07-12
2021-07-13,rm,0.310270348524279,2021,2020-07-13
2021-07-14,rm,0.362209201350961,2021,2020-07-14
2021-07-15,rm,0.405646059634738,2021,2020-07-15
2021-07-16,rm,0.434174710961188,2021,2020-07-16
2021-07-17,rm,0.453141456860134,2021,2020-07-17
2021-07-18,rm,0.47091093263385,2021,2020-07-18
2021-07-19,rm,0.474085474604736,2021,2020-07-19
2021-07-20,rm,0.476102390974519,2021,2020-07-20
2021-07-21,rm,0.475947668374022,2021,2020-07-21
2021-07-22,rm,0.470579521040275,2021,2020-07-22
2021-07-23,rm,0.445119400352439,2021,2020-07-23
2021-07-24,rm,0.439069246760525,2021,2020-07-24
2021-07-25,rm,0.4412759906547,2021,2020-07-25
2021-07-26,rm,0.445813718944842,2021,2020-07-26
2021-07-27,rm,0.446273160911855,2021,2020-07-27
2021-07-28,rm,0.398969920523937,2021,2020-07-28
2021-07-29,rm,0.337104883191758,2021,2020-07-29
2021-07-30,rm,0.307474033503608,2021,2020-07-30
2021-07-31,rm,0.304822135438574,2021,2020-07-31
2021-08-01,rm,0.341874212447666,2021,2020-08-01
2021-08-02,rm,0.373249288221376,2021,2020-08-02
2021-08-03,rm,0.41120027085492,2021,2020-08-03
2021-08-04,rm,0.45909407706151,2021,2020-08-04
2021-08-05,rm,0.488484064520956,2021,2020-08-05
2021-08-06,rm,0.483059837776297,2021,2020-08-06
2021-08-07,rm,0.483760947109012,2021,2020-08-07
2021-08-08,rm,0.492301297043512,2021,2020-08-08
2021-08-09,rm,0.503353879363159,2021,2020-08-09
2021-08-10,rm,0.497874262896835,2021,2020-08-10
2021-08-11,rm,0.445932204360504,2021,2020-08-11
2021-08-12,rm,0.402495346076727,2021,2020-08-12
2021-08-13,rm,0.373966694750278,2021,2020-08-13
2021-08-14,rm,0.354999948851332,2021,2020-08-14
2021-08-15,rm,0.337230473077615,2021,2020-08-15
2021-08-16,rm,0.345446135536252,2021,2020-08-16
2021-08-17,rm,0.393222476540501,2021,2020-08-17
2021-08-18,rm,0.439390779166952,2021,2020-08-18
2021-08-19,rm,0.452052158913405,2021,2020-08-19
2021-08-20,rm,0.457592355500042,2021,2020-08-20
2021-08-21,rm,0.459830331276018,2021,2020-08-21
2021-08-22,rm,0.461232167859051,2021,2020-08-22
2021-08-23,rm,0.488120329054251,2021,2020-08-23
2021-08-24,rm,0.536218352120849,2021,2020-08-24
2021-08-25,rm,0.587966509556759,2021,2020-08-25
2021-08-26,rm,0.683069218732638,2021,2020-08-26
2021-08-27,rm,0.806990807406282,2021,2020-08-27
2021-08-28,rm,0.969388935844842,2021,2020-08-28
2021-08-29,rm,1.07628925684061,2021,2020-08-29
2021-08-30,rm,1.17142139548965,2021,2020-08-30
2021-08-31,rm,1.22043231553483,2021,2020-08-31
2021-09-01,rm,1.23237597936196,2021,2020-09-01
2021-09-02,rm,1.23596786419404,2021,2020-09-02
2021-09-03,rm,1.24006527061701,2021,2020-09-03
2021-09-04,rm,1.26252130686733,2021,2020-09-04
2021-09-05,rm,1.25413958149342,2021,2020-09-05
2021-09-06,rm,1.26898914549085,2021,2020-09-06
2021-09-07,rm,1.29782129116217,2021,2020-09-07
2021-09-08,rm,1.32502709809708,2021,2020-09-08
2021-09-09,rm,1.34835113012603,2021,2020-09-09
2021-09-10,rm,1.36294710609453,2021,2020-09-10
2021-09-11,rm,1.38764851373505,2021,2020-09-11
2021-09-12,rm,1.41051821310427,2021,2020-09-12
2021-09-13,rm,1.41950888855419,2021,2020-09-13
2021-09-14,rm,1.37472519504302,2021,2020-09-14
2021-09-15,rm,1.33294472950854,2021,2020-09-15
2021-09-16,rm,1.3388039497015,2021,2020-09-16
2021-09-17,rm,1.37592811358354,2021,2020-09-17
2021-09-18,rm,1.43673920899781,2021,2020-09-18
2021-09-19,rm,1.55543616103325,2021,2020-09-19
2021-09-20,rm,1.75143557677799,2021,2020-09-20
2021-09-21,rm,1.90732665785333,2021,2020-09-21
2021-09-22,rm,2.11773554295082,2021,2020-09-22
2021-09-23,rm,2.17063440654353,2021,2020-09-23
2021-09-24,rm,2.09639298619894,2021,2020-09-24
2021-09-25,rm,1.95823520244378,2021,2020-09-25
2021-09-26,rm,1.80750280770127,2021,2020-09-26
2021-09-27,rm,1.70065578875532,2021,2020-09-27
2021-09-28,rm,1.65084890360135,2021,2020-09-28
2021-09-29,rm,1.6758029465974,2021,2020-09-29
2021-09-30,rm,1.85151474314357,2021,2020-09-30
2021-10-01,rm,2.05332459482864,2021,2020-10-01
2021-10-02,rm,2.12984594798631,2021,2020-10-02
2021-10-03,rm,2.15043013825454,2021,2020-10-03
2021-10-04,rm,2.19447570676977,2021,2020-10-04
2021-10-05,rm,2.24207661114838,2021,2020-10-05
2021-10-06,rm,2.48924423266741,2021,2020-10-06
2021-10-07,rm,2.86069429600368,2021,2020-10-07
2021-10-08,rm,3.22165058890769,2021,2020-10-08
2021-10-09,rm,3.65774338218532,2021,2020-10-09
2021-10-10,rm,4.16191336404175,2021,2020-10-10
2021-10-11,rm,4.58484674522196,2021,2020-10-11
2021-10-12,rm,5.0503678566799,2021,2020-10-12
2021-10-13,rm,5.57254588166061,2021,2020-10-13
2021-10-14,rm,6.07222686967546,2021,2020-10-14
2021-10-15,rm,6.45092895951109,2021,2020-10-15
2021-10-16,rm,6.83141283578576,2021,2020-10-16
2021-10-17,rm,7.19394625310999,2021,2020-10-17
2021-10-18,rm,7.42870372614268,2021,2020-10-18
2021-10-19,rm,7.62068072027977,2021,2020-10-19
2021-10-20,rm,7.46695329737667,2021,2020-10-20
2021-10-21,rm,7.52466303630425,2021,2020-10-21
2021-10-22,rm,7.89049896460169,2021,2020-10-22
2021-10-23,rm,8.34998661256119,2021,2020-10-23
2021-10-24,rm,8.86937636170705,2021,2020-10-24
2021-10-25,rm,9.35182639863076,2021,2020-10-25
2021-10-26,rm,9.8197749983458,2021,2020-10-26
2021-10-27,rm,10.2065226266113,2021,2020-10-27
2021-10-28,rm,10.4732879466507,2021,2020-10-28
2021-10-29,rm,10.7142753997523,2021,2020-10-29
2021-10-30,rm,11.0693942437371,2021,2020-10-30
2021-10-31,rm,11.4499919884956,2021,2020-10-31
2021-11-01,rm,11.8250803321779,2021,2020-11-01
2021-11-02,rm,12.2635901278812,2021,2020-11-02
2021-11-03,rm,12.4951689946358,2021,2020-11-03
2021-11-04,rm,12.5877083638368,2021,2020-11-04
2021-11-05,rm,12.7815349124447,2021,2020-11-05
2021-11-06,rm,12.912404314305,2021,2020-11-06
2021-11-07,rm,12.9616507817775,2021,2020-11-07
2021-11-08,rm,13.0647625506694,2021,2020-11-08
2021-11-09,rm,13.1722347821507,2021,2020-11-09
2021-11-10,rm,13.1744144858671,2021,2020-11-10
2021-11-11,rm,13.2018299174403,2021,2020-11-11
2021-11-12,rm,13.3479252263944,2021,2020-11-12
2021-11-13,rm,13.480386271109,2021,2020-11-13
2021-11-14,rm,13.542757769265,2021,2020-11-14
2021-11-15,rm,13.6149669301335,2021,2020-11-15
2021-11-16,rm,13.7495777769814,2021,2020-11-16
2021-11-17,rm,14.2003254088518,2021,2020-11-17
2021-11-18,rm,14.5326047559656,2021,2020-11-18
2021-11-19,rm,14.6143772236116,2021,2020-11-19
2021-11-20,rm,14.6513960783093,2021,2020-11-20
2021-11-21,rm,14.7182959894258,2021,2020-11-21
2021-11-22,rm,14.7978306899626,2021,2020-11-22
2021-11-23,rm,14.9512922903243,2021,2020-11-23
2021-11-24,rm,15.2003048342382,2021,2020-11-24
2021-11-25,rm,15.412563489386,2021,2020-11-25
2021-11-26,rm,15.6617286924916,2021,2020-11-26
2021-11-27,rm,15.9172779886436,2021,2020-11-27
2021-11-28,rm,16.2224450196281,2021,2020-11-28
2021-11-29,rm,16.5363018407097,2021,2020-11-29
2021-11-30,rm,16.7416226493659,2021,2020-11-30
2021-12-01,rm,16.8187486048722,2021,2020-12-01
2021-12-02,rm,16.9360001589969,2021,2020-12-02
2021-12-03,rm,17.1233096751045,2021,2020-12-03
2021-12-04,rm,17.285349660414,2021,2020-12-04
2021-12-05,rm,17.4160653181861,2021,2020-12-05
2021-12-06,rm,17.6136890358551,2021,2020-12-06
2021-12-07,rm,17.8295331937166,2021,2020-12-07
2021-12-08,rm,18.0995713679192,2021,2020-12-08
2021-12-09,rm,18.3134491453507,2021,2020-12-09
2021-12-10,rm,18.5489714187363,2021,2020-12-10
2021-12-11,rm,18.7287327012059,2021,2020-12-11
2021-12-12,rm,18.8919027892362,2021,2020-12-12
2021-12-13,rm,18.988783701276,2021,2020-12-13
2021-12-14,rm,19.0734115036397,2021,2020-12-14
2021-12-15,rm,19.1216618983489,2021,2020-12-15
2021-12-16,rm,19.2133830453948,2021,2020-12-16
2021-12-17,rm,19.3568079676783,2021,2020-12-17
2021-12-18,rm,19.5198088522096,2021,2020-12-18
2021-12-19,rm,19.6146956823521,2021,2020-12-19
2021-12-20,rm,19.7532947166079,2021,2020-12-20
2021-12-21,rm,19.958915200043,2021,2020-12-21
2021-12-22,rm,20.1607800288795,2021,2020-12-22
2021-12-23,rm,20.3321317681265,2021,2020-12-23
2021-12-24,rm,20.2100060587371,2021,2020-12-24
2021-12-25,rm,20.1435320522045,2021,2020-12-25
2021-12-26,rm,20.1708190503667,2021,2020-12-26
2021-12-27,rm,20.1482566363576,2021,2020-12-27
2021-12-28,rm,20.1232394342443,2021,2020-12-28
2021-12-29,rm,20.1405335933227,2021,2020-12-29
2021-12-30,rm,20.0234130762729,2021,2020-12-30
2021-12-31,rm,19.6328960712619,2021,2020-12-31
2022-01-01,rm,19.3398977889455,2022,2020-01-01
2022-01-02,rm,19.2000846707112,2022,2020-01-02
2022-01-03,rm,18.9244269101641,2022,2020-01-03
2022-01-04,rm,18.6261454158524,2022,2020-01-04
2022-01-05,rm,18.4405639171212,2022,2020-01-05
2022-01-06,rm,18.4216788575086,2022,2020-01-06
2022-01-07,rm,18.4893002279658,2022,2020-01-07
2022-01-08,rm,18.5659273507228,2022,2020-01-08
2022-01-09,rm,18.6394470189509,2022,2020-01-09
2022-01-10,rm,18.7436442491388,2022,2020-01-10
2022-01-11,rm,18.9233495264128,2022,2020-01-11
2022-01-12,rm,19.1966022565692,2022,2020-01-12
2022-01-13,rm,19.3623673215185,2022,2020-01-13
2022-01-14,rm,19.3848296148426,2022,2020-01-14
2022-01-15,rm,19.4089650179954,2022,2020-01-15
2022-01-16,rm,19.470112093259,2022,2020-01-16
2022-01-17,rm,19.3773249217315,2022,2020-01-17
2022-01-18,rm,19.2094544001952,2022,2020-01-18
2022-01-19,rm,19.0601728651426,2022,2020-01-19
2022-01-20,rm,18.9011082776846,2022,2020-01-20
2022-01-21,rm,19.1050115839647,2022,2020-01-21
2022-01-22,rm,19.1942616284198,2022,2020-01-22
2022-01-23,rm,19.1435346249952,2022,2020-01-23
2022-01-24,rm,19.1557463668045,2022,2020-01-24
2022-01-25,rm,19.2073722346467,2022,2020-01-25
2022-01-26,rm,19.3455556454894,2022,2020-01-26
2022-01-27,rm,19.5560877807114,2022,2020-01-27
2022-01-28,rm,19.8489098400269,2022,2020-01-28
2022-01-29,rm,20.0467708285527,2022,2020-01-29
2022-01-30,rm,20.0483612654778,2022,2020-01-30
2022-01-31,rm,20.2704914223913,2022,2020-01-31
2022-02-01,rm,20.4779653557005,2022,2020-02-01
2022-02-02,rm,20.4867244761165,2022,2020-02-02
2022-02-03,rm,20.3496643802246,2022,2020-02-03
2022-02-04,rm,20.0948713609892,2022,2020-02-04
2022-02-05,rm,19.8985715449348,2022,2020-02-05
2022-02-06,rm,19.7621463605091,2022,2020-02-06
2022-02-07,rm,19.6790338208789,2022,2020-02-07
2022-02-08,rm,19.5027116560638,2022,2020-02-08
2022-02-09,rm,19.1809104996753,2022,2020-02-09
2022-02-10,rm,18.9853239034817,2022,2020-02-10
2022-02-11,rm,18.9455470703394,2022,2020-02-11
2022-02-12,rm,18.9425564686339,2022,2020-02-12
2022-02-13,rm,18.9193541961556,2022,2020-02-13
2022-02-14,rm,18.9902551458446,2022,2020-02-14
2022-02-15,rm,18.9473172105177,2022,2020-02-15
2022-02-16,rm,18.7390509645867,2022,2020-02-16
2022-02-17,rm,18.4621141847478,2022,2020-02-17
2022-02-18,rm,18.1224658059697,2022,2020-02-18
2022-02-19,rm,17.9231069312697,2022,2020-02-19
2022-02-20,rm,17.7824517497957,2022,2020-02-20
2022-02-21,rm,17.6018329201694,2022,2020-02-21
2022-02-22,rm,17.450847338981,2022,2020-02-22
2022-02-23,rm,17.2630371923932,2022,2020-02-23
2022-02-24,rm,17.1346177240668,2022,2020-02-24
2022-02-25,rm,17.110057022476,2022,2020-02-25
2022-02-26,rm,17.1321270903181,2022,2020-02-26
2022-02-27,rm,17.2654274375913,2022,2020-02-27
2022-02-28,rm,17.3394684528837,2022,2020-02-28
2022-03-01,rm,17.407998390938,2022,2020-03-01
2022-03-02,rm,17.52413923081,2022,2020-03-02
2022-03-03,rm,17.6235929563231,2022,2020-03-03
2022-03-04,rm,17.7503860665704,2022,2020-03-04
2022-03-05,rm,17.868686491358,2022,2020-03-05
2022-03-06,rm,17.9892245491574,2022,2020-03-06
2022-03-07,rm,18.114809218164,2022,2020-03-07
2022-03-08,rm,18.2309149282371,2022,2020-03-08
2022-03-09,rm,18.3344869892632,2022,2020-03-09
2022-03-10,rm,18.3947850376876,2022,2020-03-10
2022-03-11,rm,18.4983943329093,2022,2020-03-11
2022-03-12,rm,18.4693983989234,2022,2020-03-12
2022-03-13,rm,18.3476505349208,2022,2020-03-13
2022-03-14,rm,18.1722521455518,2022,2020-03-14
2022-03-15,rm,18.0206184917135,2022,2020-03-15
2022-03-16,rm,17.9308632092147,2022,2020-03-16
2022-03-17,rm,18.0130295104078,2022,2020-03-17
2022-03-18,rm,18.105495451119,2022,2020-03-18
2022-03-19,rm,18.1466026724747,2022,2020-03-19
2022-03-20,rm,18.1504093019551,2022,2020-03-20
2022-03-21,rm,18.1568271081527,2022,2020-03-21
2022-03-22,rm,18.074716640087,2022,2020-03-22
2022-03-23,rm,17.9638223073758,2022,2020-03-23
2022-03-24,rm,17.8020612394941,2022,2020-03-24
2022-03-25,rm,17.5894159796144,2022,2020-03-25
2022-03-26,rm,17.316528686772,2022,2020-03-26
2022-03-27,rm,17.0133227554328,2022,2020-03-27
2022-03-28,rm,16.5471415772446,2022,2020-03-28
2022-03-29,rm,16.0226003199658,2022,2020-03-29
2022-03-30,rm,15.6501349152132,2022,2020-03-30
2022-03-31,rm,15.4657917005955,2022,2020-03-31
2022-04-01,rm,15.3388205272532,2022,2020-04-01
2022-04-02,rm,15.3019133187771,2022,2020-04-02
2022-04-03,rm,15.2460979289746,2022,2020-04-03
2022-04-04,rm,15.1178564173397,2022,2020-04-04
2022-04-05,rm,14.8782765278531,2022,2020-04-05
2022-04-06,rm,14.4552821365593,2022,2020-04-06
2022-04-07,rm,14.0065423955179,2022,2020-04-07
2022-04-08,rm,13.5962592669,2022,2020-04-08
2022-04-09,rm,13.4684246630759,2022,2020-04-09
2022-04-10,rm,13.4655012977394,2022,2020-04-10
2022-04-11,rm,13.4553556872084,2022,2020-04-11
2022-04-12,rm,13.347367960608,2022,2020-04-12
2022-04-13,rm,13.0366876486179,2022,2020-04-13
2022-04-14,rm,12.6005785234513,2022,2020-04-14
2022-04-15,rm,12.1977342137657,2022,2020-04-15
2022-04-16,rm,12.0952586117854,2022,2020-04-16
2022-04-17,rm,12.0439544739867,2022,2020-04-17
2022-04-18,rm,11.9854268774449,2022,2020-04-18
2022-04-19,rm,12.0137698047374,2022,2020-04-19
2022-04-20,rm,12.0811127027305,2022,2020-04-20
2022-04-21,rm,12.1006829830254,2022,2020-04-21
2022-04-22,rm,12.1308660072293,2022,2020-04-22
2022-04-23,rm,12.1115981577133,2022,2020-04-23
2022-04-24,rm,11.970313683146,2022,2020-04-24
2022-04-25,rm,12.0310852702652,2022,2020-04-25
2022-04-26,rm,12.2114306029352,2022,2020-04-26
2022-04-27,rm,12.2815551771449,2022,2020-04-27
2022-04-28,rm,12.0558146290777,2022,2020-04-28
2022-04-29,rm,11.7114520795011,2022,2020-04-29
2022-04-30,rm,11.2063240574279,2022,2020-04-30
2022-05-01,rm,10.7793389943443,2022,2020-05-01
2022-05-02,rm,10.330696309996,2022,2020-05-02
2022-05-03,rm,9.97294739568019,2022,2020-05-03
2022-05-04,rm,9.86199296617771,2022,2020-05-04
2022-05-05,rm,9.75817454321681,2022,2020-05-05
2022-05-06,rm,9.60083584368078,2022,2020-05-06
2022-05-07,rm,9.21184134332025,2022,2020-05-07
2022-05-08,rm,8.71884510534463,2022,2020-05-08
2022-05-09,rm,8.2704880944083,2022,2020-05-09
2022-05-10,rm,7.91620911641036,2022,2020-05-10
2022-05-11,rm,7.75670309413496,2022,2020-05-11
2022-05-12,rm,7.68103477060004,2022,2020-05-12
2022-05-13,rm,7.55851620748964,2022,2020-05-13
2022-05-14,rm,7.10867138341817,2022,2020-05-14
2022-05-15,rm,6.59561062196231,2022,2020-05-15
2022-05-16,rm,6.10452285179197,2022,2020-05-16
2022-05-17,rm,5.5850608373515,2022,2020-05-17
2022-05-18,rm,5.08761095298025,2022,2020-05-18
2022-05-19,rm,4.66356772883053,2022,2020-05-19
2022-05-20,rm,4.21254272158103,2022,2020-05-20
2022-05-21,rm,3.82902105411307,2022,2020-05-21
2022-05-22,rm,3.57598088354558,2022,2020-05-22
2022-05-23,rm,3.22048951473376,2022,2020-05-23
2022-05-24,rm,2.84527357818068,2022,2020-05-24
2022-05-25,rm,2.50301779332142,2022,2020-05-25
2022-05-26,rm,2.24204952728576,2022,2020-05-26
2022-05-27,rm,1.98354225736377,2022,2020-05-27
2022-05-28,rm,1.90940004340848,2022,2020-05-28
2022-05-29,rm,1.97564184104217,2022,2020-05-29
2022-05-30,rm,1.997836855151,2022,2020-05-30
2022-05-31,rm,1.92388540597726,2022,2020-05-31
2022-06-01,rm,1.82392647529596,2022,2020-06-01
2022-06-02,rm,1.73687224013501,2022,2020-06-02
2022-06-03,rm,1.58258702054444,2022,2020-06-03
2022-06-04,rm,1.41981130249075,2022,2020-06-04
2022-06-05,rm,1.30763790846473,2022,2020-06-05
2022-06-06,rm,1.23715577534397,2022,2020-06-06
2022-06-07,rm,1.24460717008066,2022,2020-06-07
2022-06-08,rm,1.26408928632651,2022,2020-06-08
2022-06-09,rm,1.36084238478183,2022,2020-06-09
2022-06-10,rm,1.38937752709323,2022,2020-06-10
2022-06-11,rm,1.38554385555014,2022,2020-06-11
2022-06-12,rm,1.38043755213142,2022,2020-06-12
2022-06-13,rm,1.37660650822584,2022,2020-06-13
2022-06-14,rm,1.35753941395304,2022,2020-06-14
2022-06-15,rm,1.34849421113096,2022,2020-06-15
2022-06-16,rm,1.34781823423082,2022,2020-06-16
2022-06-17,rm,1.34925322082721,2022,2020-06-17
2022-06-18,rm,1.34429366851412,2022,2020-06-18
2022-06-19,rm,1.33974477255384,2022,2020-06-19
2022-06-20,rm,1.33608257315523,2022,2020-06-20
2022-06-21,rm,1.2836588866562,2022,2020-06-21
2022-06-22,rm,1.19283760752896,2022,2020-06-22
2022-06-23,rm,1.15980054448119,2022,2020-06-23
2022-06-24,rm,1.15302649630766,2022,2020-06-24
2022-06-25,rm,1.01844899883116,2022,2020-06-25
2022-06-26,rm,0.664972269872084,2022,2020-06-26
2022-06-27,rm,0.441588025200185,2022,2020-06-27
2022-06-28,rm,0.377140414171737,2022,2020-06-28
2022-06-29,rm,0.345936913969878,2022,2020-06-29
2022-06-30,rm,0.324861752957302,2022,2020-06-30
2022-07-01,rm,0.347994576938958,2022,2020-07-01
2022-07-02,rm,0.34749152031753,2022,2020-07-02
2022-07-03,rm,0.34458687942266,2022,2020-07-03
2022-07-04,rm,0.342872461039293,2022,2020-07-04
2022-07-05,rm,0.3016558584631,2022,2020-07-05
2022-07-06,rm,0.281248001208398,2022,2020-07-06
2022-07-07,rm,0.209120235270998,2022,2020-07-07
2022-07-08,rm,0.196712712500153,2022,2020-07-08
2022-07-09,rm,0.201893525784815,2022,2020-07-09
2022-07-10,rm,0.23054146197525,2022,2020-07-10
2022-07-11,rm,0.233632079902681,2022,2020-07-11
2022-07-12,rm,0.236533963987398,2022,2020-07-12
2022-07-13,rm,0.235697348632865,2022,2020-07-13
2022-07-14,rm,0.233050168732822,2022,2020-07-14
2022-07-15,rm,0.230669738760079,2022,2020-07-15
2022-07-16,rm,0.230669738760079,2022,2020-07-16
2022-07-17,rm,0.230669738760079,2022,2020-07-17
2022-07-18,rm,0.230669738760079,2022,2020-07-18
2022-07-19,rm,0.230536360835534,2022,2020-07-19
2022-07-20,rm,0.227210157674616,2022,2020-07-20
2022-07-21,rm,0.226817805510862,2022,2020-07-21
2022-07-22,rm,0.220441994740134,2022,2020-07-22
2022-07-23,rm,0.21758999718479,2022,2020-07-23
2022-07-24,rm,0.217451471345357,2022,2020-07-24
2022-07-25,rm,0.217451471345357,2022,2020-07-25
2022-07-26,rm,0.217771664351433,2022,2020-07-26
2022-07-27,rm,0.220742338364186,2022,2020-07-27
2022-07-28,rm,0.222943261849604,2022,2020-07-28
2022-07-29,rm,0.198906983719655,2022,2020-07-29
2022-07-30,rm,0.21911133582275,2022,2020-07-30
2022-07-31,rm,0.223308850772889,2022,2020-07-31
2022-08-01,rm,0.220656183298562,2022,2020-08-01
2022-08-02,rm,0.216030763496292,2022,2020-08-02
2022-08-03,rm,0.209355264995381,2022,2020-08-03
2022-08-04,rm,0.17925786087584,2022,2020-08-04
2022-08-05,rm,0.13553642006145,2022,2020-08-05
2022-08-06,rm,0.111549788435834,2022,2020-08-06
2022-08-07,rm,0.0839520732737779,2022,2020-08-07
2022-08-08,rm,0.0648404687677709,2022,2020-08-08
2022-08-09,rm,0.058767045290164,2022,2020-08-09
2022-08-10,rm,0.0609235542952269,2022,2020-08-10
2022-08-11,rm,0.0631796375973144,2022,2020-08-11
2022-08-12,rm,0.0902382421029815,2022,2020-08-12
2022-08-13,rm,0.116316868928542,2022,2020-08-13
2022-08-14,rm,0.118894158495916,2022,2020-08-14
2022-08-15,rm,0.123998713136624,2022,2020-08-15
2022-08-16,rm,0.126457704142366,2022,2020-08-16
2022-08-17,rm,0.126853157167822,2022,2020-08-17
2022-08-18,rm,0.132229787521967,2022,2020-08-18
2022-08-19,rm,0.14662380529623,2022,2020-08-19
2022-08-20,rm,0.168736976943833,2022,2020-08-20
2022-08-21,rm,0.182062901070662,2022,2020-08-21
2022-08-22,rm,0.20831726277946,2022,2020-08-22
2022-08-23,rm,0.226225147449257,2022,2020-08-23
2022-08-24,rm,0.227092833955607,2022,2020-08-24
2022-08-25,rm,0.225410704073315,2022,2020-08-25
2022-08-26,rm,0.222129753474919,2022,2020-08-26
2022-08-27,rm,0.207963601408895,2022,2020-08-27
2022-08-28,rm,0.211908971747973,2022,2020-08-28
2022-08-29,rm,0.214899234699729,2022,2020-08-29
2022-08-30,rm,0.216343416819933,2022,2020-08-30
2022-08-31,rm,0.246181655558652,2022,2020-08-31
2022-09-01,rm,0.292391886793183,2022,2020-09-01
2022-09-02,rm,0.331742789141129,2022,2020-09-02
2022-09-03,rm,0.358540680406065,2022,2020-09-03
2022-09-04,rm,0.37879288435056,2022,2020-09-04
2022-09-05,rm,0.379501619952114,2022,2020-09-05
2022-09-06,rm,0.382189135114566,2022,2020-09-06
2022-09-07,rm,0.383686704983969,2022,2020-09-07
2022-09-08,rm,0.410790141164287,2022,2020-09-08
2022-09-09,rm,0.460914700139219,2022,2020-09-09
2022-09-10,rm,0.519851321053487,2022,2020-09-10
2022-09-11,rm,0.604412546422483,2022,2020-09-11
2022-09-12,rm,0.648564729168279,2022,2020-09-12
2022-09-13,rm,0.649845083093011,2022,2020-09-13
2022-09-14,rm,0.651277890676443,2022,2020-09-14
2022-09-15,rm,0.669295069936601,2022,2020-09-15
2022-09-16,rm,0.763239659761229,2022,2020-09-16
2022-09-17,rm,1.12801564343423,2022,2020-09-17
2022-09-18,rm,1.49097998321473,2022,2020-09-18
2022-09-19,rm,1.85494162748133,2022,2020-09-19
2022-09-20,rm,2.25667635437952,2022,2020-09-20
2022-09-21,rm,2.66894029200411,2022,2020-09-21
2022-09-22,rm,3.09421999419672,2022,2020-09-22
2022-09-23,rm,3.49019359145333,2022,2020-09-23
2022-09-24,rm,3.78508323537635,2022,2020-09-24
2022-09-25,rm,3.97653831616356,2022,2020-09-25
2022-09-26,rm,4.16434183973314,2022,2020-09-26
2022-09-27,rm,4.54078256046959,2022,2020-09-27
2022-09-28,rm,4.83048015383413,2022,2020-09-28
2022-09-29,rm,5.13200965428247,2022,2020-09-29
2022-09-30,rm,5.3596899173366,2022,2020-09-30
2022-10-01,rm,5.54244820322572,2022,2020-10-01
2022-10-02,rm,5.70022672561293,2022,2020-10-02
2022-10-03,rm,5.9168952035901,2022,2020-10-03
2022-10-04,rm,6.19191587770074,2022,2020-10-04
2022-10-05,rm,6.42866302538801,2022,2020-10-05
2022-10-06,rm,6.47906186220411,2022,2020-10-06
2022-10-07,rm,6.50715695672541,2022,2020-10-07
2022-10-08,rm,6.52400799812538,2022,2020-10-08
2022-10-09,rm,6.67877388518656,2022,2020-10-09
2022-10-10,rm,6.76958708967666,2022,2020-10-10
2022-10-11,rm,6.878680629003,2022,2020-10-11
2022-10-12,rm,7.02915032295258,2022,2020-10-12
2022-10-13,rm,7.317658946334,2022,2020-10-13
2022-10-14,rm,7.42817484102551,2022,2020-10-14
2022-10-15,rm,7.17003508528513,2022,2020-10-15
2022-10-16,rm,6.85519294626651,2022,2020-10-16
2022-10-17,rm,6.52991912264125,2022,2020-10-17
2022-10-18,rm,6.16680272447097,2022,2020-10-18
2022-10-19,rm,5.84731116183881,2022,2020-10-19
2022-10-20,rm,5.75257756331096,2022,2020-10-20
2022-10-21,rm,5.64149936887952,2022,2020-10-21
2022-10-22,rm,5.65009432715238,2022,2020-10-22
2022-10-23,rm,5.73104607285704,2022,2020-10-23
2022-10-24,rm,5.64134477036957,2022,2020-10-24
2022-10-25,rm,5.41791467159298,2022,2020-10-25
2022-10-26,rm,5.39378735535521,2022,2020-10-26
2022-10-27,rm,5.16097922496267,2022,2020-10-27
2022-10-28,rm,5.09413115230185,2022,2020-10-28
2022-10-29,rm,4.97253752096989,2022,2020-10-29
2022-10-30,rm,4.93787620968695,2022,2020-10-30
2022-10-31,rm,4.9709245059285,2022,2020-10-31
2022-11-01,rm,5.00579827334746,2022,2020-11-01
2022-11-02,rm,4.9915456636036,2022,2020-11-02
2022-11-03,rm,5.24440313288925,2022,2020-11-03
2022-11-04,rm,5.59086759588612,2022,2020-11-04
2022-11-05,rm,5.97938740604568,2022,2020-11-05
2022-11-06,rm,6.25466026076218,2022,2020-11-06
2022-11-07,rm,6.57167347367828,2022,2020-11-07
2022-11-08,rm,6.97010775358433,2022,2020-11-08
2022-11-09,rm,7.30480228794972,2022,2020-11-09
2022-11-10,rm,7.45338640320594,2022,2020-11-10
2022-11-11,rm,7.73370727101301,2022,2020-11-11
2022-11-12,rm,8.09579553461286,2022,2020-11-12
2022-11-13,rm,8.54308714402639,2022,2020-11-13
2022-11-14,rm,8.94695718886725,2022,2020-11-14
2022-11-15,rm,9.39297989172911,2022,2020-11-15
2022-11-16,rm,9.80182294905703,2022,2020-11-16
2022-11-17,rm,9.98581038791391,2022,2020-11-17
2022-11-18,rm,10.2638006806074,2022,2020-11-18
2022-11-19,rm,10.6332351723025,2022,2020-11-19
2022-11-20,rm,10.9988660876831,2022,2020-11-20
2022-11-21,rm,11.5377010159579,2022,2020-11-21
2022-11-22,rm,12.0295397017967,2022,2020-11-22
2022-11-23,rm,12.3604164353397,2022,2020-11-23
2022-11-24,rm,12.8377113781041,2022,2020-11-24
2022-11-25,rm,13.244227392141,2022,2020-11-25
2022-11-26,rm,13.726297080235,2022,2020-11-26
2022-11-27,rm,14.2468794798644,2022,2020-11-27
2022-11-28,rm,14.6461466659573,2022,2020-11-28
2022-11-29,rm,14.9859882546427,2022,2020-11-29
2022-11-30,rm,15.4250226667282,2022,2020-11-30
2022-12-01,rm,15.7724005112703,2022,2020-12-01
2022-12-02,rm,16.033265556039,2022,2020-12-02
2022-12-03,rm,16.2157928247328,2022,2020-12-03
2022-12-04,rm,16.3107296908771,2022,2020-12-04
2022-12-05,rm,16.4865150355648,2022,2020-12-05
2022-12-06,rm,16.6373934748809,2022,2020-12-06
2022-12-07,rm,16.8249083928378,2022,2020-12-07
2022-12-08,rm,17.0782214306276,2022,2020-12-08
2022-12-09,rm,17.2770159105284,2022,2020-12-09
2022-12-10,rm,17.4801559408191,2022,2020-12-10
2022-12-11,rm,17.7749266721629,2022,2020-12-11
2022-12-12,rm,18.229191226978,2022,2020-12-12
2022-12-13,rm,18.6908661059271,2022,2020-12-13
2022-12-14,rm,18.9957219856938,2022,2020-12-14
2022-12-15,rm,19.2170192696761,2022,2020-12-15
2022-12-16,rm,19.3754809126756,2022,2020-12-16
2022-12-17,rm,19.5008827538139,2022,2020-12-17
2022-12-18,rm,19.7846090681315,2022,2020-12-18
2022-12-19,rm,19.9381485720509,2022,2020-12-19
2022-12-20,rm,20.0431134586432,2022,2020-12-20
2022-12-21,rm,20.1169542371469,2022,2020-12-21
2022-12-22,rm,20.1509374607512,2022,2020-12-22
2022-12-23,rm,20.0757223633185,2022,2020-12-23
2022-12-24,rm,19.9683920102764,2022,2020-12-24
2022-12-25,rm,19.8204002832598,2022,2020-12-25
2022-12-26,rm,19.7048654415185,2022,2020-12-26
2022-12-27,rm,19.6305875090481,2022,2020-12-27
2022-12-28,rm,19.6567512809283,2022,2020-12-28
2022-12-29,rm,19.6362518179227,2022,2020-12-29
2022-12-30,rm,19.5266108407359,2022,2020-12-30
2022-12-31,rm,19.3525153909267,2022,2020-12-31
2023-01-01,rm,19.2653844633779,2023,2020-01-01
2023-01-02,rm,19.1792711437032,2023,2020-01-02
2023-01-03,rm,19.0646922569988,2023,2020-01-03
2023-01-04,rm,18.951415011953,2023,2020-01-04
2023-01-05,rm,18.6691114764027,2023,2020-01-05
2023-01-06,rm,18.4772795774364,2023,2020-01-06
2023-01-07,rm,18.3498534026155,2023,2020-01-07
2023-01-08,rm,18.1898800609742,2023,2020-01-08
2023-01-09,rm,17.8434058920027,2023,2020-01-09
2023-01-10,rm,17.4871898037768,2023,2020-01-10
2023-01-11,rm,17.3092376598072,2023,2020-01-11
2023-01-12,rm,17.145696502189,2023,2020-01-12
2023-01-13,rm,17.001758493323,2023,2020-01-13
2023-01-14,rm,16.7746610833328,2023,2020-01-14
2023-01-15,rm,16.425936271306,2023,2020-01-15
2023-01-16,rm,16.3152174091096,2023,2020-01-16
2023-01-17,rm,16.2558975810813,2023,2020-01-17
2023-01-18,rm,16.2478078858415,2023,2020-01-18
2023-01-19,rm,16.3920510740503,2023,2020-01-19
2023-01-20,rm,16.6852612062904,2023,2020-01-20
2023-01-21,rm,17.0277474558296,2023,2020-01-21
2023-01-22,rm,17.3140405388285,2023,2020-01-22
2023-01-23,rm,17.5278743118031,2023,2020-01-23
2023-01-24,rm,17.6521973814814,2023,2020-01-24
2023-01-25,rm,17.6931252399724,2023,2020-01-25
2023-01-26,rm,17.8137640626034,2023,2020-01-26
2023-01-27,rm,18.0149598661313,2023,2020-01-27
2023-01-28,rm,18.3146658662703,2023,2020-01-28
2023-01-29,rm,18.6061218252746,2023,2020-01-29
2023-01-30,rm,18.8195219498018,2023,2020-01-30
2023-01-31,rm,18.9331012488222,2023,2020-01-31
2023-02-01,rm,19.0074236789966,2023,2020-02-01
2023-02-02,rm,19.2440626641742,2023,2020-02-02
2023-02-03,rm,19.3484916830962,2023,2020-02-03
2023-02-04,rm,19.4417321671734,2023,2020-02-04
2023-02-05,rm,19.591690129592,2023,2020-02-05
2023-02-06,rm,19.8857794688484,2023,2020-02-06
2023-02-07,rm,20.1760981117017,2023,2020-02-07
2023-02-08,rm,20.4511870490727,2023,2020-02-08
2023-02-09,rm,20.7397642765043,2023,2020-02-09
2023-02-10,rm,20.9885316812354,2023,2020-02-10
2023-02-11,rm,21.1295699471657,2023,2020-02-11
2023-02-12,rm,21.1515728677357,2023,2020-02-12
2023-02-13,rm,21.1150664930311,2023,2020-02-13
2023-02-14,rm,21.0769000045316,2023,2020-02-14
2023-02-15,rm,21.0630958565699,2023,2020-02-15
2023-02-16,rm,20.9440272459329,2023,2020-02-16
2023-02-17,rm,20.5974273856632,2023,2020-02-17
2023-02-18,rm,20.0359714086445,2023,2020-02-18
2023-02-19,rm,19.6866346962526,2023,2020-02-19
2023-02-20,rm,19.3944909310773,2023,2020-02-20
2023-02-21,rm,19.1316365496216,2023,2020-02-21
2023-02-22,rm,18.8761357105313,2023,2020-02-22
2023-02-23,rm,18.6090669021753,2023,2020-02-23
2023-02-24,rm,18.2809877740405,2023,2020-02-24
2023-02-25,rm,18.1001747802629,2023,2020-02-25
2023-02-26,rm,18.0520906191291,2023,2020-02-26
2023-02-27,rm,18.0736487235391,2023,2020-02-27
2023-02-28,rm,18.1736795740552,2023,2020-02-28
2023-03-01,rm,18.2321679112849,2023,2020-03-01
2023-03-02,rm,18.1764040803274,2023,2020-03-02
2023-03-03,rm,18.1817330270023,2023,2020-03-03
2023-03-04,rm,18.1396113072382,2023,2020-03-04
2023-03-05,rm,17.997595341358,2023,2020-03-05
2023-03-06,rm,17.7711053974427,2023,2020-03-06
2023-03-07,rm,17.4894141448622,2023,2020-03-07
2023-03-08,rm,17.0975491975851,2023,2020-03-08
2023-03-09,rm,16.6533200423972,2023,2020-03-09
2023-03-10,rm,16.294910432179,2023,2020-03-10
2023-03-11,rm,16.1967656624397,2023,2020-03-11
2023-03-12,rm,16.2172167242543,2023,2020-03-12
2023-03-13,rm,16.0141764347473,2023,2020-03-13
2023-03-14,rm,15.8114386909506,2023,2020-03-14
2023-03-15,rm,15.7430627448956,2023,2020-03-15
2023-03-16,rm,15.7205652037127,2023,2020-03-16
2023-03-17,rm,15.7641449134575,2023,2020-03-17
2023-03-18,rm,15.9782319067558,2023,2020-03-18
2023-03-19,rm,15.9694412553253,2023,2020-03-19
2023-03-20,rm,15.9245614845018,2023,2020-03-20
2023-03-21,rm,15.7969824904739,2023,2020-03-21
2023-03-22,rm,15.5308624219518,2023,2020-03-22
2023-03-23,rm,15.1773802923847,2023,2020-03-23
2023-03-24,rm,14.8843574163722,2023,2020-03-24
2023-03-25,rm,14.6838743146922,2023,2020-03-25
2023-03-26,rm,14.3653825615961,2023,2020-03-26
2023-03-27,rm,14.1899114045017,2023,2020-03-27
2023-03-28,rm,14.1032986141409,2023,2020-03-28
2023-03-29,rm,13.9952896181785,2023,2020-03-29
2023-03-30,rm,13.7985549283979,2023,2020-03-30
2023-03-31,rm,13.5580649302073,2023,2020-03-31
2023-04-01,rm,13.359683027002,2023,2020-04-01
2023-04-02,rm,13.193183676437,2023,2020-04-02
2023-04-03,rm,13.1788426006541,2023,2020-04-03
2023-04-04,rm,13.2577807463268,2023,2020-04-04
2023-04-05,rm,13.4287479447493,2023,2020-04-05
2023-04-06,rm,13.6230257243548,2023,2020-04-06
2023-04-07,rm,13.6929094881968,2023,2020-04-07
2023-04-08,rm,13.6756855226799,2023,2020-04-08
2023-04-09,rm,13.6221015556286,2023,2020-04-09
2023-04-10,rm,13.6652544062223,2023,2020-04-10
2023-04-11,rm,13.7213337912876,2023,2020-04-11
2023-04-12,rm,13.5594572259262,2023,2020-04-12
2023-04-13,rm,13.4576640236802,2023,2020-04-13
2023-04-14,rm,13.5322162968504,2023,2020-04-14
2023-04-15,rm,13.6348434939546,2023,2020-04-15
2023-04-16,rm,13.6971002704714,2023,2020-04-16
2023-04-17,rm,13.6912309206759,2023,2020-04-17
2023-04-18,rm,13.7730855935984,2023,2020-04-18
2023-04-19,rm,14.0219205577308,2023,2020-04-19
2023-04-20,rm,14.3137379769135,2023,2020-04-20
2023-04-21,rm,14.3785987520076,2023,2020-04-21
2023-04-22,rm,14.0760358202505,2023,2020-04-22
2023-04-23,rm,13.7658045603091,2023,2020-04-23
2023-04-24,rm,13.5034203668596,2023,2020-04-24
2023-04-25,rm,13.2785678923904,2023,2020-04-25
2023-04-26,rm,13.1692798508933,2023,2020-04-26
2023-04-27,rm,13.1723584656375,2023,2020-04-27
2023-04-28,rm,13.1711819574853,2023,2020-04-28
2023-04-29,rm,12.8704259811049,2023,2020-04-29
2023-04-30,rm,12.5746340150964,2023,2020-04-30
2023-05-01,rm,12.1485572518061,2023,2020-05-01
2023-05-02,rm,11.6875510909895,2023,2020-05-02
2023-05-03,rm,11.2528705820482,2023,2020-05-03
2023-05-04,rm,10.8032222473573,2023,2020-05-04
2023-05-05,rm,10.3010118657274,2023,2020-05-05
2023-05-06,rm,9.74901885216562,2023,2020-05-06
2023-05-07,rm,9.24376245084702,2023,2020-05-07
2023-05-08,rm,9.07237334156607,2023,2020-05-08
2023-05-09,rm,8.74957131768741,2023,2020-05-09
2023-05-10,rm,8.49266264471529,2023,2020-05-10
2023-05-11,rm,8.23701174129748,2023,2020-05-11
2023-05-12,rm,8.01426598246212,2023,2020-05-12
2023-05-13,rm,7.78686054976696,2023,2020-05-13
2023-05-14,rm,7.66487428223852,2023,2020-05-14
2023-05-15,rm,7.48253938869925,2023,2020-05-15
2023-05-16,rm,7.37890990643625,2023,2020-05-16
2023-05-17,rm,7.3542494495918,2023,2020-05-17
2023-05-18,rm,7.28691811587977,2023,2020-05-18
2023-05-19,rm,7.20151880693632,2023,2020-05-19
2023-05-20,rm,7.1397774543262,2023,2020-05-20
2023-05-21,rm,7.02576778749791,2023,2020-05-21
2023-05-22,rm,6.69842102700926,2023,2020-05-22
2023-05-23,rm,6.27944053244239,2023,2020-05-23
2023-05-24,rm,5.91932323405903,2023,2020-05-24
2023-05-25,rm,5.53087091122915,2023,2020-05-25
2023-05-26,rm,5.17770452356451,2023,2020-05-26
2023-05-27,rm,5.08190426868728,2023,2020-05-27
2023-05-28,rm,4.92280634076993,2023,2020-05-28
2023-05-29,rm,4.74660666334044,2023,2020-05-29
2023-05-30,rm,4.54009728448272,2023,2020-05-30
2023-05-31,rm,4.31271217232934,2023,2020-05-31
2023-06-01,rm,4.17536972137222,2023,2020-06-01
2023-06-02,rm,4.15294361962733,2023,2020-06-02
2023-06-03,rm,4.1278385402532,2023,2020-06-03
2023-06-04,rm,4.09940318491169,2023,2020-06-04
2023-06-05,rm,3.8322934120578,2023,2020-06-05
2023-06-06,rm,3.67915962308282,2023,2020-06-06
2023-06-07,rm,3.51067959256348,2023,2020-06-07
2023-06-08,rm,3.2639350412233,2023,2020-06-08
2023-06-09,rm,2.90012165310313,2023,2020-06-09
2023-06-10,rm,2.57195297715892,2023,2020-06-10
2023-06-11,rm,2.19501336588588,2023,2020-06-11
2023-06-12,rm,1.9786850423711,2023,2020-06-12
2023-06-13,rm,1.70799497785663,2023,2020-06-13
2023-06-14,rm,1.30077177180218,2023,2020-06-14
2023-06-15,rm,0.945960661189634,2023,2020-06-15
2023-06-16,rm,0.827489954774252,2023,2020-06-16
2023-06-17,rm,0.801723434878926,2023,2020-06-17
2023-06-18,rm,0.77880522208463,2023,2020-06-18
2023-06-19,rm,0.763207404511454,2023,2020-06-19
2023-06-20,rm,0.732476297597296,2023,2020-06-20
2023-06-21,rm,0.61584970420108,2023,2020-06-21
2023-06-22,rm,0.585586897355708,2023,2020-06-22
2023-06-23,rm,0.586054729481495,2023,2020-06-23
2023-06-24,rm,0.590995443962871,2023,2020-06-24
2023-06-25,rm,0.56270531641148,2023,2020-06-25
2023-06-26,rm,0.535120824538372,2023,2020-06-26
2023-06-27,rm,0.514657092031068,2023,2020-06-27
2023-06-28,rm,0.524372181573639,2023,2020-06-28
2023-06-29,rm,0.502466765217029,2023,2020-06-29
2023-06-30,rm,0.492798126150009,2023,2020-06-30
2023-07-01,rm,0.487612127806297,2023,2020-07-01
2023-07-02,rm,0.45655854585226,2023,2020-07-02
2023-07-03,rm,0.414777698931155,2023,2020-07-03
2023-07-04,rm,0.38934847312613,2023,2020-07-04
2023-07-05,rm,0.38829535448081,2023,2020-07-05
2023-07-06,rm,0.390424324210178,2023,2020-07-06
2023-07-07,rm,0.38346678762475,2023,2020-07-07
2023-07-08,rm,0.374734244570137,2023,2020-07-08
2023-07-09,rm,0.36375367091208,2023,2020-07-09
2023-07-10,rm,0.352058377167107,2023,2020-07-10
2023-07-11,rm,0.330071562852441,2023,2020-07-11
2023-07-12,rm,0.303111554049097,2023,2020-07-12
2023-07-13,rm,0.293623030050576,2023,2020-07-13
2023-07-14,rm,0.251824647765463,2023,2020-07-14
2023-07-15,rm,0.224667629162586,2023,2020-07-15
2023-07-16,rm,0.221963528642505,2023,2020-07-16
2023-07-17,rm,0.221050048505313,2023,2020-07-17
2023-07-18,rm,0.221050048505313,2023,2020-07-18
2023-07-19,rm,0.221050048505313,2023,2020-07-19
2023-07-20,rm,0.223459284437138,2023,2020-07-20
2023-07-21,rm,0.221451054294838,2023,2020-07-21
2023-07-22,rm,0.215414447811247,2023,2020-07-22
2023-07-23,rm,0.216225514744537,2023,2020-07-23
2023-07-24,rm,0.219612995841756,2023,2020-07-24
2023-07-25,rm,0.241237623818923,2023,2020-07-25
2023-07-26,rm,0.317058335712793,2023,2020-07-26
2023-07-27,rm,0.359301499876629,2023,2020-07-27
2023-07-28,rm,0.358469077369468,2023,2020-07-28
2023-07-29,rm,0.341115780558722,2023,2020-07-29
2023-07-30,rm,0.34080527622434,2023,2020-07-30
2023-07-31,rm,0.337930713235552,2023,2020-07-31
2023-08-01,rm,0.350605302780432,2023,2020-08-01
2023-08-02,rm,0.333874149817414,2023,2020-08-02
2023-08-03,rm,0.32205587535111,2023,2020-08-03
2023-08-04,rm,0.357028636853441,2023,2020-08-04
2023-08-05,rm,0.410849106264805,2023,2020-08-05
2023-08-06,rm,0.484946950838564,2023,2020-08-06
2023-08-07,rm,0.632526293362151,2023,2020-08-07
2023-08-08,rm,0.689736659309158,2023,2020-08-08
2023-08-09,rm,0.746840625432479,2023,2020-08-09
2023-08-10,rm,0.748752582002588,2023,2020-08-10
2023-08-11,rm,0.746895237707162,2023,2020-08-11
2023-08-12,rm,0.747026707295083,2023,2020-08-12
2023-08-13,rm,0.747026707295083,2023,2020-08-13
2023-08-14,rm,0.747026707295083,2023,2020-08-14
2023-08-15,rm,0.747159650930478,2023,2020-08-15
2023-08-16,rm,0.747159650930478,2023,2020-08-16
2023-08-17,rm,0.746372459733739,2023,2020-08-17
2023-08-18,rm,0.727497193555756,2023,2020-08-18
2023-08-19,rm,0.704697767774364,2023,2020-08-19
2023-08-20,rm,0.702086952340244,2023,2020-08-20
2023-08-21,rm,0.698699471243025,2023,2020-08-21
2023-08-22,rm,0.667029805347997,2023,2020-08-22
2023-08-23,rm,0.553619569664155,2023,2020-08-23
2023-08-24,rm,0.508443186139256,2023,2020-08-24
2023-08-25,rm,0.504379819712322,2023,2020-08-25
2023-08-26,rm,0.501076815431366,2023,2020-08-26
2023-08-27,rm,0.517468279150972,2023,2020-08-27
2023-08-28,rm,0.600834612112344,2023,2020-08-28
2023-08-29,rm,0.709641696476678,2023,2020-08-29
2023-08-30,rm,0.805972518329289,2023,2020-08-30
2023-08-31,rm,0.846913666590512,2023,2020-08-31
2023-09-01,rm,0.821862215035668,2023,2020-09-01
2023-09-02,rm,0.772053035292811,2023,2020-09-02
2023-09-03,rm,0.702182231467861,2023,2020-09-03
2023-09-04,rm,0.555559100685272,2023,2020-09-04
2023-09-05,rm,0.500749126218709,2023,2020-09-05
2023-09-06,rm,0.443179939362996,2023,2020-09-06
2023-09-07,rm,0.421499440104636,2023,2020-09-07
2023-09-08,rm,0.421103818988835,2023,2020-09-08
2023-09-09,rm,0.420972349400914,2023,2020-09-09
2023-09-10,rm,0.420972349400914,2023,2020-09-10
2023-09-11,rm,0.420972349400914,2023,2020-09-11
2023-09-12,rm,0.422828485428405,2023,2020-09-12
2023-09-13,rm,0.435160665359855,2023,2020-09-13
2023-09-14,rm,0.446989546990583,2023,2020-09-14
2023-09-15,rm,0.452894457892296,2023,2020-09-15
2023-09-16,rm,0.458145555922817,2023,2020-09-16
2023-09-17,rm,0.461296947840759,2023,2020-09-17
2023-09-18,rm,0.472290327569028,2023,2020-09-18
2023-09-19,rm,0.497778122175848,2023,2020-09-19
2023-09-20,rm,0.518015687160698,2023,2020-09-20
2023-09-21,rm,0.524319417718097,2023,2020-09-21
2023-09-22,rm,0.594832331281914,2023,2020-09-22
2023-09-23,rm,0.745466280736958,2023,2020-09-23
2023-09-24,rm,0.888913584894567,2023,2020-09-24
2023-09-25,rm,0.898495794535836,2023,2020-09-25
2023-09-26,rm,0.813527748811264,2023,2020-09-26
2023-09-27,rm,0.732568845505409,2023,2020-09-27
2023-09-28,rm,0.706159998440509,2023,2020-09-28
2023-09-29,rm,0.709808227537841,2023,2020-09-29
2023-09-30,rm,0.732464027633068,2023,2020-09-30
2023-10-01,rm,0.758069709700659,2023,2020-10-01
2023-10-02,rm,0.769295113606441,2023,2020-10-02
2023-10-03,rm,0.771166009167299,2023,2020-10-03
2023-10-04,rm,0.865351857735484,2023,2020-10-04
2023-10-05,rm,0.995326722725169,2023,2020-10-05
2023-10-06,rm,1.11492473289538,2023,2020-10-06
2023-10-07,rm,1.16840099744333,2023,2020-10-07
2023-10-08,rm,1.19248721604078,2023,2020-10-08
2023-10-09,rm,1.21876655747106,2023,2020-10-09
2023-10-10,rm,1.24854895610417,2023,2020-10-10
2023-10-11,rm,1.27117803501172,2023,2020-10-11
2023-10-12,rm,1.28832623284925,2023,2020-10-12
2023-10-13,rm,1.30911999146777,2023,2020-10-13
2023-10-14,rm,1.35176140639911,2023,2020-10-14
2023-10-15,rm,1.77638769983788,2023,2020-10-15
2023-10-16,rm,2.29503678022468,2023,2020-10-16
2023-10-17,rm,2.7992283585491,2023,2020-10-17
2023-10-18,rm,3.24913266592133,2023,2020-10-18
2023-10-19,rm,3.52016209985824,2023,2020-10-19
2023-10-20,rm,3.48482911316837,2023,2020-10-20
2023-10-21,rm,3.44414305748297,2023,2020-10-21
2023-10-22,rm,3.4701805385685,2023,2020-10-22
2023-10-23,rm,3.66000165137402,2023,2020-10-23
2023-10-24,rm,3.84423048229434,2023,2020-10-24
2023-10-25,rm,4.0106311850872,2023,2020-10-25
2023-10-26,rm,4.20708685684386,2023,2020-10-26
2023-10-27,rm,4.53613192187258,2023,2020-10-27
2023-10-28,rm,4.89669913797154,2023,2020-10-28
2023-10-29,rm,5.21143340126342,2023,2020-10-29
2023-10-30,rm,5.38212352811296,2023,2020-10-30
2023-10-31,rm,5.68085821485863,2023,2020-10-31
2023-11-01,rm,5.96093731646736,2023,2020-11-01
2023-11-02,rm,6.14117837756356,2023,2020-11-02
2023-11-03,rm,6.53560054074987,2023,2020-11-03
2023-11-04,rm,7.02000490897953,2023,2020-11-04
2023-11-05,rm,7.43435222855248,2023,2020-11-05
2023-11-06,rm,7.84558888261377,2023,2020-11-06
2023-11-07,rm,8.3013950672104,2023,2020-11-07
2023-11-08,rm,8.80268249933449,2023,2020-11-08
2023-11-09,rm,9.34975768645028,2023,2020-11-09
2023-11-10,rm,9.84390451908959,2023,2020-11-10
2023-11-11,rm,10.3542377946412,2023,2020-11-11
2023-11-12,rm,10.5373499641392,2023,2020-11-12
2023-11-13,rm,10.5283162978957,2023,2020-11-13
2023-11-14,rm,10.3066678996445,2023,2020-11-14
2023-11-15,rm,10.2684717888984,2023,2020-11-15
2023-11-16,rm,10.487657223546,2023,2020-11-16
2023-11-17,rm,11.0180909173734,2023,2020-11-17
2023-11-18,rm,11.527372754543,2023,2020-11-18
2023-11-19,rm,11.8819073449245,2023,2020-11-19
2023-11-20,rm,12.047845349247,2023,2020-11-20
2023-11-21,rm,12.3460243355613,2023,2020-11-21
2023-11-22,rm,12.7921076316067,2023,2020-11-22
2023-11-23,rm,13.1881234091821,2023,2020-11-23
2023-11-24,rm,13.436776200266,2023,2020-11-24
2023-11-25,rm,13.7829791208934,2023,2020-11-25
2023-11-26,rm,14.1769962238035,2023,2020-11-26
2023-11-27,rm,14.6876612908478,2023,2020-11-27
2023-11-28,rm,15.0636371034714,2023,2020-11-28
2023-11-29,rm,15.4840139875019,2023,2020-11-29
2023-11-30,rm,15.9441469604375,2023,2020-11-30
2023-12-01,rm,16.1212978328567,2023,2020-12-01
2023-12-02,rm,16.3451918154972,2023,2020-12-02
2023-12-03,rm,16.8158300031673,2023,2020-12-03
2023-12-04,rm,17.3225268937556,2023,2020-12-04
2023-12-05,rm,17.6208643424084,2023,2020-12-05
2023-12-06,rm,17.815643795508,2023,2020-12-06
2023-12-07,rm,17.9920388452232,2023,2020-12-07
2023-12-08,rm,18.2794792969871,2023,2020-12-08
2023-12-09,rm,18.4462094469586,2023,2020-12-09
2023-12-10,rm,18.4770257431244,2023,2020-12-10
2023-12-11,rm,18.564490884158,2023,2020-12-11
2023-12-12,rm,18.8149468012214,2023,2020-12-12
2023-12-13,rm,18.9608150315563,2023,2020-12-13
2023-12-14,rm,19.0453809189146,2023,2020-12-14
2023-12-15,rm,19.1195497766221,2023,2020-12-15
2023-12-16,rm,19.151979107882,2023,2020-12-16
2023-12-17,rm,19.2758816921707,2023,2020-12-17
2023-12-18,rm,19.4697051147482,2023,2020-12-18
2023-12-19,rm,19.6132561105353,2023,2020-12-19
2023-12-20,rm,19.6167412385559,2023,2020-12-20
2023-12-21,rm,19.552691283552,2023,2020-12-21
2023-12-22,rm,19.5535991333661,2023,2020-12-22
2023-12-23,rm,19.3933648046845,2023,2020-12-23
2023-12-24,rm,19.1437808403016,2023,2020-12-24
2023-12-25,rm,18.7662284599817,2023,2020-12-25
2023-12-26,rm,18.5890757392251,2023,2020-12-26
2023-12-27,rm,18.3685686787824,2023,2020-12-27
2023-12-28,rm,18.2317654600808,2023,2020-12-28
2023-12-29,rm,18.1089616627379,2023,2020-12-29
2023-12-30,rm,17.9188641974486,2023,2020-12-30
2023-12-31,rm,17.6694426866114,2023,2020-12-31
2024-01-01,rm,17.3420348888886,2024,2020-01-01
2024-01-02,rm,17.197666666547,2024,2020-01-02
2024-01-03,rm,16.971115277083,2024,2020-01-03
2024-01-04,rm,16.743785155669,2024,2020-01-04
2024-01-05,rm,16.5548562105027,2024,2020-01-05
2024-01-06,rm,16.4620553592026,2024,2020-01-06
2024-01-07,rm,16.5570220452405,2024,2020-01-07
2024-01-08,rm,16.8192192860572,2024,2020-01-08
2024-01-09,rm,17.1920168609919,2024,2020-01-09
2024-01-10,rm,17.5098400003921,2024,2020-01-10
2024-01-11,rm,17.8127089422672,2024,2020-01-11
2024-01-12,rm,17.9918701615688,2024,2020-01-12
2024-01-13,rm,18.1964915386526,2024,2020-01-13
2024-01-14,rm,18.3637127859287,2024,2020-01-14
2024-01-15,rm,18.4804380821447,2024,2020-01-15
2024-01-16,rm,18.6094336414611,2024,2020-01-16
2024-01-17,rm,18.7410018757297,2024,2020-01-17
2024-01-18,rm,18.7837832245231,2024,2020-01-18
2024-01-19,rm,18.9938186021504,2024,2020-01-19
2024-01-20,rm,19.3151210465287,2024,2020-01-20
2024-01-21,rm,19.7081743255387,2024,2020-01-21
2024-01-22,rm,20.1660841910672,2024,2020-01-22
2024-01-23,rm,20.292545435092,2024,2020-01-23
2024-01-24,rm,20.2064600922249,2024,2020-01-24
2024-01-25,rm,20.0696487660698,2024,2020-01-25
2024-01-26,rm,20.0391906755602,2024,2020-01-26
2024-01-27,rm,20.0682542965686,2024,2020-01-27
2024-01-28,rm,20.1060258932212,2024,2020-01-28
2024-01-29,rm,20.1936263040497,2024,2020-01-29
2024-01-30,rm,20.2369921637462,2024,2020-01-30
2024-01-31,rm,20.3856491154421,2024,2020-01-31
2024-02-01,rm,20.4619327367765,2024,2020-02-01
2024-02-02,rm,20.3999602439941,2024,2020-02-02
2024-02-03,rm,20.2423073153004,2024,2020-02-03
2024-02-04,rm,19.964968087549,2024,2020-02-04
2024-02-05,rm,19.4378949188854,2024,2020-02-05
2024-02-06,rm,18.9817255031196,2024,2020-02-06
2024-02-07,rm,18.5558162500665,2024,2020-02-07
2024-02-08,rm,18.1219803356872,2024,2020-02-08
2024-02-09,rm,17.7410106460627,2024,2020-02-09
2024-02-10,rm,17.2881860007839,2024,2020-02-10
2024-02-11,rm,16.9414928008082,2024,2020-02-11
2024-02-12,rm,16.6993583788857,2024,2020-02-12
2024-02-13,rm,16.4715323757142,2024,2020-02-13
2024-02-14,rm,16.267748401823,2024,2020-02-14
2024-02-15,rm,16.1346046882078,2024,2020-02-15
2024-02-16,rm,15.7924420031911,2024,2020-02-16
2024-02-17,rm,15.358087343398,2024,2020-02-17
2024-02-18,rm,14.9577647730145,2024,2020-02-18
2024-02-19,rm,14.6813874599165,2024,2020-02-19
2024-02-20,rm,14.5790605260962,2024,2020-02-20
2024-02-21,rm,14.6043679522372,2024,2020-02-21
2024-02-22,rm,14.5982302622314,2024,2020-02-22
2024-02-23,rm,14.6087879915103,2024,2020-02-23
2024-02-24,rm,14.5995953091489,2024,2020-02-24
2024-02-25,rm,14.480354458086,2024,2020-02-25
2024-02-26,rm,14.3105981508816,2024,2020-02-26
2024-02-27,rm,14.1241671675921,2024,2020-02-27
2024-02-28,rm,13.964370863728,2024,2020-02-28
2024-02-29,rm,13.8137653155907,2024,2020-02-29
2024-03-01,rm,13.7456244765472,2024,2020-03-01
2024-03-02,rm,13.7544950973708,2024,2020-03-02
2024-03-03,rm,13.7203549463972,2024,2020-03-03
2024-03-04,rm,13.835610851739,2024,2020-03-04
2024-03-05,rm,13.8489170521318,2024,2020-03-05
2024-03-06,rm,13.9299788896336,2024,2020-03-06
2024-03-07,rm,14.0941892995959,2024,2020-03-07
2024-03-08,rm,14.2809578616699,2024,2020-03-08
2024-03-09,rm,14.3832010405521,2024,2020-03-09
2024-03-10,rm,14.2969192297147,2024,2020-03-10
2024-03-11,rm,14.2515728071807,2024,2020-03-11
2024-03-12,rm,14.1817939854068,2024,2020-03-12
2024-03-13,rm,14.0902532991807,2024,2020-03-13
2024-03-14,rm,14.0625003582487,2024,2020-03-14
2024-03-15,rm,13.9971670032798,2024,2020-03-15
2024-03-16,rm,13.8422844605793,2024,2020-03-16
2024-03-17,rm,13.8010215726592,2024,2020-03-17
2024-03-18,rm,13.7966499135979,2024,2020-03-18
2024-03-19,rm,13.8194492187542,2024,2020-03-19
2024-03-20,rm,13.7933162464386,2024,2020-03-20
2024-03-21,rm,13.7274808001174,2024,2020-03-21
2024-03-22,rm,13.4324493284009,2024,2020-03-22
2024-03-23,rm,13.2822945534396,2024,2020-03-23
2024-03-24,rm,13.3032612965666,2024,2020-03-24
2024-03-25,rm,13.3165787883999,2024,2020-03-25
2024-03-26,rm,13.2659709092258,2024,2020-03-26
2024-03-27,rm,12.9869781652193,2024,2020-03-27
2024-03-28,rm,12.9878426868074,2024,2020-03-28
2024-03-29,rm,12.7391110993947,2024,2020-03-29
2024-03-30,rm,12.3404829325942,2024,2020-03-30
2024-03-31,rm,12.0379619369157,2024,2020-03-31
2024-04-01,rm,11.7814091092505,2024,2020-04-01
2024-04-02,rm,11.7141635787446,2024,2020-04-02
2024-04-03,rm,11.5039378285553,2024,2020-04-03
2024-04-04,rm,11.055099796161,2024,2020-04-04
2024-04-05,rm,10.4989580178224,2024,2020-04-05
2024-04-06,rm,10.0286895426163,2024,2020-04-06
2024-04-07,rm,9.65603145167549,2024,2020-04-07
2024-04-08,rm,9.20765905609726,2024,2020-04-08
2024-04-09,rm,8.78742174205534,2024,2020-04-09
2024-04-10,rm,8.7173002761042,2024,2020-04-10
2024-04-11,rm,8.51203547275419,2024,2020-04-11
2024-04-12,rm,8.22236928531916,2024,2020-04-12
2024-04-13,rm,7.95066555077155,2024,2020-04-13
2024-04-14,rm,7.53515018035473,2024,2020-04-14
2024-04-15,rm,7.09497213675856,2024,2020-04-15
2024-04-16,rm,7.05432058233992,2024,2020-04-16
2024-04-17,rm,7.12023091227941,2024,2020-04-17
2024-04-18,rm,7.27703249520113,2024,2020-04-18
2024-04-19,rm,7.58514343501313,2024,2020-04-19
2024-04-20,rm,7.715779100553,2024,2020-04-20
2024-04-21,rm,7.71936973779083,2024,2020-04-21
2024-04-22,rm,7.77245084377077,2024,2020-04-22
2024-04-23,rm,7.94222179345675,2024,2020-04-23
2024-04-24,rm,8.31882389119841,2024,2020-04-24
2024-04-25,rm,8.42536514142806,2024,2020-04-25
2024-04-26,rm,8.64557351890612,2024,2020-04-26
2024-04-27,rm,8.79298255569999,2024,2020-04-27
2024-04-28,rm,8.76702377257068,2024,2020-04-28
2024-04-29,rm,8.61597328830901,2024,2020-04-29
2024-04-30,rm,8.22503251990496,2024,2020-04-30
2024-05-01,rm,7.94358089765645,2024,2020-05-01
2024-05-02,rm,7.8593727542236,2024,2020-05-02
2024-05-03,rm,8.06754992281739,2024,2020-05-03
2024-05-04,rm,8.15486694676048,2024,2020-05-04
2024-05-05,rm,8.18847847541401,2024,2020-05-05
2024-05-06,rm,8.24070193149881,2024,2020-05-06
2024-05-07,rm,8.29964095923301,2024,2020-05-07
2024-05-08,rm,8.08925574713637,2024,2020-05-08
2024-05-09,rm,7.96759269167448,2024,2020-05-09
2024-05-10,rm,7.9302326270105,2024,2020-05-10
2024-05-11,rm,7.94428006095904,2024,2020-05-11
2024-05-12,rm,7.95957874439335,2024,2020-05-12
2024-05-13,rm,7.98577852216045,2024,2020-05-13
2024-05-14,rm,7.54809768204649,2024,2020-05-14
2024-05-15,rm,7.06393437581242,2024,2020-05-15
2024-05-16,rm,6.57369309213758,2024,2020-05-16
2024-05-17,rm,6.15722320716684,2024,2020-05-17
2024-05-18,rm,5.66033766124213,2024,2020-05-18
2024-05-19,rm,5.11821530716907,2024,2020-05-19
2024-05-20,rm,4.54723046549838,2024,2020-05-20
2024-05-21,rm,3.99920472941866,2024,2020-05-21
2024-05-22,rm,3.49480284599472,2024,2020-05-22
2024-05-23,rm,3.03705427157195,2024,2020-05-23
2024-05-24,rm,2.66130128130715,2024,2020-05-24
2024-05-25,rm,2.52451947844123,2024,2020-05-25
2024-05-26,rm,2.47686135330745,2024,2020-05-26
2024-05-27,rm,2.46395590711443,2024,2020-05-27
2024-05-28,rm,2.55196831550489,2024,2020-05-28
2024-05-29,rm,2.55659572179358,2024,2020-05-29
2024-05-30,rm,2.54052409553136,2024,2020-05-30
2024-05-31,rm,2.42892359464397,2024,2020-05-31
2024-06-01,rm,2.49444432349343,2024,2020-06-01
2024-06-02,rm,2.49831886981311,2024,2020-06-02
2024-06-03,rm,2.49290992410384,2024,2020-06-03
2024-06-04,rm,2.38590593702886,2024,2020-06-04
2024-06-05,rm,2.21582492721611,2024,2020-06-05
2024-06-06,rm,2.10966318512882,2024,2020-06-06
2024-06-07,rm,2.04457693768293,2024,2020-06-07
2024-06-08,rm,2.00163884616036,2024,2020-06-08
2024-06-09,rm,1.96827688414171,2024,2020-06-09
2024-06-10,rm,1.9276680554171,2024,2020-06-10
2024-06-11,rm,2.00091655134423,2024,2020-06-11
2024-06-12,rm,2.11616369500117,2024,2020-06-12
2024-06-13,rm,2.16786833568071,2024,2020-06-13
2024-06-14,rm,2.0867233837792,2024,2020-06-14
2024-06-15,rm,2.05603978134492,2024,2020-06-15
2024-06-16,rm,2.02308101832694,2024,2020-06-16
2024-06-17,rm,1.99961505374346,2024,2020-06-17
2024-06-18,rm,1.93139780428313,2024,2020-06-18
2024-06-19,rm,1.84548140086349,2024,2020-06-19
2024-06-20,rm,1.74386925017851,2024,2020-06-20
2024-06-21,rm,1.65941967663775,2024,2020-06-21
2024-06-22,rm,1.59151309318088,2024,2020-06-22
2024-06-23,rm,1.58177168021152,2024,2020-06-23
2024-06-24,rm,1.54955435678324,2024,2020-06-24
2024-06-25,rm,1.43570711521494,2024,2020-06-25
2024-06-26,rm,1.38539635385301,2024,2020-06-26
2024-06-27,rm,1.32506124543774,2024,2020-06-27
2024-06-28,rm,1.16147206125222,2024,2020-06-28
2024-06-29,rm,0.97435960968896,2024,2020-06-29
2024-06-30,rm,0.907906371230239,2024,2020-06-30
2024-07-01,rm,0.860019115205868,2024,2020-07-01
2024-07-02,rm,0.87301506945323,2024,2020-07-02
2024-07-03,rm,0.915796866453521,2024,2020-07-03
2024-07-04,rm,0.938406895249244,2024,2020-07-04
2024-07-05,rm,0.935040705709116,2024,2020-07-05
2024-07-06,rm,0.931728568108024,2024,2020-07-06
2024-07-07,rm,0.95610836112412,2024,2020-07-07
2024-07-08,rm,0.919267720407633,2024,2020-07-08
2024-07-09,rm,0.775749615979456,2024,2020-07-09
2024-07-10,rm,0.591496882333059,2024,2020-07-10
2024-07-11,rm,0.44861373995991,2024,2020-07-11
2024-07-12,rm,0.385976283166952,2024,2020-07-12
2024-07-13,rm,0.353804206508798,2024,2020-07-13
2024-07-14,rm,0.327162464666727,2024,2020-07-14
2024-07-15,rm,0.32072923001521,2024,2020-07-15
2024-07-16,rm,0.319749871235115,2024,2020-07-16
2024-07-17,rm,0.320520508793602,2024,2020-07-17
2024-07-18,rm,0.320206364301725,2024,2020-07-18
2024-07-19,rm,0.31947066495952,2024,2020-07-19
2024-07-20,rm,0.293693474766711,2024,2020-07-20
2024-07-21,rm,0.254793039649074,2024,2020-07-21
2024-07-22,rm,0.249947206967285,2024,2020-07-22
2024-07-23,rm,0.246760109538347,2024,2020-07-23
2024-07-24,rm,0.237011273986837,2024,2020-07-24
2024-07-25,rm,0.233347704969877,2024,2020-07-25
2024-07-26,rm,0.231759429627614,2024,2020-07-26
2024-07-27,rm,0.23046842137881,2024,2020-07-27
2024-07-28,rm,0.228537713872,2024,2020-07-28
2024-07-29,rm,0.202873270982755,2024,2020-07-29
2024-07-30,rm,0.157342821352791,2024,2020-07-30
2024-07-31,rm,0.0927573944617627,2024,2020-07-31
2024-08-01,rm,0.0635267788645759,2024,2020-08-01
2024-08-02,rm,0.0634206142420305,2024,2020-08-02
2024-08-03,rm,0.0651498289993987,2024,2020-08-03
2024-08-04,rm,0.0362740531487181,2024,2020-08-04
2024-08-05,rm,0.0345564658288924,2024,2020-08-05
2024-08-06,rm,0.0343957878477567,2024,2020-08-06
2024-08-07,rm,0.0356991271078398,2024,2020-08-07
2024-08-08,rm,0.0358999069974778,2024,2020-08-08
2024-08-09,rm,0.03460584536525,2024,2020-08-09
2024-08-10,rm,0.0223180910278636,2024,2020-08-10
2024-08-11,rm,0.0213026090031169,2024,2020-08-11
2024-08-12,rm,0.0211388601143466,2024,2020-08-12
2024-08-13,rm,0.0207163683118552,2024,2020-08-13
2024-08-14,rm,0.019317261431358,2024,2020-08-14
2024-08-15,rm,0.0191690463958129,2024,2020-08-15
2024-08-16,rm,0.0187394841201167,2024,2020-08-16
2024-08-17,rm,0.017051411327603,2024,2020-08-17
2024-08-18,rm,0.0230094431670976,2024,2020-08-18
2024-08-19,rm,0.0432344133606055,2024,2020-08-19
2024-08-20,rm,0.0424168062421271,2024,2020-08-20
2024-08-21,rm,0.0406195596836837,2024,2020-08-21
2024-08-22,rm,0.0396735051703123,2024,2020-08-22
2024-08-23,rm,0.0396735051703123,2024,2020-08-23
2024-08-24,rm,0.0396735051703123,2024,2020-08-24
2024-08-25,rm,0.043511891703572,2024,2020-08-25
2024-08-26,rm,0.0642049780165255,2024,2020-08-26
2024-08-27,rm,0.065575046054199,2024,2020-08-27
2024-08-28,rm,0.0659796647148681,2024,2020-08-28
2024-08-29,rm,0.0658425203377563,2024,2020-08-29
2024-08-30,rm,0.0640032107420025,2024,2020-08-30
2024-08-31,rm,0.0605141666652374,2024,2020-08-31
2024-09-01,rm,0.0585232940836054,2024,2020-09-01
2024-09-02,rm,0.0601426458709782,2024,2020-09-02
2024-09-03,rm,0.0615707387526208,2024,2020-09-03
2024-09-04,rm,0.0615912702151207,2024,2020-09-04
2024-09-05,rm,0.0668501504372833,2024,2020-09-05
2024-09-06,rm,0.0733666077065044,2024,2020-09-06
2024-09-07,rm,0.0755219478236784,2024,2020-09-07
2024-09-08,rm,0.0794948001976337,2024,2020-09-08
2024-09-09,rm,0.133160573170251,2024,2020-09-09
2024-09-10,rm,0.189427375995519,2024,2020-09-10
2024-09-11,rm,0.260659876926686,2024,2020-09-11
2024-09-12,rm,0.688103794473301,2024,2020-09-12
2024-09-13,rm,1.19488735496274,2024,2020-09-13
2024-09-14,rm,1.66359721365525,2024,2020-09-14
2024-09-15,rm,2.09118781145937,2024,2020-09-15
2024-09-16,rm,2.4705312913015,2024,2020-09-16
2024-09-17,rm,2.67152297926413,2024,2020-09-17
2024-09-18,rm,2.78671802974684,2024,2020-09-18
2024-09-19,rm,2.87613309640341,2024,2020-09-19
2024-09-20,rm,2.94539548711209,2024,2020-09-20
2024-09-21,rm,2.9985847598823,2024,2020-09-21
2024-09-22,rm,3.05428654658228,2024,2020-09-22
2024-09-23,rm,3.07991325802479,2024,2020-09-23
2024-09-24,rm,3.15656059054705,2024,2020-09-24
2024-09-25,rm,3.22826362970756,2024,2020-09-25
2024-09-26,rm,3.2602176950872,2024,2020-09-26
2024-09-27,rm,3.33946669590185,2024,2020-09-27
2024-09-28,rm,3.58817962518974,2024,2020-09-28
2024-09-29,rm,4.00459715375369,2024,2020-09-29
2024-09-30,rm,4.39737982735309,2024,2020-09-30
2024-10-01,rm,4.68365320932289,2024,2020-10-01
2024-10-02,rm,5.024768061731,2024,2020-10-02
2024-10-03,rm,5.41696097389944,2024,2020-10-03
2024-10-04,rm,5.85232095426902,2024,2020-10-04
2024-10-05,rm,6.26631239538343,2024,2020-10-05
2024-10-06,rm,6.66798993127273,2024,2020-10-06
2024-10-07,rm,6.86879271729087,2024,2020-10-07
2024-10-08,rm,6.86595127660451,2024,2020-10-08
2024-10-09,rm,6.85349490147834,2024,2020-10-09
2024-10-10,rm,6.54919412507189,2024,2020-10-10
2024-10-11,rm,6.31259531806576,2024,2020-10-11
2024-10-12,rm,6.25078927500359,2024,2020-10-12
2024-10-13,rm,6.15813751416496,2024,2020-10-13
2024-10-14,rm,6.11651065955814,2024,2020-10-14
2024-10-15,rm,6.22737517704835,2024,2020-10-15
2024-10-16,rm,6.4006480092968,2024,2020-10-16
2024-10-17,rm,6.52688891000178,2024,2020-10-17
2024-10-18,rm,6.58788238791711,2024,2020-10-18
2024-10-19,rm,6.79412755745257,2024,2020-10-19
2024-10-20,rm,7.01841408260124,2024,2020-10-20
2024-10-21,rm,7.25214925106701,2024,2020-10-21
2024-10-22,rm,7.38923832110223,2024,2020-10-22
2024-10-23,rm,7.58648396949337,2024,2020-10-23
2024-10-24,rm,7.76389886738355,2024,2020-10-24
2024-10-25,rm,7.91873330808647,2024,2020-10-25
2024-10-26,rm,7.89644229877671,2024,2020-10-26
2024-10-27,rm,7.63886659983248,2024,2020-10-27
2024-10-28,rm,7.47796408312824,2024,2020-10-28
2024-10-29,rm,7.49144528840462,2024,2020-10-29
2024-10-30,rm,7.39247586263182,2024,2020-10-30
2024-10-31,rm,7.35603301137163,2024,2020-10-31
2024-11-01,rm,7.31082151304663,2024,2020-11-01
2024-11-02,rm,7.31841766329141,2024,2020-11-02
2024-11-03,rm,7.43178636642735,2024,2020-11-03
2024-11-04,rm,7.70881079481342,2024,2020-11-04
2024-11-05,rm,8.18850411173738,2024,2020-11-05
2024-11-06,rm,8.65342624817009,2024,2020-11-06
2024-11-07,rm,9.0744090522611,2024,2020-11-07
2024-11-08,rm,9.36450906346976,2024,2020-11-08
2024-11-09,rm,9.5344723915619,2024,2020-11-09
2024-11-10,rm,9.8339860099895,2024,2020-11-10
2024-11-11,rm,10.1287894015454,2024,2020-11-11
2024-11-12,rm,10.4768915570463,2024,2020-11-12
2024-11-13,rm,10.8715779777928,2024,2020-11-13
2024-11-14,rm,11.3038932386671,2024,2020-11-14
2024-11-15,rm,11.7646562449349,2024,2020-11-15
2024-11-16,rm,12.145933947608,2024,2020-11-16
2024-11-17,rm,12.5006797122135,2024,2020-11-17
2024-11-18,rm,12.7704748582799,2024,2020-11-18
2024-11-19,rm,13.112145769833,2024,2020-11-19
2024-11-20,rm,13.4745227007517,2024,2020-11-20
2024-11-21,rm,13.988014959883,2024,2020-11-21
2024-11-22,rm,14.5059180162916,2024,2020-11-22
2024-11-23,rm,14.9921270417505,2024,2020-11-23
2024-11-24,rm,15.469022606336,2024,2020-11-24
2024-11-25,rm,15.8378719686489,2024,2020-11-25
2024-11-26,rm,16.1015360352313,2024,2020-11-26
2024-11-27,rm,16.4573052820389,2024,2020-11-27
2024-11-28,rm,16.6753276729103,2024,2020-11-28
2024-11-29,rm,16.9036505510383,2024,2020-11-29
2024-11-30,rm,17.1662086489793,2024,2020-11-30
2024-12-01,rm,17.3652617659664,2024,2020-12-01
2024-12-02,rm,17.522308151548,2024,2020-12-02
2024-12-03,rm,17.6559450419922,2024,2020-12-03
2024-12-04,rm,17.7994859406161,2024,2020-12-04
2024-12-05,rm,17.9936729936977,2024,2020-12-05
2024-12-06,rm,18.106772339487,2024,2020-12-06
2024-12-07,rm,18.1617296975039,2024,2020-12-07
2024-12-08,rm,18.1873799026772,2024,2020-12-08
2024-12-09,rm,18.2236332849823,2024,2020-12-09
2024-12-10,rm,18.2554950181136,2024,2020-12-10
2024-12-11,rm,18.2892916110012,2024,2020-12-11
2024-12-12,rm,18.3792681527565,2024,2020-12-12
2024-12-13,rm,18.5674950708914,2024,2020-12-13
2024-12-14,rm,18.64354229316,2024,2020-12-14
2024-12-15,rm,18.6495513285983,2024,2020-12-15
2024-12-16,rm,18.6220821026612,2024,2020-12-16
2024-12-17,rm,18.6075191404236,2024,2020-12-17
2024-12-18,rm,18.5416965743255,2024,2020-12-18
2024-12-19,rm,18.4064655832636,2024,2020-12-19
2024-12-20,rm,18.2964105140527,2024,2020-12-20
2024-12-21,rm,18.3024548430506,2024,2020-12-21
2024-12-22,rm,18.3390223056042,2024,2020-12-22
2024-12-23,rm,18.4445339971304,2024,2020-12-23
2024-12-24,rm,18.5566900867225,2024,2020-12-24
2024-12-25,rm,18.7004920604724,2024,2020-12-25
2024-12-26,rm,18.9395697300511,2024,2020-12-26
2024-12-27,rm,19.1002443213141,2024,2020-12-27
2024-12-28,rm,19.1545733044602,2024,2020-12-28
2024-12-29,rm,19.1882074804611,2024,2020-12-29
2024-12-30,rm,19.2884046285994,2024,2020-12-30
2024-12-31,rm,19.4514344486604,2024,2020-12-31
2025-01-01,rm,19.6012639644957,2025,2020-01-01
2025-01-02,rm,19.5923781886697,2025,2020-01-02
2025-01-03,rm,19.6578986111694,2025,2020-01-03
2025-01-04,rm,19.8598256180129,2025,2020-01-04
2025-01-05,rm,19.9310068233585,2025,2020-01-05
2025-01-06,rm,19.8571942453103,2025,2020-01-06
2025-01-07,rm,19.7935146005593,2025,2020-01-07
2025-01-08,rm,19.6986369009944,2025,2020-01-08
2025-01-09,rm,19.5099262161044,2025,2020-01-09
2025-01-10,rm,19.4576269973873,2025,2020-01-10
2025-01-11,rm,19.5431002091523,2025,2020-01-11
2025-01-12,rm,19.6956978906566,2025,2020-01-12
2025-01-13,rm,20.0254434588042,2025,2020-01-13
2025-01-14,rm,20.3441389478061,2025,2020-01-14
2025-01-15,rm,20.5214401748632,2025,2020-01-15
2025-01-16,rm,20.6434717716183,2025,2020-01-16
2025-01-17,rm,20.7627654996717,2025,2020-01-17
2025-01-18,rm,20.8440777311638,2025,2020-01-18
2025-01-19,rm,20.9532970587608,2025,2020-01-19
2025-01-20,rm,21.0189407322938,2025,2020-01-20
2025-01-21,rm,21.1113695073776,2025,2020-01-21
2025-01-22,rm,21.1531131438502,2025,2020-01-22
2025-01-23,rm,21.029007142137,2025,2020-01-23
2025-01-24,rm,20.8857533992308,2025,2020-01-24
2025-01-25,rm,20.7491479261793,2025,2020-01-25
2025-01-26,rm,20.5668550500337,2025,2020-01-26
2025-01-27,rm,20.3065967287448,2025,2020-01-27
2025-01-28,rm,20.0105629328124,2025,2020-01-28
2025-01-29,rm,19.7897847915263,2025,2020-01-29
2025-01-30,rm,19.7130116917261,2025,2020-01-30
2025-01-31,rm,19.6345571763285,2025,2020-01-31
2025-02-01,rm,19.4932908884041,2025,2020-02-01
2025-02-02,rm,19.4743087990864,2025,2020-02-02
2025-02-03,rm,19.6142598028948,2025,2020-02-03
2025-02-04,rm,19.763671012387,2025,2020-02-04
2025-02-05,rm,19.8724937943426,2025,2020-02-05
2025-02-06,rm,20.0285502859467,2025,2020-02-06
2025-02-07,rm,19.9989132315304,2025,2020-02-07
2025-02-08,rm,19.8818466876633,2025,2020-02-08
2025-02-09,rm,19.7460000521975,2025,2020-02-09
2025-02-10,rm,19.5604932879248,2025,2020-02-10
2025-02-11,rm,19.3521721071774,2025,2020-02-11
2025-02-12,rm,19.2762871729659,2025,2020-02-12
2025-02-13,rm,19.230177753034,2025,2020-02-13
2025-02-14,rm,19.2197383079864,2025,2020-02-14
2025-02-15,rm,19.2414207265947,2025,2020-02-15
2025-02-16,rm,19.2774175769679,2025,2020-02-16
2025-02-17,rm,19.3362080885508,2025,2020-02-17
2025-02-18,rm,19.3923431009812,2025,2020-02-18
2025-02-19,rm,19.4529444578281,2025,2020-02-19
2025-02-20,rm,19.5123336433933,2025,2020-02-20
2025-02-21,rm,19.5208836959742,2025,2020-02-21
2025-02-22,rm,19.5663924538985,2025,2020-02-22
2025-02-23,rm,19.6197891264723,2025,2020-02-23
2025-02-24,rm,19.6087359050775,2025,2020-02-24
2025-02-25,rm,19.62265637998,2025,2020-02-25
2025-02-26,rm,19.5728528685844,2025,2020-02-26
2025-02-27,rm,19.5036089792405,2025,2020-02-27
2025-02-28,rm,19.4527772534248,2025,2020-02-28
2025-03-01,rm,19.3984306376872,2025,2020-03-01
2025-03-02,rm,19.3121007812312,2025,2020-03-02
2025-03-03,rm,19.1844609503158,2025,2020-03-03
2025-03-04,rm,18.9890644790204,2025,2020-03-04
2025-03-05,rm,18.7757165524964,2025,2020-03-05
2025-03-06,rm,18.5077636116427,2025,2020-03-06
2025-03-07,rm,18.2438879059763,2025,2020-03-07
2025-03-08,rm,17.984884599564,2025,2020-03-08
2025-03-09,rm,17.6200088861679,2025,2020-03-09
2025-03-10,rm,17.3225244208775,2025,2020-03-10
2025-03-11,rm,17.1370522635761,2025,2020-03-11
2025-03-12,rm,16.8960871496066,2025,2020-03-12
2025-03-13,rm,16.7265047177401,2025,2020-03-13
2025-03-14,rm,16.5713496897102,2025,2020-03-14
2025-03-15,rm,16.3584773673958,2025,2020-03-15
2025-03-16,rm,16.1614224526328,2025,2020-03-16
2025-03-17,rm,16.0036323231607,2025,2020-03-17
2025-03-18,rm,15.9010006714118,2025,2020-03-18
2025-03-19,rm,15.6728531058614,2025,2020-03-19
2025-03-20,rm,15.4447046941763,2025,2020-03-20
2025-03-21,rm,15.2396993101827,2025,2020-03-21
2025-03-22,rm,14.988490003323,2025,2020-03-22
2025-03-23,rm,14.6650296119748,2025,2020-03-23
2025-03-24,rm,14.5609825036885,2025,2020-03-24
2025-03-25,rm,14.4272079244913,2025,2020-03-25
2025-03-26,rm,14.3094901121799,2025,2020-03-26
2025-03-27,rm,14.1869726478234,2025,2020-03-27
2025-03-28,rm,14.0622705849536,2025,2020-03-28
2025-03-29,rm,13.9023084963803,2025,2020-03-29
2025-03-30,rm,13.6966161046683,2025,2020-03-30
2025-03-31,rm,13.6043394667871,2025,2020-03-31
2025-04-01,rm,13.5382197452927,2025,2020-04-01
2025-04-02,rm,13.4521383258084,2025,2020-04-02
2025-04-03,rm,13.3597446998098,2025,2020-04-03
2025-04-04,rm,13.2804860859706,2025,2020-04-04
2025-04-05,rm,13.2194490800874,2025,2020-04-05
2025-04-06,rm,13.5382115154605,2025,2020-04-06
2025-04-07,rm,13.7599112696485,2025,2020-04-07
2025-04-08,rm,13.8172380883187,2025,2020-04-08
2025-04-09,rm,13.8996825400062,2025,2020-04-09
2025-04-10,rm,13.8391276074264,2025,2020-04-10
2025-04-11,rm,13.4686865825955,2025,2020-04-11
2025-04-12,rm,12.9846555558453,2025,2020-04-12
2025-04-13,rm,12.5351096124398,2025,2020-04-13
2025-04-14,rm,11.9499628070383,2025,2020-04-14
2025-04-15,rm,11.3089215205701,2025,2020-04-15
2025-04-16,rm,10.7540165237107,2025,2020-04-16
2025-04-17,rm,10.3497182763331,2025,2020-04-17
2025-04-18,rm,10.2888382067306,2025,2020-04-18
2025-04-19,rm,10.1327520002932,2025,2020-04-19
2025-04-20,rm,9.94304596250175,2025,2020-04-20
2025-04-21,rm,9.64838635707105,2025,2020-04-21
2025-04-22,rm,9.34396083290721,2025,2020-04-22
2025-04-23,rm,9.02089417379299,2025,2020-04-23
2025-04-24,rm,8.8073074405173,2025,2020-04-24
2025-04-25,rm,8.73096888842165,2025,2020-04-25
2025-04-26,rm,8.6033386054316,2025,2020-04-26
2025-04-27,rm,8.47996176638997,2025,2020-04-27
2025-04-28,rm,8.0368488023326,2025,2020-04-28
2025-04-29,rm,7.57367954880306,2025,2020-04-29
2025-04-30,rm,7.17732010150396,2025,2020-04-30
2025-05-01,rm,6.86149452940084,2025,2020-05-01
2025-05-02,rm,6.5199098667577,2025,2020-05-02
2025-05-03,rm,6.18252031188424,2025,2020-05-03
2025-05-04,rm,5.67083920129914,2025,2020-05-04
2025-05-05,rm,5.52610556610474,2025,2020-05-05
2025-05-06,rm,5.4459294564882,2025,2020-05-06
2025-05-07,rm,5.32904539693271,2025,2020-05-07
2025-05-08,rm,5.32100380798728,2025,2020-05-08
2025-05-09,rm,5.529155735015,2025,2020-05-09
2025-05-10,rm,5.760042408812,2025,2020-05-10
2025-05-11,rm,5.79326767810925,2025,2020-05-11
2025-05-12,rm,5.95678209124344,2025,2020-05-12
2025-05-13,rm,6.06602157881198,2025,2020-05-13
2025-05-14,rm,6.1074272980075,2025,2020-05-14
2025-05-15,rm,6.21704064503725,2025,2020-05-15
2025-05-16,rm,6.26224323928193,2025,2020-05-16
2025-05-17,rm,6.37810470274163,2025,2020-05-17
2025-05-18,rm,6.58923172959951,2025,2020-05-18
2025-05-19,rm,6.5555464363002,2025,2020-05-19
2025-05-20,rm,6.51464879350451,2025,2020-05-20
2025-05-21,rm,6.48182468270183,2025,2020-05-21
2025-05-22,rm,6.45269645970037,2025,2020-05-22
2025-05-23,rm,6.41928125990632,2025,2020-05-23
2025-05-24,rm,6.41883935151599,2025,2020-05-24
2025-05-25,rm,6.35206709865944,2025,2020-05-25
2025-05-26,rm,6.35509289480179,2025,2020-05-26
2025-05-27,rm,6.41774791606416,2025,2020-05-27
2025-05-28,rm,6.48231797108286,2025,2020-05-28
2025-05-29,rm,6.54732803438767,2025,2020-05-29
2025-05-30,rm,6.54718392970866,2025,2020-05-30
2025-05-31,rm,6.52050807897052,2025,2020-05-31
2025-06-01,rm,6.42169602351173,2025,2020-06-01
2025-06-02,rm,5.99817023383359,2025,2020-06-02
2025-06-03,rm,5.5774672340635,2025,2020-06-03
2025-06-04,rm,5.19109158749282,2025,2020-06-04
2025-06-05,rm,4.7920884300573,2025,2020-06-05
2025-06-06,rm,4.36363759378365,2025,2020-06-06
2025-06-07,rm,4.0294606052631,2025,2020-06-07
2025-06-08,rm,3.87844779215867,2025,2020-06-08
2025-06-09,rm,3.66221246602015,2025,2020-06-09
2025-06-10,rm,3.47440056828349,2025,2020-06-10
2025-06-11,rm,3.37122799980149,2025,2020-06-11
2025-06-12,rm,3.14032533112138,2025,2020-06-12
2025-06-13,rm,2.71004947209315,2025,2020-06-13
2025-06-14,rm,2.35195022449437,2025,2020-06-14
2025-06-15,rm,2.03131826028209,2025,2020-06-15
2025-06-16,rm,1.97080242503959,2025,2020-06-16
2025-06-17,rm,1.92026872734328,2025,2020-06-17
2025-06-18,rm,1.8473902855564,2025,2020-06-18
2025-06-19,rm,1.62921247284735,2025,2020-06-19
2025-06-20,rm,1.25404999583918,2025,2020-06-20
2025-06-21,rm,0.904078298832213,2025,2020-06-21
2025-06-22,rm,0.667576124159726,2025,2020-06-22
2025-06-23,rm,0.571560967651249,2025,2020-06-23
2025-06-24,rm,0.455644319212125,2025,2020-06-24
2025-06-25,rm,0.354084172571025,2025,2020-06-25
2025-06-26,rm,0.259687281593089,2025,2020-06-26
2025-06-27,rm,0.247240848527526,2025,2020-06-27
2025-06-28,rm,0.246180531289396,2025,2020-06-28
2025-06-29,rm,0.241454430892217,2025,2020-06-29
2025-06-30,rm,0.2188788766415,2025,2020-06-30
2025-07-01,rm,0.195314596494321,2025,2020-07-01
2025-07-02,rm,0.189771001023813,2025,2020-07-02
2025-07-03,rm,0.163533123926912,2025,2020-07-03
2025-07-04,rm,0.158642374312518,2025,2020-07-04
2025-07-05,rm,0.138046266139916,2025,2020-07-05
2025-07-06,rm,0.100799131241846,2025,2020-07-06
2025-07-07,rm,0.0988573202109045,2025,2020-07-07
2025-07-08,rm,0.228589498028985,2025,2020-07-08
2025-07-09,rm,0.326191803118066,2025,2020-07-09
2025-07-10,rm,0.376744936028626,2025,2020-07-10
2025-07-11,rm,0.428143134556025,2025,2020-07-11
2025-07-12,rm,0.453079265105854,2025,2020-07-12
2025-07-13,rm,0.460498922592925,2025,2020-07-13
2025-07-14,rm,0.454346370403087,2025,2020-07-14
2025-07-15,rm,0.442093936485446,2025,2020-07-15
2025-07-16,rm,0.466378177894933,2025,2020-07-16
2025-07-17,rm,0.507447408893155,2025,2020-07-17
2025-07-18,rm,0.512763344658042,2025,2020-07-18
2025-07-19,rm,0.51344168723714,2025,2020-07-19
2025-07-20,rm,0.513580437134282,2025,2020-07-20
2025-07-21,rm,0.534465846104749,2025,2020-07-21
2025-07-22,rm,0.542850556755375,2025,2020-07-22
2025-07-23,rm,0.546172625188714,2025,2020-07-23
2025-07-24,rm,0.569372570212107,2025,2020-07-24
2025-07-25,rm,0.596111414678614,2025,2020-07-25
2025-07-26,rm,0.626188788618651,2025,2020-07-26
2025-07-27,rm,0.652835303518446,2025,2020-07-27
2025-07-28,rm,0.713184145169382,2025,2020-07-28
2025-07-29,rm,0.772287519251826,2025,2020-07-29
2025-07-30,rm,0.823625867032352,2025,2020-07-30
2025-07-31,rm,0.858000494370014,2025,2020-07-31
2025-08-01,rm,0.897133894486608,2025,2020-08-01
2025-08-02,rm,0.968790197471327,2025,2020-08-02
2025-08-03,rm,1.01324796136276,2025,2020-08-03
2025-08-04,rm,1.02742443436291,2025,2020-08-04
2025-08-05,rm,0.896725390132873,2025,2020-08-05
2025-08-06,rm,0.801754405569611,2025,2020-08-06
2025-08-07,rm,0.751345286952879,2025,2020-08-07
2025-08-08,rm,0.69994708842548,2025,2020-08-08
2025-08-09,rm,0.675010957875652,2025,2020-08-09
2025-08-10,rm,0.667452486067261,2025,2020-08-10
2025-08-11,rm,0.64908790210286,2025,2020-08-11
2025-08-12,rm,0.643299711335361,2025,2020-08-12
2025-08-13,rm,0.619015469925873,2025,2020-08-13
2025-08-14,rm,0.577946238927652,2025,2020-08-14
2025-08-15,rm,0.572630303162765,2025,2020-08-15
2025-08-16,rm,0.572615765748533,2025,2020-08-16
2025-08-17,rm,0.576219801339565,2025,2020-08-17
2025-08-18,rm,0.556913294893742,2025,2020-08-18
2025-08-19,rm,0.54866513733815,2025,2020-08-19
2025-08-20,rm,0.564191116805066,2025,2020-08-20
2025-08-21,rm,0.565937486882875,2025,2020-08-21
2025-08-22,rm,0.567641600202252,2025,2020-08-22
2025-08-23,rm,0.604609550045996,2025,2020-08-23
2025-08-24,rm,0.640147343443026,2025,2020-08-24
2025-08-25,rm,0.609397978552832,2025,2020-08-25
2025-08-26,rm,0.554793379789962,2025,2020-08-26
2025-08-27,rm,0.506597810531514,2025,2020-08-27
2025-08-28,rm,0.480172683557889,2025,2020-08-28
2025-08-29,rm,0.465704005175468,2025,2020-08-29
2025-08-30,rm,0.446036227795438,2025,2020-08-30
2025-08-31,rm,0.413969406078319,2025,2020-08-31
2025-09-01,rm,0.382168495448537,2025,2020-09-01
2025-09-02,rm,0.43983269949231,2025,2020-09-02
2025-09-03,rm,0.461221646455132,2025,2020-09-03
2025-09-04,rm,0.465090149652174,2025,2020-09-04
2025-09-05,rm,0.535865007242339,2025,2020-09-05
2025-09-06,rm,0.605689798350847,2025,2020-09-06
2025-09-07,rm,0.635095762530114,2025,2020-09-07
2025-09-08,rm,0.644887545927692,2025,2020-09-08
2025-09-09,rm,0.677989587183913,2025,2020-09-09
2025-09-10,rm,0.732657449887167,2025,2020-09-10
2025-09-11,rm,0.769969882380338,2025,2020-09-11
2025-09-12,rm,0.8387182846317,2025,2020-09-12
2025-09-13,rm,0.873819188732696,2025,2020-09-13
2025-09-14,rm,0.936355468491029,2025,2020-09-14
2025-09-15,rm,0.939530000252027,2025,2020-09-15
2025-09-16,rm,0.998404500591267,2025,2020-09-16
2025-09-17,rm,1.05004677501062,2025,2020-09-17
2025-09-18,rm,1.02870208353485,2025,2020-09-18
2025-09-19,rm,1.00025912574896,2025,2020-09-19
2025-09-20,rm,0.933698888573644,2025,2020-09-20
2025-09-21,rm,0.873899301099177,2025,2020-09-21
2025-09-22,rm,0.86996612753074,2025,2020-09-22
2025-09-23,rm,0.975185682185216,2025,2020-09-23
2025-09-24,rm,1.23291038392041,2025,2020-09-24
2025-09-25,rm,1.46784451918783,2025,2020-09-25
2025-09-26,rm,1.61628560712454,2025,2020-09-26
2025-09-27,rm,1.7256606075106,2025,2020-09-27
2025-09-28,rm,1.85396840456067,2025,2020-09-28
2025-09-29,rm,2.18795622831048,2025,2020-09-29
2025-09-30,rm,2.55778409033501,2025,2020-09-30
2025-10-01,rm,2.99637075382697,2025,2020-10-01
2025-10-02,rm,3.48946804796829,2025,2020-10-02
2025-10-03,rm,3.94651734633771,2025,2020-10-03
2025-10-04,rm,4.31707135165542,2025,2020-10-04
2025-10-05,rm,4.72633690200083,2025,2020-10-05
2025-10-06,rm,5.16081794674945,2025,2020-10-06
2025-10-07,rm,5.42409562888477,2025,2020-10-07
2025-10-08,rm,5.58751635551541,2025,2020-10-08
2025-10-09,rm,5.72108542782824,2025,2020-10-09
2025-10-10,rm,5.86138384351573,2025,2020-10-10
2025-10-11,rm,6.01595283530033,2025,2020-10-11
2025-10-12,rm,6.21262460783247,2025,2020-10-12
2025-10-13,rm,6.52530512455137,2025,2020-10-13
2025-10-14,rm,6.86391505530433,2025,2020-10-14
2025-10-15,rm,7.17969802724728,2025,2020-10-15
2025-10-16,rm,7.58635317673124,2025,2020-10-16
2025-10-17,rm,8.00306480721942,2025,2020-10-17
2025-10-18,rm,8.45718100332935,2025,2020-10-18
2025-10-19,rm,8.96916938166915,2025,2020-10-19
2025-10-20,rm,9.38239028188298,2025,2020-10-20
2025-10-21,rm,9.61510457366459,2025,2020-10-21
2025-10-22,rm,9.59292925752675,2025,2020-10-22
2025-10-23,rm,9.66719841131964,2025,2020-10-23
2025-10-24,rm,9.97051071243868,2025,2020-10-24
2025-10-25,rm,10.3026914660832,2025,2020-10-25
2025-10-26,rm,10.6375568220178,2025,2020-10-26
2025-10-27,rm,10.8156898482986,2025,2020-10-27
2025-10-28,rm,10.8266786281669,2025,2020-10-28
2025-10-29,rm,10.6946369368931,2025,2020-10-29
2025-10-30,rm,10.5473310297025,2025,2020-10-30
2025-10-31,rm,10.4018443406626,2025,2020-10-31
2025-11-01,rm,10.2450460594315,2025,2020-11-01
2025-11-02,rm,10.1482739877955,2025,2020-11-02
2025-11-03,rm,10.1803576383051,2025,2020-11-03
2025-11-04,rm,10.4016686715743,2025,2020-11-04
2025-11-05,rm,10.7006531104773,2025,2020-11-05
2025-11-06,rm,11.0405659986585,2025,2020-11-06
2025-11-07,rm,11.3518515942795,2025,2020-11-07
2025-11-08,rm,11.701361644335,2025,2020-11-08
2025-11-09,rm,11.9504755549667,2025,2020-11-09
2025-11-10,rm,12.1359061460255,2025,2020-11-10
2025-11-11,rm,12.2753375357406,2025,2020-11-11
2025-11-12,rm,12.4531816543919,2025,2020-11-12
2025-11-13,rm,12.5784835715143,2025,2020-11-13
2025-11-14,rm,12.6877958570587,2025,2020-11-14
2025-11-15,rm,12.7187981005936,2025,2020-11-15
2025-11-16,rm,12.6686291722741,2025,2020-11-16
2025-11-17,rm,12.7554938366777,2025,2020-11-17
2025-11-18,rm,13.1117460413257,2025,2020-11-18
2025-11-19,rm,13.6297083864507,2025,2020-11-19
2025-11-20,rm,14.0267897292702,2025,2020-11-20
2025-11-21,rm,14.2983182397591,2025,2020-11-21
2025-11-22,rm,14.6268120243606,2025,2020-11-22
2025-11-23,rm,15.0164237315299,2025,2020-11-23
2025-11-24,rm,15.2129489421974,2025,2020-11-24
2025-11-25,rm,15.4493558186318,2025,2020-11-25
2025-11-26,rm,15.7934900053478,2025,2020-11-26
2025-11-27,rm,16.1746552900896,2025,2020-11-27
2025-11-28,rm,16.6146173734067,2025,2020-11-28
2025-11-29,rm,17.0731407993716,2025,2020-11-29
2025-11-30,rm,17.4128451317635,2025,2020-11-30
2025-12-01,rm,17.56880381339,2025,2020-12-01
2025-12-02,rm,17.723816832025,2025,2020-12-02
2025-12-03,rm,17.8778899725812,2025,2020-12-03
2025-12-04,rm,18.0237290165731,2025,2020-12-04
2025-12-05,rm,18.1235107922329,2025,2020-12-05
2025-12-06,rm,18.2107655180739,2025,2020-12-06
2025-12-07,rm,18.2883214607687,2025,2020-12-07
2025-12-08,rm,18.2959936303904,2025,2020-12-08
2025-12-09,rm,18.3125646451048,2025,2020-12-09
2025-12-10,rm,18.3461152929517,2025,2020-12-10
2025-12-11,rm,18.3907682154334,2025,2020-12-11
2025-12-12,rm,18.5040720377426,2025,2020-12-12
2025-12-13,rm,18.6941089883876,2025,2020-12-13
2025-12-14,rm,18.9373738710336,2025,2020-12-14
2025-12-15,rm,19.1534302182874,2025,2020-12-15
2025-12-16,rm,19.1539117866435,2025,2020-12-16
2025-12-17,rm,19.044976493708,2025,2020-12-17
2025-12-18,rm,18.9702359713125,2025,2020-12-18
2025-12-19,rm,18.8716188850933,2025,2020-12-19
2025-12-20,rm,18.7255512946638,2025,2020-12-20
2025-12-21,rm,18.5403340384085,2025,2020-12-21
2025-12-22,rm,18.4979321804785,2025,2020-12-22
2025-12-23,rm,18.5108675736111,2025,2020-12-23
2025-12-24,rm,18.5795565168112,2025,2020-12-24
2025-12-25,rm,18.6158966870359,2025,2020-12-25
2025-12-26,rm,18.5622310286329,2025,2020-12-26
2025-12-27,rm,18.5613945168587,2025,2020-12-27
2025-12-28,rm,18.6058362865485,2025,2020-12-28
2025-12-29,rm,18.7525178091031,2025,2020-12-29
2025-12-30,rm,18.8706726702698,2025,2020-12-30
2025-12-31,rm,19.0586329523519,2025,2020-12-31
2026-01-01,rm,19.1866443514575,2026,2020-01-01
2026-01-02,rm,19.2999055943362,2026,2020-01-02
2026-01-03,rm,19.4536253498288,2026,2020-01-03
2026-01-04,rm,19.7404703558274,2026,2020-01-04
2026-01-05,rm,20.2037963719132,2026,2020-01-05
2026-01-06,rm,20.5903121781701,2026,2020-01-06
2026-01-07,rm,20.9451930805233,2026,2020-01-07
2026-01-08,rm,21.2853181155477,2026,2020-01-08
2026-01-09,rm,21.4729784163868,2026,2020-01-09
2026-01-10,rm,21.6194408641223,2026,2020-01-10
2026-01-11,rm,21.8301927493576,2026,2020-01-11
2026-01-12,rm,21.9828854144458,2026,2020-01-12
2026-01-13,rm,21.9891035768979,2026,2020-01-13
2026-01-14,rm,22.0718964535206,2026,2020-01-14
2026-01-15,rm,22.1632534391308,2026,2020-01-15
2026-01-16,rm,22.2586319708329,2026,2020-01-16
2026-01-17,rm,22.2941262640341,2026,2020-01-17
2026-01-18,rm,22.3392161540169,2026,2020-01-18
2026-01-19,rm,22.4812171080834,2026,2020-01-19
2026-01-20,rm,22.6768650780635,2026,2020-01-20
2026-01-21,rm,22.8591608746162,2026,2020-01-21
2026-01-22,rm,23.0313487734918,2026,2020-01-22
2026-01-23,rm,23.1412144530935,2026,2020-01-23
2026-01-24,rm,23.1915583957398,2026,2020-01-24
2026-01-25,rm,23.1754788561899,2026,2020-01-25
2026-01-26,rm,23.0939393482229,2026,2020-01-26
2026-01-27,rm,23.0214767266331,2026,2020-01-27
2026-01-28,rm,22.8542241686352,2026,2020-01-28
2026-01-29,rm,22.7513317401365,2026,2020-01-29
2026-01-30,rm,22.738848995917,2026,2020-01-30
2026-01-31,rm,22.697031742828,2026,2020-01-31
2026-02-01,rm,22.5987506008884,2026,2020-02-01
2026-02-02,rm,22.3943226102365,2026,2020-02-02
2026-02-03,rm,22.1699753348634,2026,2020-02-03
2026-02-04,rm,21.919592125914,2026,2020-02-04
2026-02-05,rm,21.6351066302034,2026,2020-02-05
2026-02-06,rm,21.4281217714078,2026,2020-02-06
2026-02-07,rm,21.1855491549919,2026,2020-02-07
2026-02-08,rm,20.8716216070432,2026,2020-02-08
2026-02-09,rm,20.625226441712,2026,2020-02-09
2026-02-10,rm,20.5601984300371,2026,2020-02-10
2026-02-11,rm,20.4093322706685,2026,2020-02-11
2026-02-12,rm,20.2100214275514,2026,2020-02-12
2026-02-13,rm,19.9915544202402,2026,2020-02-13
2026-02-14,rm,19.8884725961813,2026,2020-02-14
2026-02-15,rm,19.9054413767106,2026,2020-02-15
2026-02-16,rm,19.8445417944419,2026,2020-02-16
2026-02-17,rm,19.6447761635088,2026,2020-02-17
2026-02-18,rm,19.4105113352168,2026,2020-02-18
2026-02-19,rm,19.1948412386482,2026,2020-02-19
2026-02-20,rm,19.0668558404976,2026,2020-02-20
2026-02-21,rm,18.9566449704609,2026,2020-02-21
2026-02-22,rm,18.7941741261965,2026,2020-02-22
2026-02-23,rm,18.5437128526368,2026,2020-02-23
2026-02-24,rm,18.3427069714443,2026,2020-02-24
2026-02-25,rm,18.1770593259633,2026,2020-02-25
2026-02-26,rm,18.0476078269225,2026,2020-02-26
2026-02-27,rm,17.8437478203347,2026,2020-02-27
2026-02-28,rm,17.6080732834366,2026,2020-02-28
2026-03-01,rm,17.3262563811211,2026,2020-03-01
2026-03-02,rm,17.0661517565663,2026,2020-03-02
2026-03-03,rm,16.887057301633,2026,2020-03-03
2026-03-04,rm,16.7285159901263,2026,2020-03-04
2026-03-05,rm,16.6160564792642,2026,2020-03-05
2026-03-06,rm,16.4755073511705,2026,2020-03-06
2026-03-07,rm,16.3571736103955,2026,2020-03-07
2026-03-08,rm,16.21379306793,2026,2020-03-08
2026-03-09,rm,16.0054677868371,2026,2020-03-09
2026-03-10,rm,15.8018325484082,2026,2020-03-10
2026-03-11,rm,15.6680464165161,2026,2020-03-11
2026-03-12,rm,15.608133175778,2026,2020-03-12
2026-03-13,rm,15.5281432127343,2026,2020-03-13
2026-03-14,rm,15.2805084755306,2026,2020-03-14
2026-03-15,rm,15.0449121950481,2026,2020-03-15
2026-03-16,rm,14.8179674034567,2026,2020-03-16
2026-03-17,rm,14.7220389939944,2026,2020-03-17
2026-03-18,rm,14.5507743399525,2026,2020-03-18
2026-03-19,rm,14.3553019624613,2026,2020-03-19
2026-03-20,rm,14.1352383729913,2026,2020-03-20
2026-03-21,rm,13.9863044913685,2026,2020-03-21
2026-03-22,rm,13.9455622763202,2026,2020-03-22
2026-03-23,rm,13.9987964014917,2026,2020-03-23
2026-03-24,rm,13.9456520368339,2026,2020-03-24
2026-03-25,rm,13.8693287050741,2026,2020-03-25
2026-03-26,rm,13.9532011339015,2026,2020-03-26
2026-03-27,rm,14.0836787365609,2026,2020-03-27
2026-03-28,rm,14.2037924906606,2026,2020-03-28
2026-03-29,rm,14.3042974644063,2026,2020-03-29
2026-03-30,rm,14.400511957726,2026,2020-03-30
2026-03-31,rm,14.4806533643195,2026,2020-03-31
2026-04-01,rm,14.505007835583,2026,2020-04-01
2026-04-02,rm,14.5316547085702,2026,2020-04-02
2026-04-03,rm,14.5062484285307,2026,2020-04-03
2026-04-04,rm,14.452645066365,2026,2020-04-04
2026-04-05,rm,14.0954783012138,2026,2020-04-05
2026-04-06,rm,13.828957427282,2026,2020-04-06
2026-04-07,rm,13.7079181143666,2026,2020-04-07
2026-04-08,rm,13.6637644430703,2026,2020-04-08
2026-04-09,rm,13.6420033849266,2026,2020-04-09
2026-04-10,rm,13.7511518648242,2026,2020-04-10
2026-04-11,rm,13.799155115474,2026,2020-04-11
2026-04-12,rm,13.6463641406491,2026,2020-04-12
2026-04-13,rm,13.3476232118696,2026,2020-04-13
2026-04-14,rm,13.1454890935196,2026,2020-04-14
2026-04-15,rm,12.8435881139043,2026,2020-04-15
2026-04-16,rm,12.491063257981,2026,2020-04-16
2026-04-17,rm,12.0943326986469,2026,2020-04-17
2026-04-18,rm,11.6741083300651,2026,2020-04-18
2026-04-19,rm,11.3650977829613,2026,2020-04-19
2026-04-20,rm,11.2667587211515,2026,2020-04-20
2026-04-21,rm,11.2921423412671,2026,2020-04-21
2026-04-22,rm,11.2974958351441,2026,2020-04-22
2026-04-23,rm,10.9436285800268,2026,2020-04-23
2026-04-24,rm,10.4564256738228,2026,2020-04-24
2026-04-25,rm,9.92290344689482,2026,2020-04-25
2026-04-26,rm,9.43893430710667,2026,2020-04-26
2026-04-27,rm,9.03423928964039,2026,2020-04-27
2026-04-28,rm,8.5549380720373,2026,2020-04-28
2026-04-29,rm,8.34983840013536,2026,2020-04-29
2026-04-30,rm,8.25460277806664,2026,2020-04-30
2026-05-01,rm,8.06814085175319,2026,2020-05-01
2026-05-02,rm,7.71371557871819,2026,2020-05-02
2026-05-03,rm,7.63862000533641,2026,2020-05-03
2026-05-04,rm,7.49851266029968,2026,2020-05-04
2026-05-05,rm,7.26581202798196,2026,2020-05-05
2026-05-06,rm,6.97240040332347,2026,2020-05-06
2026-05-07,rm,6.67690644556694,2026,2020-05-07
2026-05-08,rm,6.24729020611487,2026,2020-05-08
2026-05-09,rm,5.91560324542266,2026,2020-05-09
2026-05-10,rm,5.61266426853117,2026,2020-05-10
2026-05-11,rm,5.51064311616413,2026,2020-05-11
2026-05-12,rm,5.59733403505291,2026,2020-05-12
2026-05-13,rm,5.76980253955032,2026,2020-05-13
2026-05-14,rm,5.97724655338875,2026,2020-05-14
2026-05-15,rm,6.27301723503484,2026,2020-05-15
2026-05-16,rm,6.59959656057912,2026,2020-05-16
2026-05-17,rm,6.75983178079149,2026,2020-05-17
2026-05-18,rm,6.55720740602299,2026,2020-05-18
2026-05-19,rm,6.21506741771753,2026,2020-05-19
2026-05-20,rm,5.86746989660414,2026,2020-05-20
2026-05-21,rm,5.64249186405587,2026,2020-05-21
2026-05-22,rm,5.50880582433461,2026,2020-05-22
2026-05-23,rm,5.42745528734007,2026,2020-05-23
2026-05-24,rm,5.31964427976833,2026,2020-05-24
2026-05-25,rm,5.12154545532562,2026,2020-05-25
2026-05-26,rm,4.98540989864541,2026,2020-05-26
2026-05-27,rm,4.62466734836595,2026,2020-05-27
2026-05-28,rm,4.1774098624277,2026,2020-05-28
2026-05-29,rm,3.91872722194391,2026,2020-05-29
2026-05-30,rm,3.86944125985852,2026,2020-05-30
2026-05-31,rm,3.84419638318507,2026,2020-05-31
2026-06-01,rm,3.85111492777518,2026,2020-06-01
2026-06-02,rm,3.80242467629308,2026,2020-06-02
2026-06-03,rm,3.79877252688523,2026,2020-06-03
2026-06-04,rm,3.68061202038302,2026,2020-06-04
2026-06-05,rm,3.67917889313724,2026,2020-06-05
2026-06-06,rm,3.64844913638244,2026,2020-06-06
2026-06-07,rm,3.60432849549982,2026,2020-06-07
2026-06-08,rm,3.47328866367258,2026,2020-06-08
2026-06-09,rm,3.0515674833124,2026,2020-06-09
2026-06-10,rm,2.84234573846524,2026,2020-06-10
2026-06-11,rm,2.64889096707572,2026,2020-06-11
2026-06-12,rm,2.33596950331539,2026,2020-06-12
2026-06-13,rm,1.90289986151185,2026,2020-06-13
2026-06-14,rm,1.5558548778576,2026,2020-06-14
2026-06-15,rm,1.38412727437269,2026,2020-06-15
2026-06-16,rm,1.26069798464277,2026,2020-06-16
2026-06-17,rm,1.15501368684884,2026,2020-06-17
2026-06-18,rm,1.09768563714189,2026,2020-06-18
2026-06-19,rm,1.07106429911648,2026,2020-06-19
2026-06-20,rm,1.06236423852685,2026,2020-06-20
2026-06-21,rm,1.05727175929231,2026,2020-06-21
2026-06-22,rm,1.05452099531737,2026,2020-06-22
2026-06-23,rm,1.05311889844015,2026,2020-06-23
2026-06-24,rm,1.05098220669995,2026,2020-06-24
2026-06-25,rm,1.04343680055464,2026,2020-06-25
2026-06-26,rm,1.0345335950997,2026,2020-06-26
2026-06-27,rm,1.03065162494307,2026,2020-06-27
2026-06-28,rm,1.02724599183959,2026,2020-06-28
2026-06-29,rm,0.987562989896602,2026,2020-06-29
2026-06-30,rm,0.95327187950365,2026,2020-06-30
2026-07-01,rm,0.869393107652884,2026,2020-07-01
2026-07-02,rm,0.839101625487329,2026,2020-07-02
2026-07-03,rm,0.721298701227116,2026,2020-07-03
2026-07-04,rm,0.679942575189598,2026,2020-07-04
2026-07-05,rm,0.662872537112591,2026,2020-07-05
2026-07-06,rm,0.664925231575618,2026,2020-07-06
2026-07-07,rm,0.612863352063507,2026,2020-07-07
2026-07-08,rm,0.432887254312914,2026,2020-07-08
2026-07-09,rm,0.243988385909186,2026,2020-07-09
2026-07-10,rm,0.127419143542863,2026,2020-07-10
2026-07-11,rm,0.12166720801108,2026,2020-07-11
2026-07-12,rm,0.110734572449083,2026,2020-07-12
2026-07-13,rm,0.0831955860306556,2026,2020-07-13
2026-07-14,rm,0.0591354749279127,2026,2020-07-14
2026-07-15,rm,0.059748250250222,2026,2020-07-15
2026-07-16,rm,0.059748250250222,2026,2020-07-16
2026-07-17,rm,0.059748250250222,2026,2020-07-17
2026-07-18,rm,0.0631582485321078,2026,2020-07-18
2026-07-19,rm,0.0889415829230687,2026,2020-07-19
2026-07-20,rm,0.109785810036597,2026,2020-07-20
2026-07-21,rm,0.139556184880808,2026,2020-07-21
2026-07-22,rm,0.166219099301647,2026,2020-07-22
2026-07-23,rm,0.193347254994975,2026,2020-07-23
2026-07-24,rm,0.218215914933266,2026,2020-07-24
2026-07-25,rm,0.218664863449484,2026,2020-07-25
2026-07-26,rm,0.225764752670611,2026,2020-07-26
2026-07-27,rm,0.22916637801031,2026,2020-07-27
2026-07-28,rm,0.22916637801031,2026,2020-07-28
2026-07-29,rm,0.208402793552685,2026,2020-07-29
2026-07-30,rm,0.20235086627917,2026,2020-07-30
2026-07-31,rm,0.195803580932795,2026,2020-07-31
2026-08-01,rm,0.189944815446873,2026,2020-08-01
2026-08-02,rm,0.184292778810365,2026,2020-08-02
2026-08-03,rm,0.176570563247768,2026,2020-08-03
2026-08-04,rm,0.175665368473554,2026,2020-08-04
2026-08-05,rm,0.173429761009737,2026,2020-08-05
2026-08-06,rm,0.172509458664105,2026,2020-08-06
2026-08-07,rm,0.173918770130133,2026,2020-08-07
2026-08-08,rm,0.173918770130133,2026,2020-08-08
2026-08-09,rm,0.173918770130133,2026,2020-08-09
2026-08-10,rm,0.173918770130133,2026,2020-08-10
2026-08-11,rm,0.173918770130133,2026,2020-08-11
2026-08-12,rm,0.171351404201683,2026,2020-08-12
2026-08-13,rm,0.171351404201683,2026,2020-08-13
2026-08-14,rm,0.171351404201683,2026,2020-08-14
2026-08-15,rm,0.167941405919797,2026,2020-08-15
2026-08-16,rm,0.142420252700041,2026,2020-08-16
2026-08-17,rm,0.133398963252532,2026,2020-08-17
2026-08-18,rm,0.115341409897139,2026,2020-08-18
2026-08-19,rm,0.0886784954763007,2026,2020-08-19
2026-08-20,rm,0.0647603391350335,2026,2020-08-20
2026-08-21,rm,0.0651680523103535,2026,2020-08-21
2026-08-22,rm,0.104304543191981,2026,2020-08-22
2026-08-23,rm,0.121993066574139,2026,2020-08-23
2026-08-24,rm,0.121066426241268,2026,2020-08-24
2026-08-25,rm,0.144194626071215,2026,2020-08-25
2026-08-26,rm,0.14598421609545,2026,2020-08-26
2026-08-27,rm,0.14598421609545,2026,2020-08-27
2026-08-28,rm,0.14598421609545,2026,2020-08-28
2026-08-29,rm,0.151331592450274,2026,2020-08-29
2026-08-30,rm,0.152647846878488,2026,2020-08-30
2026-08-31,rm,0.157136859382493,2026,2020-08-31
2026-09-01,rm,0.177562515488398,2026,2020-09-01
2026-09-02,rm,0.183344636816888,2026,2020-09-02
2026-09-03,rm,0.186876806544695,2026,2020-09-03
2026-09-04,rm,0.185467495078668,2026,2020-09-04
2026-09-05,rm,0.187875458837367,2026,2020-09-05
2026-09-06,rm,0.188010761450598,2026,2020-09-06
2026-09-07,rm,0.188010761450598,2026,2020-09-07
2026-09-08,rm,0.188010761450598,2026,2020-09-08
2026-09-09,rm,0.22695472256802,2026,2020-09-09
2026-09-10,rm,0.33995510179212,2026,2020-09-10
2026-09-11,rm,0.466255587687213,2026,2020-09-11
2026-09-12,rm,0.536933419891357,2026,2020-09-12
2026-09-13,rm,0.565925562842873,2026,2020-09-13
2026-09-14,rm,0.583151743890088,2026,2020-09-14
2026-09-15,rm,0.585208368058706,2026,2020-09-15
2026-09-16,rm,0.603756628254917,2026,2020-09-16
2026-09-17,rm,0.673374896520656,2026,2020-09-17
2026-09-18,rm,0.70613031136085,2026,2020-09-18
2026-09-19,rm,0.712593725886054,2026,2020-09-19
2026-09-20,rm,0.710424875794848,2026,2020-09-20
2026-09-21,rm,0.796016779487698,2026,2020-09-21
2026-09-22,rm,0.96702360128187,2026,2020-09-22
2026-09-23,rm,1.19970126854005,2026,2020-09-23
2026-09-24,rm,1.52735880148117,2026,2020-09-24
2026-09-25,rm,1.73921609942185,2026,2020-09-25
2019-01-01,cum,17.2292730788312,2019,2020-01-01
2019-01-02,cum,37.6701384560739,2019,2020-01-02
2019-01-03,cum,61.2308947208903,2019,2020-01-03
2019-01-04,cum,84.4011096271386,2019,2020-01-04
2019-01-05,cum,104.636270334853,2019,2020-01-05
2019-01-06,cum,124.130663829919,2019,2020-01-06
2019-01-07,cum,144.953361287032,2019,2020-01-07
2019-01-08,cum,164.722304343059,2019,2020-01-08
2019-01-09,cum,185.260581473434,2019,2020-01-09
2019-01-10,cum,206.804607964541,2019,2020-01-10
2019-01-11,cum,230.026734440576,2019,2020-01-11
2019-01-12,cum,249.621140641483,2019,2020-01-12
2019-01-13,cum,267.495125220658,2019,2020-01-13
2019-01-14,cum,285.643748809699,2019,2020-01-14
2019-01-15,cum,305.508633194103,2019,2020-01-15
2019-01-16,cum,324.887352663924,2019,2020-01-16
2019-01-17,cum,343.166269222381,2019,2020-01-17
2019-01-18,cum,364.006336173779,2019,2020-01-18
2019-01-19,cum,389.049475725705,2019,2020-01-19
2019-01-20,cum,413.435613423612,2019,2020-01-20
2019-01-21,cum,438.001834478292,2019,2020-01-21
2019-01-22,cum,464.025077073751,2019,2020-01-22
2019-01-23,cum,489.921080707842,2019,2020-01-23
2019-01-24,cum,514.446738700062,2019,2020-01-24
2019-01-25,cum,539.316877428836,2019,2020-01-25
2019-01-26,cum,561.455943085856,2019,2020-01-26
2019-01-27,cum,582.064866182926,2019,2020-01-27
2019-01-28,cum,602.251346285827,2019,2020-01-28
2019-01-29,cum,623.710045946285,2019,2020-01-29
2019-01-30,cum,646.557150482964,2019,2020-01-30
2019-01-31,cum,669.522107141571,2019,2020-01-31
2019-02-01,cum,688.980326928657,2019,2020-02-01
2019-02-02,cum,704.120581605932,2019,2020-02-02
2019-02-03,cum,722.183043012432,2019,2020-02-03
2019-02-04,cum,743.402408050821,2019,2020-02-04
2019-02-05,cum,766.608314918336,2019,2020-02-05
2019-02-06,cum,789.662796910953,2019,2020-02-06
2019-02-07,cum,811.538759582406,2019,2020-02-07
2019-02-08,cum,830.414659272588,2019,2020-02-08
2019-02-09,cum,848.638623136871,2019,2020-02-09
2019-02-10,cum,865.892243167852,2019,2020-02-10
2019-02-11,cum,883.555791296934,2019,2020-02-11
2019-02-12,cum,902.915098852927,2019,2020-02-12
2019-02-13,cum,921.679804938928,2019,2020-02-13
2019-02-14,cum,939.06507047215,2019,2020-02-14
2019-02-15,cum,956.632902079352,2019,2020-02-15
2019-02-16,cum,974.171063372591,2019,2020-02-16
2019-02-17,cum,991.463111922556,2019,2020-02-17
2019-02-18,cum,1008.95935337731,2019,2020-02-18
2019-02-19,cum,1025.12583598607,2019,2020-02-19
2019-02-20,cum,1040.76768387628,2019,2020-02-20
2019-02-21,cum,1055.40443141396,2019,2020-02-21
2019-02-22,cum,1071.11657572957,2019,2020-02-22
2019-02-23,cum,1092.55705108768,2019,2020-02-23
2019-02-24,cum,1112.8126311875,2019,2020-02-24
2019-02-25,cum,1127.58454637812,2019,2020-02-25
2019-02-26,cum,1140.41851229071,2019,2020-02-26
2019-02-27,cum,1154.07437103226,2019,2020-02-27
2019-02-28,cum,1164.28821322623,2019,2020-02-28
2019-03-01,cum,1177.15500021747,2019,2020-03-01
2019-03-02,cum,1192.95338611552,2019,2020-03-02
2019-03-03,cum,1206.17754106309,2019,2020-03-03
2019-03-04,cum,1218.6285983164,2019,2020-03-04
2019-03-05,cum,1233.14246609787,2019,2020-03-05
2019-03-06,cum,1246.90147310013,2019,2020-03-06
2019-03-07,cum,1257.81059559028,2019,2020-03-07
2019-03-08,cum,1270.78893909372,2019,2020-03-08
2019-03-09,cum,1283.91044572738,2019,2020-03-09
2019-03-10,cum,1295.64728048807,2019,2020-03-10
2019-03-11,cum,1312.4773255005,2019,2020-03-11
2019-03-12,cum,1330.21686788552,2019,2020-03-12
2019-03-13,cum,1347.05552656944,2019,2020-03-13
2019-03-14,cum,1363.19000305684,2019,2020-03-14
2019-03-15,cum,1377.55575814267,2019,2020-03-15
2019-03-16,cum,1389.80347928818,2019,2020-03-16
2019-03-17,cum,1401.32794678817,2019,2020-03-17
2019-03-18,cum,1417.94775753723,2019,2020-03-18
2019-03-19,cum,1435.58580779084,2019,2020-03-19
2019-03-20,cum,1453.37182819911,2019,2020-03-20
2019-03-21,cum,1469.56498462252,2019,2020-03-21
2019-03-22,cum,1482.54520174705,2019,2020-03-22
2019-03-23,cum,1493.9370116745,2019,2020-03-23
2019-03-24,cum,1504.20269789378,2019,2020-03-24
2019-03-25,cum,1518.2869182283,2019,2020-03-25
2019-03-26,cum,1534.4809033912,2019,2020-03-26
2019-03-27,cum,1550.66317725992,2019,2020-03-27
2019-03-28,cum,1564.60188441838,2019,2020-03-28
2019-03-29,cum,1577.55415253178,2019,2020-03-29
2019-03-30,cum,1589.73427268344,2019,2020-03-30
2019-03-31,cum,1599.93125973593,2019,2020-03-31
2019-04-01,cum,1611.05548159963,2019,2020-04-01
2019-04-02,cum,1621.07490476844,2019,2020-04-02
2019-04-03,cum,1627.224787748,2019,2020-04-03
2019-04-04,cum,1634.78669383137,2019,2020-04-04
2019-04-05,cum,1647.28691318582,2019,2020-04-05
2019-04-06,cum,1659.56024037363,2019,2020-04-06
2019-04-07,cum,1670.36158963183,2019,2020-04-07
2019-04-08,cum,1678.69108584593,2019,2020-04-08
2019-04-09,cum,1684.97876860752,2019,2020-04-09
2019-04-10,cum,1697.1316676174,2019,2020-04-10
2019-04-11,cum,1711.46468579688,2019,2020-04-11
2019-04-12,cum,1726.71508467843,2019,2020-04-12
2019-04-13,cum,1742.13638251087,2019,2020-04-13
2019-04-14,cum,1757.87083963546,2019,2020-04-14
2019-04-15,cum,1770.64954105375,2019,2020-04-15
2019-04-16,cum,1782.73519986416,2019,2020-04-16
2019-04-17,cum,1793.544489988,2019,2020-04-17
2019-04-18,cum,1800.07217148919,2019,2020-04-18
2019-04-19,cum,1803.70262402409,2019,2020-04-19
2019-04-20,cum,1806.79177868774,2019,2020-04-20
2019-04-21,cum,1809.56575045246,2019,2020-04-21
2019-04-22,cum,1811.92246528649,2019,2020-04-22
2019-04-23,cum,1819.6139815098,2019,2020-04-23
2019-04-24,cum,1821.81844493247,2019,2020-04-24
2019-04-25,cum,1823.21185682744,2019,2020-04-25
2019-04-26,cum,1827.44232239732,2019,2020-04-26
2019-04-27,cum,1836.21159954274,2019,2020-04-27
2019-04-28,cum,1847.88753703511,2019,2020-04-28
2019-04-29,cum,1861.66312154571,2019,2020-04-29
2019-04-30,cum,1874.4727583618,2019,2020-04-30
2019-05-01,cum,1881.36696071443,2019,2020-05-01
2019-05-02,cum,1885.24371258688,2019,2020-05-02
2019-05-03,cum,1894.11599429725,2019,2020-05-03
2019-05-04,cum,1906.30287419479,2019,2020-05-04
2019-05-05,cum,1923.4030793855,2019,2020-05-05
2019-05-06,cum,1938.77202984668,2019,2020-05-06
2019-05-07,cum,1952.1842052408,2019,2020-05-07
2019-05-08,cum,1961.29920931066,2019,2020-05-08
2019-05-09,cum,1971.27248363573,2019,2020-05-09
2019-05-10,cum,1977.18195737029,2019,2020-05-10
2019-05-11,cum,1983.47522579381,2019,2020-05-11
2019-05-12,cum,1996.32048032633,2019,2020-05-12
2019-05-13,cum,2009.0359582977,2019,2020-05-13
2019-05-14,cum,2023.26699693063,2019,2020-05-14
2019-05-15,cum,2038.23671172137,2019,2020-05-15
2019-05-16,cum,2050.61497154744,2019,2020-05-16
2019-05-17,cum,2058.80844299459,2019,2020-05-17
2019-05-18,cum,2062.12647326279,2019,2020-05-18
2019-05-19,cum,2064.7958435343,2019,2020-05-19
2019-05-20,cum,2069.59948716087,2019,2020-05-20
2019-05-21,cum,2074.94000810037,2019,2020-05-21
2019-05-22,cum,2079.06073608851,2019,2020-05-22
2019-05-23,cum,2082.18132982952,2019,2020-05-23
2019-05-24,cum,2083.70918925511,2019,2020-05-24
2019-05-25,cum,2085.6106936563,2019,2020-05-25
2019-05-26,cum,2087.03547797295,2019,2020-05-26
2019-05-27,cum,2089.12661420598,2019,2020-05-27
2019-05-28,cum,2092.87711706549,2019,2020-05-28
2019-05-29,cum,2100.7640146386,2019,2020-05-29
2019-05-30,cum,2107.06989348604,2019,2020-05-30
2019-05-31,cum,2109.69264173051,2019,2020-05-31
2019-06-01,cum,2110.51156337894,2019,2020-06-01
2019-06-02,cum,2110.85689193544,2019,2020-06-02
2019-06-03,cum,2111.0733541149,2019,2020-06-03
2019-06-04,cum,2111.24615549167,2019,2020-06-04
2019-06-05,cum,2111.40285015757,2019,2020-06-05
2019-06-06,cum,2112.27524103,2019,2020-06-06
2019-06-07,cum,2112.4376428922,2019,2020-06-07
2019-06-08,cum,2113.2906553363,2019,2020-06-08
2019-06-09,cum,2113.83600202119,2019,2020-06-09
2019-06-10,cum,2114.00492267214,2019,2020-06-10
2019-06-11,cum,2114.12201783213,2019,2020-06-11
2019-06-12,cum,2114.48086610439,2019,2020-06-12
2019-06-13,cum,2114.60150787223,2019,2020-06-13
2019-06-14,cum,2114.62181760921,2019,2020-06-14
2019-06-15,cum,2114.6478447976,2019,2020-06-15
2019-06-16,cum,2115.31863967053,2019,2020-06-16
2019-06-17,cum,2115.42876475208,2019,2020-06-17
2019-06-18,cum,2115.49461669992,2019,2020-06-18
2019-06-19,cum,2115.58998976582,2019,2020-06-19
2019-06-20,cum,2115.92664310658,2019,2020-06-20
2019-06-21,cum,2116.44534996644,2019,2020-06-21
2019-06-22,cum,2117.04406214828,2019,2020-06-22
2019-06-23,cum,2117.21741137782,2019,2020-06-23
2019-06-24,cum,2117.21741137782,2019,2020-06-24
2019-06-25,cum,2117.21741137782,2019,2020-06-25
2019-06-26,cum,2117.21741137782,2019,2020-06-26
2019-06-27,cum,2117.21741137782,2019,2020-06-27
2019-06-28,cum,2117.21741137782,2019,2020-06-28
2019-06-29,cum,2117.21741137782,2019,2020-06-29
2019-06-30,cum,2117.21741137782,2019,2020-06-30
2019-07-01,cum,2117.21741137782,2019,2020-07-01
2019-07-02,cum,2117.22111990131,2019,2020-07-02
2019-07-03,cum,2117.31163223284,2019,2020-07-03
2019-07-04,cum,2117.37126632162,2019,2020-07-04
2019-07-05,cum,2117.37126632162,2019,2020-07-05
2019-07-06,cum,2117.37126632162,2019,2020-07-06
2019-07-07,cum,2117.57697741727,2019,2020-07-07
2019-07-08,cum,2118.57835697716,2019,2020-07-08
2019-07-09,cum,2119.62341768765,2019,2020-07-09
2019-07-10,cum,2120.50846832381,2019,2020-07-10
2019-07-11,cum,2121.7323908999,2019,2020-07-11
2019-07-12,cum,2122.5470587102,2019,2020-07-12
2019-07-13,cum,2123.9109868085,2019,2020-07-13
2019-07-14,cum,2124.89350574446,2019,2020-07-14
2019-07-15,cum,2125.75471671371,2019,2020-07-15
2019-07-16,cum,2126.18611285511,2019,2020-07-16
2019-07-17,cum,2126.30943387124,2019,2020-07-17
2019-07-18,cum,2126.50596624328,2019,2020-07-18
2019-07-19,cum,2126.57354624712,2019,2020-07-19
2019-07-20,cum,2126.5845890825,2019,2020-07-20
2019-07-21,cum,2126.61051900884,2019,2020-07-21
2019-07-22,cum,2126.61051900884,2019,2020-07-22
2019-07-23,cum,2126.61051900884,2019,2020-07-23
2019-07-24,cum,2126.61051900884,2019,2020-07-24
2019-07-25,cum,2126.61051900884,2019,2020-07-25
2019-07-26,cum,2126.61051900884,2019,2020-07-26
2019-07-27,cum,2126.66023649702,2019,2020-07-27
2019-07-28,cum,2127.01764712116,2019,2020-07-28
2019-07-29,cum,2127.13413692628,2019,2020-07-29
2019-07-30,cum,2127.13809573495,2019,2020-07-30
2019-07-31,cum,2127.59394725261,2019,2020-07-31
2019-08-01,cum,2127.64549307391,2019,2020-08-01
2019-08-02,cum,2128.30116620527,2019,2020-08-02
2019-08-03,cum,2129.0571681808,2019,2020-08-03
2019-08-04,cum,2129.24426059202,2019,2020-08-04
2019-08-05,cum,2129.28194447648,2019,2020-08-05
2019-08-06,cum,2129.36389945135,2019,2020-08-06
2019-08-07,cum,2129.49648867749,2019,2020-08-07
2019-08-08,cum,2129.55392018208,2019,2020-08-08
2019-08-09,cum,2129.55392018208,2019,2020-08-09
2019-08-10,cum,2129.55392018208,2019,2020-08-10
2019-08-11,cum,2129.55392018208,2019,2020-08-11
2019-08-12,cum,2129.65886728034,2019,2020-08-12
2019-08-13,cum,2130.94447799888,2019,2020-08-13
2019-08-14,cum,2132.4693556592,2019,2020-08-14
2019-08-15,cum,2133.44648626968,2019,2020-08-15
2019-08-16,cum,2134.21488802276,2019,2020-08-16
2019-08-17,cum,2134.29650133575,2019,2020-08-17
2019-08-18,cum,2134.29650133575,2019,2020-08-18
2019-08-19,cum,2134.35464641637,2019,2020-08-19
2019-08-20,cum,2134.68414739669,2019,2020-08-20
2019-08-21,cum,2135.82361262345,2019,2020-08-21
2019-08-22,cum,2135.99423278822,2019,2020-08-22
2019-08-23,cum,2136.07661925443,2019,2020-08-23
2019-08-24,cum,2136.16910692342,2019,2020-08-24
2019-08-25,cum,2136.26499023921,2019,2020-08-25
2019-08-26,cum,2136.35964202173,2019,2020-08-26
2019-08-27,cum,2136.39367365551,2019,2020-08-27
2019-08-28,cum,2136.41210159547,2019,2020-08-28
2019-08-29,cum,2136.49911082318,2019,2020-08-29
2019-08-30,cum,2136.57309470308,2019,2020-08-30
2019-08-31,cum,2136.63352654233,2019,2020-08-31
2019-09-01,cum,2136.72708430767,2019,2020-09-01
2019-09-02,cum,2138.04517689472,2019,2020-09-02
2019-09-03,cum,2139.55573172633,2019,2020-09-03
2019-09-04,cum,2140.35956121493,2019,2020-09-04
2019-09-05,cum,2142.08784389786,2019,2020-09-05
2019-09-06,cum,2145.44151467847,2019,2020-09-06
2019-09-07,cum,2148.99859056553,2019,2020-09-07
2019-09-08,cum,2153.89803011722,2019,2020-09-08
2019-09-09,cum,2160.28115995108,2019,2020-09-09
2019-09-10,cum,2163.26532693642,2019,2020-09-10
2019-09-11,cum,2164.85023185603,2019,2020-09-11
2019-09-12,cum,2165.7139821322,2019,2020-09-12
2019-09-13,cum,2165.99732641125,2019,2020-09-13
2019-09-14,cum,2166.12907860942,2019,2020-09-14
2019-09-15,cum,2166.18677777408,2019,2020-09-15
2019-09-16,cum,2166.24418119051,2019,2020-09-16
2019-09-17,cum,2166.37764709162,2019,2020-09-17
2019-09-18,cum,2169.5936717171,2019,2020-09-18
2019-09-19,cum,2179.45900060212,2019,2020-09-19
2019-09-20,cum,2190.16394621758,2019,2020-09-20
2019-09-21,cum,2195.04538759528,2019,2020-09-21
2019-09-22,cum,2197.84568075006,2019,2020-09-22
2019-09-23,cum,2200.94504001275,2019,2020-09-23
2019-09-24,cum,2203.19600735687,2019,2020-09-24
2019-09-25,cum,2206.50993811141,2019,2020-09-25
2019-09-26,cum,2208.91226292078,2019,2020-09-26
2019-09-27,cum,2209.87451866212,2019,2020-09-27
2019-09-28,cum,2211.60422726981,2019,2020-09-28
2019-09-29,cum,2212.45821532127,2019,2020-09-29
2019-09-30,cum,2213.39674112771,2019,2020-09-30
2019-10-01,cum,2214.46829199577,2019,2020-10-01
2019-10-02,cum,2218.57084966647,2019,2020-10-02
2019-10-03,cum,2230.88300903779,2019,2020-10-03
2019-10-04,cum,2242.55339008303,2019,2020-10-04
2019-10-05,cum,2253.37646493581,2019,2020-10-05
2019-10-06,cum,2265.43234277478,2019,2020-10-06
2019-10-07,cum,2279.16630798222,2019,2020-10-07
2019-10-08,cum,2290.12067377765,2019,2020-10-08
2019-10-09,cum,2295.75896239698,2019,2020-10-09
2019-10-10,cum,2303.83058065045,2019,2020-10-10
2019-10-11,cum,2311.42351747176,2019,2020-10-11
2019-10-12,cum,2319.07698790642,2019,2020-10-12
2019-10-13,cum,2324.54515098304,2019,2020-10-13
2019-10-14,cum,2326.232019566,2019,2020-10-14
2019-10-15,cum,2328.48848578452,2019,2020-10-15
2019-10-16,cum,2334.55185104393,2019,2020-10-16
2019-10-17,cum,2343.4847399733,2019,2020-10-17
2019-10-18,cum,2352.09700202318,2019,2020-10-18
2019-10-19,cum,2360.1701946247,2019,2020-10-19
2019-10-20,cum,2363.54329294485,2019,2020-10-20
2019-10-21,cum,2365.04830243354,2019,2020-10-21
2019-10-22,cum,2367.89660519869,2019,2020-10-22
2019-10-23,cum,2369.70646988003,2019,2020-10-23
2019-10-24,cum,2372.03197994154,2019,2020-10-24
2019-10-25,cum,2376.3446293637,2019,2020-10-25
2019-10-26,cum,2384.02509835802,2019,2020-10-26
2019-10-27,cum,2388.32228592367,2019,2020-10-27
2019-10-28,cum,2399.30581342241,2019,2020-10-28
2019-10-29,cum,2412.68754954906,2019,2020-10-29
2019-10-30,cum,2428.22216405108,2019,2020-10-30
2019-10-31,cum,2444.82880392258,2019,2020-10-31
2019-11-01,cum,2459.6458784744,2019,2020-11-01
2019-11-02,cum,2472.16483306092,2019,2020-11-02
2019-11-03,cum,2479.56680436246,2019,2020-11-03
2019-11-04,cum,2488.90044294474,2019,2020-11-04
2019-11-05,cum,2502.61634752176,2019,2020-11-05
2019-11-06,cum,2516.57986202323,2019,2020-11-06
2019-11-07,cum,2530.78064705149,2019,2020-11-07
2019-11-08,cum,2544.80286655828,2019,2020-11-08
2019-11-09,cum,2560.45843098573,2019,2020-11-09
2019-11-10,cum,2578.41839528286,2019,2020-11-10
2019-11-11,cum,2595.94377142657,2019,2020-11-11
2019-11-12,cum,2612.39801676081,2019,2020-11-12
2019-11-13,cum,2630.69760674307,2019,2020-11-13
2019-11-14,cum,2648.79520147838,2019,2020-11-14
2019-11-15,cum,2662.64802153175,2019,2020-11-15
2019-11-16,cum,2675.56293566109,2019,2020-11-16
2019-11-17,cum,2687.19455060107,2019,2020-11-17
2019-11-18,cum,2701.57309131335,2019,2020-11-18
2019-11-19,cum,2716.53844540455,2019,2020-11-19
2019-11-20,cum,2731.69563535659,2019,2020-11-20
2019-11-21,cum,2745.85634346381,2019,2020-11-21
2019-11-22,cum,2760.19003091216,2019,2020-11-22
2019-11-23,cum,2773.50494392174,2019,2020-11-23
2019-11-24,cum,2787.24045506206,2019,2020-11-24
2019-11-25,cum,2802.74905407289,2019,2020-11-25
2019-11-26,cum,2818.32564430932,2019,2020-11-26
2019-11-27,cum,2833.45806472905,2019,2020-11-27
2019-11-28,cum,2847.5369765432,2019,2020-11-28
2019-11-29,cum,2861.92939701487,2019,2020-11-29
2019-11-30,cum,2880.41492133301,2019,2020-11-30
2019-12-01,cum,2900.29108097306,2019,2020-12-01
2019-12-02,cum,2919.54093673542,2019,2020-12-02
2019-12-03,cum,2940.04696052462,2019,2020-12-03
2019-12-04,cum,2961.89741093244,2019,2020-12-04
2019-12-05,cum,2983.71004590467,2019,2020-12-05
2019-12-06,cum,3005.37439007367,2019,2020-12-06
2019-12-07,cum,3023.4074884536,2019,2020-12-07
2019-12-08,cum,3040.79953007815,2019,2020-12-08
2019-12-09,cum,3058.41899620735,2019,2020-12-09
2019-12-10,cum,3077.48525805882,2019,2020-12-10
2019-12-11,cum,3100.55186576032,2019,2020-12-11
2019-12-12,cum,3122.8696981985,2019,2020-12-12
2019-12-13,cum,3143.67011393349,2019,2020-12-13
2019-12-14,cum,3161.42043173497,2019,2020-12-14
2019-12-15,cum,3178.98133399097,2019,2020-12-15
2019-12-16,cum,3196.11995431907,2019,2020-12-16
2019-12-17,cum,3210.44549185197,2019,2020-12-17
2019-12-18,cum,3224.57922467437,2019,2020-12-18
2019-12-19,cum,3238.27708770209,2019,2020-12-19
2019-12-20,cum,3249.61495628739,2019,2020-12-20
2019-12-21,cum,3264.0296554483,2019,2020-12-21
2019-12-22,cum,3281.47287229063,2019,2020-12-22
2019-12-23,cum,3297.03806818206,2019,2020-12-23
2019-12-24,cum,3313.07195082184,2019,2020-12-24
2019-12-25,cum,3329.01061389818,2019,2020-12-25
2019-12-26,cum,3347.13277487619,2019,2020-12-26
2019-12-27,cum,3365.6220384257,2019,2020-12-27
2019-12-28,cum,3386.12216136292,2019,2020-12-28
2019-12-29,cum,3409.06866301795,2019,2020-12-29
2019-12-30,cum,3431.84005597969,2019,2020-12-30
2019-12-31,cum,3450.58393703003,2019,2020-12-31
2020-01-01,cum,20.7159231868122,2020,2020-01-01
2020-01-02,cum,42.8396268194973,2020,2020-01-02
2020-01-03,cum,64.3897025773915,2020,2020-01-03
2020-01-04,cum,81.752232245063,2020,2020-01-04
2020-01-05,cum,101.412594207473,2020,2020-01-05
2020-01-06,cum,123.702557340874,2020,2020-01-06
2020-01-07,cum,145.030310590767,2020,2020-01-07
2020-01-08,cum,164.369566600883,2020,2020-01-08
2020-01-09,cum,182.071809472114,2020,2020-01-09
2020-01-10,cum,200.848872397821,2020,2020-01-10
2020-01-11,cum,218.543086398978,2020,2020-01-11
2020-01-12,cum,239.968391541317,2020,2020-01-12
2020-01-13,cum,261.143339730781,2020,2020-01-13
2020-01-14,cum,283.070317902473,2020,2020-01-14
2020-01-15,cum,304.287030472086,2020,2020-01-15
2020-01-16,cum,323.719458666687,2020,2020-01-16
2020-01-17,cum,343.74704507192,2020,2020-01-17
2020-01-18,cum,363.950405937596,2020,2020-01-18
2020-01-19,cum,384.325136386629,2020,2020-01-19
2020-01-20,cum,405.652438562616,2020,2020-01-20
2020-01-21,cum,428.531201903137,2020,2020-01-21
2020-01-22,cum,450.198621784523,2020,2020-01-22
2020-01-23,cum,471.514568927563,2020,2020-01-23
2020-01-24,cum,493.442934856853,2020,2020-01-24
2020-01-25,cum,514.640945961396,2020,2020-01-25
2020-01-26,cum,535.035395018803,2020,2020-01-26
2020-01-27,cum,554.489325293747,2020,2020-01-27
2020-01-28,cum,572.98670050671,2020,2020-01-28
2020-01-29,cum,591.985820078927,2020,2020-01-29
2020-01-30,cum,609.867348408688,2020,2020-01-30
2020-01-31,cum,622.85836434324,2020,2020-01-31
2020-02-01,cum,635.026110458746,2020,2020-02-01
2020-02-02,cum,646.96640340484,2020,2020-02-02
2020-02-03,cum,660.451705095116,2020,2020-02-03
2020-02-04,cum,677.187659646603,2020,2020-02-04
2020-02-05,cum,696.75468482217,2020,2020-02-05
2020-02-06,cum,717.544885575432,2020,2020-02-06
2020-02-07,cum,737.65367082226,2020,2020-02-07
2020-02-08,cum,757.951388596808,2020,2020-02-08
2020-02-09,cum,777.112922707905,2020,2020-02-09
2020-02-10,cum,791.395053665698,2020,2020-02-10
2020-02-11,cum,807.853161290739,2020,2020-02-11
2020-02-12,cum,826.187377298004,2020,2020-02-12
2020-02-13,cum,843.744335360517,2020,2020-02-13
2020-02-14,cum,859.297352854097,2020,2020-02-14
2020-02-15,cum,875.361358269701,2020,2020-02-15
2020-02-16,cum,890.400592304493,2020,2020-02-16
2020-02-17,cum,903.820089595901,2020,2020-02-17
2020-02-18,cum,918.243592955371,2020,2020-02-18
2020-02-19,cum,935.623775804689,2020,2020-02-19
2020-02-20,cum,952.906841962725,2020,2020-02-20
2020-02-21,cum,970.080298909842,2020,2020-02-21
2020-02-22,cum,984.911035317997,2020,2020-02-22
2020-02-23,cum,993.306503428601,2020,2020-02-23
2020-02-24,cum,1006.9276618457,2020,2020-02-24
2020-02-25,cum,1020.54534170287,2020,2020-02-25
2020-02-26,cum,1037.89014151622,2020,2020-02-26
2020-02-27,cum,1056.18759771046,2020,2020-02-27
2020-02-28,cum,1075.17692657344,2020,2020-02-28
2020-02-29,cum,1091.87495913066,2020,2020-02-29
2020-03-01,cum,1106.61514503909,2020,2020-03-01
2020-03-02,cum,1120.20000071108,2020,2020-03-02
2020-03-03,cum,1135.94320612809,2020,2020-03-03
2020-03-04,cum,1153.47417820883,2020,2020-03-04
2020-03-05,cum,1170.37081362778,2020,2020-03-05
2020-03-06,cum,1185.96555998712,2020,2020-03-06
2020-03-07,cum,1202.53188172644,2020,2020-03-07
2020-03-08,cum,1219.76661211967,2020,2020-03-08
2020-03-09,cum,1236.40576791353,2020,2020-03-09
2020-03-10,cum,1251.20412678999,2020,2020-03-10
2020-03-11,cum,1257.98957027105,2020,2020-03-11
2020-03-12,cum,1264.14541082334,2020,2020-03-12
2020-03-13,cum,1277.73694184164,2020,2020-03-13
2020-03-14,cum,1293.90812721789,2020,2020-03-14
2020-03-15,cum,1310.77496237565,2020,2020-03-15
2020-03-16,cum,1324.90415707139,2020,2020-03-16
2020-03-17,cum,1337.58233085504,2020,2020-03-17
2020-03-18,cum,1348.33274622864,2020,2020-03-18
2020-03-19,cum,1358.79529678853,2020,2020-03-19
2020-03-20,cum,1366.24253288648,2020,2020-03-20
2020-03-21,cum,1381.19842410197,2020,2020-03-21
2020-03-22,cum,1401.03996414967,2020,2020-03-22
2020-03-23,cum,1422.47508318104,2020,2020-03-23
2020-03-24,cum,1442.98154667494,2020,2020-03-24
2020-03-25,cum,1464.04297448867,2020,2020-03-25
2020-03-26,cum,1482.31046839052,2020,2020-03-26
2020-03-27,cum,1495.58691803082,2020,2020-03-27
2020-03-28,cum,1507.55871501093,2020,2020-03-28
2020-03-29,cum,1521.05625315619,2020,2020-03-29
2020-03-30,cum,1540.38423250173,2020,2020-03-30
2020-03-31,cum,1561.24480255001,2020,2020-03-31
2020-04-01,cum,1580.4861317999,2020,2020-04-01
2020-04-02,cum,1596.84160991648,2020,2020-04-02
2020-04-03,cum,1610.66101765501,2020,2020-04-03
2020-04-04,cum,1623.78104857052,2020,2020-04-04
2020-04-05,cum,1635.84534047025,2020,2020-04-05
2020-04-06,cum,1642.48398734885,2020,2020-04-06
2020-04-07,cum,1648.26659265256,2020,2020-04-07
2020-04-08,cum,1654.19300491908,2020,2020-04-08
2020-04-09,cum,1658.26879183436,2020,2020-04-09
2020-04-10,cum,1661.68566968976,2020,2020-04-10
2020-04-11,cum,1665.22790044906,2020,2020-04-11
2020-04-12,cum,1667.45324027454,2020,2020-04-12
2020-04-13,cum,1671.18219821717,2020,2020-04-13
2020-04-14,cum,1687.15326828058,2020,2020-04-14
2020-04-15,cum,1700.40862166128,2020,2020-04-15
2020-04-16,cum,1704.88281527028,2020,2020-04-16
2020-04-17,cum,1706.37215987028,2020,2020-04-17
2020-04-18,cum,1707.48109597285,2020,2020-04-18
2020-04-19,cum,1712.72564262913,2020,2020-04-19
2020-04-20,cum,1722.58190154782,2020,2020-04-20
2020-04-21,cum,1731.64920385922,2020,2020-04-21
2020-04-22,cum,1739.75984139158,2020,2020-04-22
2020-04-23,cum,1745.6638702856,2020,2020-04-23
2020-04-24,cum,1748.37719948347,2020,2020-04-24
2020-04-25,cum,1750.79753666341,2020,2020-04-25
2020-04-26,cum,1758.29540914425,2020,2020-04-26
2020-04-27,cum,1762.09192052711,2020,2020-04-27
2020-04-28,cum,1764.80759411782,2020,2020-04-28
2020-04-29,cum,1771.94270011324,2020,2020-04-29
2020-04-30,cum,1776.21501901961,2020,2020-04-30
2020-05-01,cum,1781.77126661058,2020,2020-05-01
2020-05-02,cum,1788.827850253,2020,2020-05-02
2020-05-03,cum,1799.73302076735,2020,2020-05-03
2020-05-04,cum,1805.53035446021,2020,2020-05-04
2020-05-05,cum,1814.75789302877,2020,2020-05-05
2020-05-06,cum,1826.07567866739,2020,2020-05-06
2020-05-07,cum,1830.30995096787,2020,2020-05-07
2020-05-08,cum,1831.15527394586,2020,2020-05-08
2020-05-09,cum,1831.88824464588,2020,2020-05-09
2020-05-10,cum,1832.821991816,2020,2020-05-10
2020-05-11,cum,1835.44222495382,2020,2020-05-11
2020-05-12,cum,1848.69316511528,2020,2020-05-12
2020-05-13,cum,1858.0589411366,2020,2020-05-13
2020-05-14,cum,1865.44096579868,2020,2020-05-14
2020-05-15,cum,1877.42862648118,2020,2020-05-15
2020-05-16,cum,1883.91743749349,2020,2020-05-16
2020-05-17,cum,1885.82114500887,2020,2020-05-17
2020-05-18,cum,1886.61169691013,2020,2020-05-18
2020-05-19,cum,1887.64117202615,2020,2020-05-19
2020-05-20,cum,1889.13387680944,2020,2020-05-20
2020-05-21,cum,1890.35711568551,2020,2020-05-21
2020-05-22,cum,1890.70842208063,2020,2020-05-22
2020-05-23,cum,1891.30022333566,2020,2020-05-23
2020-05-24,cum,1896.02618596708,2020,2020-05-24
2020-05-25,cum,1901.90196551821,2020,2020-05-25
2020-05-26,cum,1908.48987971249,2020,2020-05-26
2020-05-27,cum,1911.55566461949,2020,2020-05-27
2020-05-28,cum,1917.88772538408,2020,2020-05-28
2020-05-29,cum,1924.12759570493,2020,2020-05-29
2020-05-30,cum,1932.4401834593,2020,2020-05-30
2020-05-31,cum,1942.52325294857,2020,2020-05-31
2020-06-01,cum,1943.99250579081,2020,2020-06-01
2020-06-02,cum,1945.1577491584,2020,2020-06-02
2020-06-03,cum,1945.87543258746,2020,2020-06-03
2020-06-04,cum,1947.59722163043,2020,2020-06-04
2020-06-05,cum,1950.84106393143,2020,2020-06-05
2020-06-06,cum,1951.66146096153,2020,2020-06-06
2020-06-07,cum,1954.54482310145,2020,2020-06-07
2020-06-08,cum,1959.05470465519,2020,2020-06-08
2020-06-09,cum,1962.11422315314,2020,2020-06-09
2020-06-10,cum,1965.22533782599,2020,2020-06-10
2020-06-11,cum,1967.21885327616,2020,2020-06-11
2020-06-12,cum,1967.79395242754,2020,2020-06-12
2020-06-13,cum,1967.92338479475,2020,2020-06-13
2020-06-14,cum,1969.48050763988,2020,2020-06-14
2020-06-15,cum,1971.11852010036,2020,2020-06-15
2020-06-16,cum,1972.22838464965,2020,2020-06-16
2020-06-17,cum,1973.42186234952,2020,2020-06-17
2020-06-18,cum,1974.42326142415,2020,2020-06-18
2020-06-19,cum,1976.6616542402,2020,2020-06-19
2020-06-20,cum,1978.82548533321,2020,2020-06-20
2020-06-21,cum,1980.16856952936,2020,2020-06-21
2020-06-22,cum,1980.79797491281,2020,2020-06-22
2020-06-23,cum,1980.87845661691,2020,2020-06-23
2020-06-24,cum,1980.9466227076,2020,2020-06-24
2020-06-25,cum,1981.7820733639,2020,2020-06-25
2020-06-26,cum,1981.89749155491,2020,2020-06-26
2020-06-27,cum,1981.94219836464,2020,2020-06-27
2020-06-28,cum,1981.95651104371,2020,2020-06-28
2020-06-29,cum,1982.54049587748,2020,2020-06-29
2020-06-30,cum,1982.59494880169,2020,2020-06-30
2020-07-01,cum,1982.6457307719,2020,2020-07-01
2020-07-02,cum,1982.75098301236,2020,2020-07-02
2020-07-03,cum,1983.58208303507,2020,2020-07-03
2020-07-04,cum,1983.81137594212,2020,2020-07-04
2020-07-05,cum,1983.81137594212,2020,2020-07-05
2020-07-06,cum,1984.10153308937,2020,2020-07-06
2020-07-07,cum,1985.32918635549,2020,2020-07-07
2020-07-08,cum,1985.42938023694,2020,2020-07-08
2020-07-09,cum,1985.42938023694,2020,2020-07-09
2020-07-10,cum,1985.42938023694,2020,2020-07-10
2020-07-11,cum,1986.69317249206,2020,2020-07-11
2020-07-12,cum,1987.86811071762,2020,2020-07-12
2020-07-13,cum,1988.57877049449,2020,2020-07-13
2020-07-14,cum,1989.0318654596,2020,2020-07-14
2020-07-15,cum,1989.89621083403,2020,2020-07-15
2020-07-16,cum,1991.22397153601,2020,2020-07-16
2020-07-17,cum,1992.91374194925,2020,2020-07-17
2020-07-18,cum,1995.08549372089,2020,2020-07-18
2020-07-19,cum,1995.45117729039,2020,2020-07-19
2020-07-20,cum,1995.47616293225,2020,2020-07-20
2020-07-21,cum,1995.50140544894,2020,2020-07-21
2020-07-22,cum,1995.54143362062,2020,2020-07-22
2020-07-23,cum,1995.60842784368,2020,2020-07-23
2020-07-24,cum,1996.32518564737,2020,2020-07-24
2020-07-25,cum,1996.52424440115,2020,2020-07-25
2020-07-26,cum,1996.73252425091,2020,2020-07-26
2020-07-27,cum,1996.73252425091,2020,2020-07-27
2020-07-28,cum,1996.73252425091,2020,2020-07-28
2020-07-29,cum,1996.73252425091,2020,2020-07-29
2020-07-30,cum,1996.73252425091,2020,2020-07-30
2020-07-31,cum,1996.73252425091,2020,2020-07-31
2020-08-01,cum,1996.73252425091,2020,2020-08-01
2020-08-02,cum,1996.8074867453,2020,2020-08-02
2020-08-03,cum,1997.53379525691,2020,2020-08-03
2020-08-04,cum,2000.11389110973,2020,2020-08-04
2020-08-05,cum,2001.61581930221,2020,2020-08-05
2020-08-06,cum,2001.69507831766,2020,2020-08-06
2020-08-07,cum,2001.69890213635,2020,2020-08-07
2020-08-08,cum,2001.69890213635,2020,2020-08-08
2020-08-09,cum,2001.69890213635,2020,2020-08-09
2020-08-10,cum,2001.70266529875,2020,2020-08-10
2020-08-11,cum,2001.70641563288,2020,2020-08-11
2020-08-12,cum,2001.70641563288,2020,2020-08-12
2020-08-13,cum,2001.74374425914,2020,2020-08-13
2020-08-14,cum,2001.91297066759,2020,2020-08-14
2020-08-15,cum,2001.98049631675,2020,2020-08-15
2020-08-16,cum,2002.03114663318,2020,2020-08-16
2020-08-17,cum,2002.32414182329,2020,2020-08-17
2020-08-18,cum,2002.99595564655,2020,2020-08-18
2020-08-19,cum,2003.17884821585,2020,2020-08-19
2020-08-20,cum,2003.17884821585,2020,2020-08-20
2020-08-21,cum,2003.17884821585,2020,2020-08-21
2020-08-22,cum,2003.20395526977,2020,2020-08-22
2020-08-23,cum,2003.74774699393,2020,2020-08-23
2020-08-24,cum,2004.59387890632,2020,2020-08-24
2020-08-25,cum,2005.1518679735,2020,2020-08-25
2020-08-26,cum,2005.16995802413,2020,2020-08-26
2020-08-27,cum,2005.31620445141,2020,2020-08-27
2020-08-28,cum,2005.47656868483,2020,2020-08-28
2020-08-29,cum,2006.79701017292,2020,2020-08-29
2020-08-30,cum,2008.52977985857,2020,2020-08-30
2020-08-31,cum,2011.2474622152,2020,2020-08-31
2020-09-01,cum,2014.37597799989,2020,2020-09-01
2020-09-02,cum,2017.30183317102,2020,2020-09-02
2020-09-03,cum,2018.98759681337,2020,2020-09-03
2020-09-04,cum,2019.08057023608,2020,2020-09-04
2020-09-05,cum,2019.13232229493,2020,2020-09-05
2020-09-06,cum,2020.08944116942,2020,2020-09-06
2020-09-07,cum,2022.22186309171,2020,2020-09-07
2020-09-08,cum,2022.94023443547,2020,2020-09-08
2020-09-09,cum,2023.0444247467,2020,2020-09-09
2020-09-10,cum,2023.19722750169,2020,2020-09-10
2020-09-11,cum,2023.32570197975,2020,2020-09-11
2020-09-12,cum,2023.4200485148,2020,2020-09-12
2020-09-13,cum,2023.44824470419,2020,2020-09-13
2020-09-14,cum,2023.47378704521,2020,2020-09-14
2020-09-15,cum,2023.52415440382,2020,2020-09-15
2020-09-16,cum,2023.64939383236,2020,2020-09-16
2020-09-17,cum,2024.08830658732,2020,2020-09-17
2020-09-18,cum,2025.20077091057,2020,2020-09-18
2020-09-19,cum,2025.95525525599,2020,2020-09-19
2020-09-20,cum,2026.69294107785,2020,2020-09-20
2020-09-21,cum,2027.42495761847,2020,2020-09-21
2020-09-22,cum,2028.17188805888,2020,2020-09-22
2020-09-23,cum,2029.4439665466,2020,2020-09-23
2020-09-24,cum,2030.37216702532,2020,2020-09-24
2020-09-25,cum,2037.1727382336,2020,2020-09-25
2020-09-26,cum,2050.79922889007,2020,2020-09-26
2020-09-27,cum,2062.66192385273,2020,2020-09-27
2020-09-28,cum,2074.59714230886,2020,2020-09-28
2020-09-29,cum,2083.40377401744,2020,2020-09-29
2020-09-30,cum,2088.55416442668,2020,2020-09-30
2020-10-01,cum,2093.67266171624,2020,2020-10-01
2020-10-02,cum,2096.24322332437,2020,2020-10-02
2020-10-03,cum,2098.41046246884,2020,2020-10-03
2020-10-04,cum,2103.30353478775,2020,2020-10-04
2020-10-05,cum,2110.42572879014,2020,2020-10-05
2020-10-06,cum,2117.29017457245,2020,2020-10-06
2020-10-07,cum,2124.95942073259,2020,2020-10-07
2020-10-08,cum,2131.88750842999,2020,2020-10-08
2020-10-09,cum,2136.25499812415,2020,2020-10-09
2020-10-10,cum,2143.06511770142,2020,2020-10-10
2020-10-11,cum,2156.89824466976,2020,2020-10-11
2020-10-12,cum,2171.73267963235,2020,2020-10-12
2020-10-13,cum,2186.60595797444,2020,2020-10-13
2020-10-14,cum,2201.05175574621,2020,2020-10-14
2020-10-15,cum,2215.54035686014,2020,2020-10-15
2020-10-16,cum,2230.11143367868,2020,2020-10-16
2020-10-17,cum,2244.138014024,2020,2020-10-17
2020-10-18,cum,2257.73915873441,2020,2020-10-18
2020-10-19,cum,2271.5286299474,2020,2020-10-19
2020-10-20,cum,2284.54290763559,2020,2020-10-20
2020-10-21,cum,2295.58670471516,2020,2020-10-21
2020-10-22,cum,2306.15172842664,2020,2020-10-22
2020-10-23,cum,2315.77559791383,2020,2020-10-23
2020-10-24,cum,2322.72003652346,2020,2020-10-24
2020-10-25,cum,2333.21246245927,2020,2020-10-25
2020-10-26,cum,2341.45240248303,2020,2020-10-26
2020-10-27,cum,2355.41889722583,2020,2020-10-27
2020-10-28,cum,2368.7706141936,2020,2020-10-28
2020-10-29,cum,2381.291044725,2020,2020-10-29
2020-10-30,cum,2392.06050996281,2020,2020-10-30
2020-10-31,cum,2399.41113598021,2020,2020-10-31
2020-11-01,cum,2410.67228734382,2020,2020-11-01
2020-11-02,cum,2412.91608841555,2020,2020-11-02
2020-11-03,cum,2416.33261085529,2020,2020-11-03
2020-11-04,cum,2427.21788061812,2020,2020-11-04
2020-11-05,cum,2440.38757850917,2020,2020-11-05
2020-11-06,cum,2455.64885272674,2020,2020-11-06
2020-11-07,cum,2470.36384173689,2020,2020-11-07
2020-11-08,cum,2485.65878415194,2020,2020-11-08
2020-11-09,cum,2501.34027822695,2020,2020-11-09
2020-11-10,cum,2517.03051211106,2020,2020-11-10
2020-11-11,cum,2532.71653307742,2020,2020-11-11
2020-11-12,cum,2548.04905716287,2020,2020-11-12
2020-11-13,cum,2563.19351624349,2020,2020-11-13
2020-11-14,cum,2577.84189239511,2020,2020-11-14
2020-11-15,cum,2593.2424644225,2020,2020-11-15
2020-11-16,cum,2607.75047693454,2020,2020-11-16
2020-11-17,cum,2621.77405296618,2020,2020-11-17
2020-11-18,cum,2636.54697447384,2020,2020-11-18
2020-11-19,cum,2651.69442276268,2020,2020-11-19
2020-11-20,cum,2668.55223674733,2020,2020-11-20
2020-11-21,cum,2688.95652506809,2020,2020-11-21
2020-11-22,cum,2708.8032832125,2020,2020-11-22
2020-11-23,cum,2726.27232974292,2020,2020-11-23
2020-11-24,cum,2745.24939187354,2020,2020-11-24
2020-11-25,cum,2765.40141895119,2020,2020-11-25
2020-11-26,cum,2785.69797980597,2020,2020-11-26
2020-11-27,cum,2806.44485170306,2020,2020-11-27
2020-11-28,cum,2826.96180601051,2020,2020-11-28
2020-11-29,cum,2847.1481423258,2020,2020-11-29
2020-11-30,cum,2867.99818905719,2020,2020-11-30
2020-12-01,cum,2890.62568774119,2020,2020-12-01
2020-12-02,cum,2913.36518644761,2020,2020-12-02
2020-12-03,cum,2935.61993544317,2020,2020-12-03
2020-12-04,cum,2955.33274881015,2020,2020-12-04
2020-12-05,cum,2971.47795131366,2020,2020-12-05
2020-12-06,cum,2986.41955029454,2020,2020-12-06
2020-12-07,cum,3003.19443665067,2020,2020-12-07
2020-12-08,cum,3021.70889007255,2020,2020-12-08
2020-12-09,cum,3040.41352332187,2020,2020-12-09
2020-12-10,cum,3060.49656580934,2020,2020-12-10
2020-12-11,cum,3080.90740556568,2020,2020-12-11
2020-12-12,cum,3100.45373727875,2020,2020-12-12
2020-12-13,cum,3119.13964452281,2020,2020-12-13
2020-12-14,cum,3138.15755586401,2020,2020-12-14
2020-12-15,cum,3157.16827849606,2020,2020-12-15
2020-12-16,cum,3175.98046036708,2020,2020-12-16
2020-12-17,cum,3195.14644540526,2020,2020-12-17
2020-12-18,cum,3214.79478085123,2020,2020-12-18
2020-12-19,cum,3235.03416743403,2020,2020-12-19
2020-12-20,cum,3254.96100971457,2020,2020-12-20
2020-12-21,cum,3273.77411877976,2020,2020-12-21
2020-12-22,cum,3289.54490201836,2020,2020-12-22
2020-12-23,cum,3303.01403446261,2020,2020-12-23
2020-12-24,cum,3317.94789368702,2020,2020-12-24
2020-12-25,cum,3336.5300491466,2020,2020-12-25
2020-12-26,cum,3358.84853752884,2020,2020-12-26
2020-12-27,cum,3383.15392974927,2020,2020-12-27
2020-12-28,cum,3402.99220216984,2020,2020-12-28
2020-12-29,cum,3422.39611263128,2020,2020-12-29
2020-12-30,cum,3442.31997958192,2020,2020-12-30
2020-12-31,cum,3463.70861433174,2020,2020-12-31
2021-01-01,cum,22.6580478604326,2021,2020-01-01
2021-01-02,cum,42.9792963860507,2021,2020-01-02
2021-01-03,cum,62.2659085787072,2021,2020-01-03
2021-01-04,cum,82.769962300082,2021,2020-01-04
2021-01-05,cum,103.307217745061,2021,2020-01-05
2021-01-06,cum,124.398185245161,2021,2020-01-06
2021-01-07,cum,146.499387928803,2021,2020-01-07
2021-01-08,cum,169.580706221731,2021,2020-01-08
2021-01-09,cum,193.325087571657,2021,2020-01-09
2021-01-10,cum,218.458248398725,2021,2020-01-10
2021-01-11,cum,245.036091200317,2021,2020-01-11
2021-01-12,cum,269.715177610164,2021,2020-01-12
2021-01-13,cum,290.702962781321,2021,2020-01-13
2021-01-14,cum,312.23886846393,2021,2020-01-14
2021-01-15,cum,335.929393993521,2021,2020-01-15
2021-01-16,cum,360.788705974555,2021,2020-01-16
2021-01-17,cum,385.66925526173,2021,2020-01-17
2021-01-18,cum,408.420364973217,2021,2020-01-18
2021-01-19,cum,429.388499742731,2021,2020-01-19
2021-01-20,cum,448.259918286404,2021,2020-01-20
2021-01-21,cum,466.777588128448,2021,2020-01-21
2021-01-22,cum,481.948404057836,2021,2020-01-22
2021-01-23,cum,499.302218792793,2021,2020-01-23
2021-01-24,cum,520.05654801298,2021,2020-01-24
2021-01-25,cum,542.107541090047,2021,2020-01-25
2021-01-26,cum,564.105114461059,2021,2020-01-26
2021-01-27,cum,586.311608697327,2021,2020-01-27
2021-01-28,cum,605.684877350971,2021,2020-01-28
2021-01-29,cum,621.943121955214,2021,2020-01-29
2021-01-30,cum,638.866738049579,2021,2020-01-30
2021-01-31,cum,659.6917992988,2021,2020-01-31
2021-02-01,cum,680.386772262947,2021,2020-02-01
2021-02-02,cum,698.080316238819,2021,2020-02-02
2021-02-03,cum,713.608503824203,2021,2020-02-03
2021-02-04,cum,727.489931940946,2021,2020-02-04
2021-02-05,cum,743.28783893501,2021,2020-02-05
2021-02-06,cum,760.136805914075,2021,2020-02-06
2021-02-07,cum,777.909477295874,2021,2020-02-07
2021-02-08,cum,797.876348228365,2021,2020-02-08
2021-02-09,cum,818.447629213353,2021,2020-02-09
2021-02-10,cum,839.503168625489,2021,2020-02-10
2021-02-11,cum,866.051482963483,2021,2020-02-11
2021-02-12,cum,894.3831819269,2021,2020-02-12
2021-02-13,cum,922.428811013488,2021,2020-02-13
2021-02-14,cum,949.05408789425,2021,2020-02-14
2021-02-15,cum,974.076405043431,2021,2020-02-15
2021-02-16,cum,993.804924934249,2021,2020-02-16
2021-02-17,cum,1010.34692306423,2021,2020-02-17
2021-02-18,cum,1026.7840948354,2021,2020-02-18
2021-02-19,cum,1042.88956734084,2021,2020-02-19
2021-02-20,cum,1059.58655681038,2021,2020-02-20
2021-02-21,cum,1076.22481412077,2021,2020-02-21
2021-02-22,cum,1092.04041747404,2021,2020-02-22
2021-02-23,cum,1106.64495916259,2021,2020-02-23
2021-02-24,cum,1120.26456347316,2021,2020-02-24
2021-02-25,cum,1133.54703183597,2021,2020-02-25
2021-02-26,cum,1146.19433075626,2021,2020-02-26
2021-02-27,cum,1162.39210268075,2021,2020-02-27
2021-02-28,cum,1180.18767268597,2021,2020-02-28
2021-03-01,cum,1197.38337992406,2021,2020-03-01
2021-03-02,cum,1214.48346215293,2021,2020-03-02
2021-03-03,cum,1230.55418471505,2021,2020-03-03
2021-03-04,cum,1244.63603607854,2021,2020-03-04
2021-03-05,cum,1262.19197098805,2021,2020-03-05
2021-03-06,cum,1282.94295726664,2021,2020-03-06
2021-03-07,cum,1302.51380533701,2021,2020-03-07
2021-03-08,cum,1320.95080632361,2021,2020-03-08
2021-03-09,cum,1340.56048661533,2021,2020-03-09
2021-03-10,cum,1359.93346880298,2021,2020-03-10
2021-03-11,cum,1376.76698796955,2021,2020-03-11
2021-03-12,cum,1391.24414853311,2021,2020-03-12
2021-03-13,cum,1405.33977494226,2021,2020-03-13
2021-03-14,cum,1422.35274950895,2021,2020-03-14
2021-03-15,cum,1440.06374704737,2021,2020-03-15
2021-03-16,cum,1458.23457890315,2021,2020-03-16
2021-03-17,cum,1477.26382949091,2021,2020-03-17
2021-03-18,cum,1497.61211285007,2021,2020-03-18
2021-03-19,cum,1518.87830874327,2021,2020-03-19
2021-03-20,cum,1541.62891115316,2021,2020-03-20
2021-03-21,cum,1563.79565162266,2021,2020-03-21
2021-03-22,cum,1582.59094848723,2021,2020-03-22
2021-03-23,cum,1600.24291285049,2021,2020-03-23
2021-03-24,cum,1616.299731571,2021,2020-03-24
2021-03-25,cum,1630.52478462062,2021,2020-03-25
2021-03-26,cum,1642.61307816991,2021,2020-03-26
2021-03-27,cum,1655.52375855221,2021,2020-03-27
2021-03-28,cum,1669.17376597394,2021,2020-03-28
2021-03-29,cum,1680.20537800789,2021,2020-03-29
2021-03-30,cum,1685.12091774186,2021,2020-03-30
2021-03-31,cum,1689.05746959184,2021,2020-03-31
2021-04-01,cum,1692.08809390756,2021,2020-04-01
2021-04-02,cum,1699.97146883056,2021,2020-04-02
2021-04-03,cum,1715.58071144128,2021,2020-04-03
2021-04-04,cum,1732.35117059632,2021,2020-04-04
2021-04-05,cum,1746.23968369711,2021,2020-04-05
2021-04-06,cum,1766.97723637776,2021,2020-04-06
2021-04-07,cum,1787.95259304127,2021,2020-04-07
2021-04-08,cum,1806.8974164469,2021,2020-04-08
2021-04-09,cum,1821.63244980283,2021,2020-04-09
2021-04-10,cum,1832.64425422624,2021,2020-04-10
2021-04-11,cum,1840.48078525728,2021,2020-04-11
2021-04-12,cum,1855.39790569033,2021,2020-04-12
2021-04-13,cum,1874.55125888646,2021,2020-04-13
2021-04-14,cum,1892.71040471873,2021,2020-04-14
2021-04-15,cum,1910.89757249951,2021,2020-04-15
2021-04-16,cum,1928.09161994025,2021,2020-04-16
2021-04-17,cum,1944.16010952072,2021,2020-04-17
2021-04-18,cum,1959.57367469171,2021,2020-04-18
2021-04-19,cum,1974.05894565275,2021,2020-04-19
2021-04-20,cum,1987.14029600183,2021,2020-04-20
2021-04-21,cum,1998.44360635987,2021,2020-04-21
2021-04-22,cum,2010.73180938083,2021,2020-04-22
2021-04-23,cum,2023.26896729972,2021,2020-04-23
2021-04-24,cum,2034.64050266877,2021,2020-04-24
2021-04-25,cum,2045.9660339953,2021,2020-04-25
2021-04-26,cum,2059.60257175297,2021,2020-04-26
2021-04-27,cum,2072.65186180442,2021,2020-04-27
2021-04-28,cum,2081.0243775,2021,2020-04-28
2021-04-29,cum,2085.25210626373,2021,2020-04-29
2021-04-30,cum,2089.09343410713,2021,2020-04-30
2021-05-01,cum,2093.1507962438,2021,2020-05-01
2021-05-02,cum,2104.4416938375,2021,2020-05-02
2021-05-03,cum,2117.24840583436,2021,2020-05-03
2021-05-04,cum,2123.97761250777,2021,2020-05-04
2021-05-05,cum,2135.12712384394,2021,2020-05-05
2021-05-06,cum,2147.49974885857,2021,2020-05-06
2021-05-07,cum,2159.79696742588,2021,2020-05-07
2021-05-08,cum,2170.87400059617,2021,2020-05-08
2021-05-09,cum,2172.10673092362,2021,2020-05-09
2021-05-10,cum,2172.35689595334,2021,2020-05-10
2021-05-11,cum,2173.82882395501,2021,2020-05-11
2021-05-12,cum,2180.46855134945,2021,2020-05-12
2021-05-13,cum,2189.11860534306,2021,2020-05-13
2021-05-14,cum,2195.17610390633,2021,2020-05-14
2021-05-15,cum,2201.83437516832,2021,2020-05-15
2021-05-16,cum,2206.65044122904,2021,2020-05-16
2021-05-17,cum,2214.6234140959,2021,2020-05-17
2021-05-18,cum,2221.55383822133,2021,2020-05-18
2021-05-19,cum,2231.10372185626,2021,2020-05-19
2021-05-20,cum,2238.93064948918,2021,2020-05-20
2021-05-21,cum,2244.00441551459,2021,2020-05-21
2021-05-22,cum,2250.03132992872,2021,2020-05-22
2021-05-23,cum,2260.77311411173,2021,2020-05-23
2021-05-24,cum,2270.84994708581,2021,2020-05-24
2021-05-25,cum,2282.06777806656,2021,2020-05-25
2021-05-26,cum,2287.79973922046,2021,2020-05-26
2021-05-27,cum,2294.80180594957,2021,2020-05-27
2021-05-28,cum,2299.52894314037,2021,2020-05-28
2021-05-29,cum,2304.58858020874,2021,2020-05-29
2021-05-30,cum,2312.76603132596,2021,2020-05-30
2021-05-31,cum,2317.5974251687,2021,2020-05-31
2021-06-01,cum,2319.38784097385,2021,2020-06-01
2021-06-02,cum,2320.3296004157,2021,2020-06-02
2021-06-03,cum,2320.72831158659,2021,2020-06-03
2021-06-04,cum,2321.10880241428,2021,2020-06-04
2021-06-05,cum,2321.79931825431,2021,2020-06-05
2021-06-06,cum,2323.01091630839,2021,2020-06-06
2021-06-07,cum,2323.79006637488,2021,2020-06-07
2021-06-08,cum,2324.50290725544,2021,2020-06-08
2021-06-09,cum,2325.23780176557,2021,2020-06-09
2021-06-10,cum,2325.973605854,2021,2020-06-10
2021-06-11,cum,2326.71021136378,2021,2020-06-11
2021-06-12,cum,2326.81274189643,2021,2020-06-12
2021-06-13,cum,2326.96932315906,2021,2020-06-13
2021-06-14,cum,2327.02748410925,2021,2020-06-14
2021-06-15,cum,2327.03812309526,2021,2020-06-15
2021-06-16,cum,2327.04206182523,2021,2020-06-16
2021-06-17,cum,2327.04206182523,2021,2020-06-17
2021-06-18,cum,2327.04206182523,2021,2020-06-18
2021-06-19,cum,2327.04206182523,2021,2020-06-19
2021-06-20,cum,2327.04206182523,2021,2020-06-20
2021-06-21,cum,2327.04206182523,2021,2020-06-21
2021-06-22,cum,2327.05324737359,2021,2020-06-22
2021-06-23,cum,2327.07555269838,2021,2020-06-23
2021-06-24,cum,2327.26724697873,2021,2020-06-24
2021-06-25,cum,2327.99092037281,2021,2020-06-25
2021-06-26,cum,2328.17116354844,2021,2020-06-26
2021-06-27,cum,2328.23166685636,2021,2020-06-27
2021-06-28,cum,2328.23534089907,2021,2020-06-28
2021-06-29,cum,2328.31110123211,2021,2020-06-29
2021-06-30,cum,2329.80502861119,2021,2020-06-30
2021-07-01,cum,2331.56229129318,2021,2020-07-01
2021-07-02,cum,2332.40968563366,2021,2020-07-02
2021-07-03,cum,2332.60589629311,2021,2020-07-03
2021-07-04,cum,2333.17721405504,2021,2020-07-04
2021-07-05,cum,2333.47195846695,2021,2020-07-05
2021-07-06,cum,2333.47584129694,2021,2020-07-06
2021-07-07,cum,2333.55071674688,2021,2020-07-07
2021-07-08,cum,2333.88714243466,2021,2020-07-08
2021-07-09,cum,2334.66346616957,2021,2020-07-09
2021-07-10,cum,2334.78519392191,2021,2020-07-10
2021-07-11,cum,2335.50551681005,2021,2020-07-11
2021-07-12,cum,2335.51632432496,2021,2020-07-12
2021-07-13,cum,2335.72569285394,2021,2020-07-13
2021-07-14,cum,2337.18391946306,2021,2020-07-14
2021-07-15,cum,2338.400151495,2021,2020-07-15
2021-07-16,cum,2339.19895373214,2021,2020-07-16
2021-07-17,cum,2339.73002261731,2021,2020-07-17
2021-07-18,cum,2340.22756793898,2021,2020-07-18
2021-07-19,cum,2340.31645511416,2021,2020-07-19
2021-07-20,cum,2340.38411432088,2021,2020-07-20
2021-07-21,cum,2340.40208741285,2021,2020-07-21
2021-07-22,cum,2340.44347356786,2021,2020-07-22
2021-07-23,cum,2340.45426358268,2021,2020-07-23
2021-07-24,cum,2340.46510245773,2021,2020-07-24
2021-07-25,cum,2340.5873945947,2021,2020-07-25
2021-07-26,cum,2340.71812502953,2021,2020-07-26
2021-07-27,cum,2340.80674973764,2021,2020-07-27
2021-07-28,cum,2340.97618638586,2021,2020-07-28
2021-07-29,cum,2341.00122802255,2021,2020-07-29
2021-07-30,cum,2341.01895857176,2021,2020-07-30
2021-07-31,cum,2341.14091608539,2021,2020-07-31
2021-08-01,cum,2342.74969200357,2021,2020-08-01
2021-08-02,cum,2343.92293853715,2021,2020-08-02
2021-08-03,cum,2344.98944888088,2021,2020-08-03
2021-08-04,cum,2346.4053509046,2021,2020-08-04
2021-08-05,cum,2347.56469624124,2021,2020-08-05
2021-08-06,cum,2348.1891416273,2021,2020-08-06
2021-08-07,cum,2348.33050044096,2021,2020-08-07
2021-08-08,cum,2349.28995312726,2021,2020-08-08
2021-08-09,cum,2349.61023294713,2021,2020-08-09
2021-08-10,cum,2349.66617221505,2021,2020-08-10
2021-08-11,cum,2349.67002118515,2021,2020-08-11
2021-08-12,cum,2349.67002118515,2021,2020-08-12
2021-08-13,cum,2349.67002118515,2021,2020-08-13
2021-08-14,cum,2349.67002118515,2021,2020-08-14
2021-08-15,cum,2349.67002118515,2021,2020-08-15
2021-08-16,cum,2349.98894690918,2021,2020-08-16
2021-08-17,cum,2351.39434366401,2021,2020-08-17
2021-08-18,cum,2352.70502922953,2021,2020-08-18
2021-08-19,cum,2353.10093401743,2021,2020-08-19
2021-08-20,cum,2353.26684953668,2021,2020-08-20
2021-08-21,cum,2353.34035173346,2021,2020-08-21
2021-08-22,cum,2353.50189529475,2021,2020-08-22
2021-08-23,cum,2354.38549424305,2021,2020-08-23
2021-08-24,cum,2355.82086359702,2021,2020-08-24
2021-08-25,cum,2357.43924865345,2021,2020-08-25
2021-08-26,cum,2360.12716614706,2021,2020-08-26
2021-08-27,cum,2363.61470117914,2021,2020-08-27
2021-08-28,cum,2368.28380628905,2021,2020-08-28
2021-08-29,cum,2372.88579119511,2021,2020-08-29
2021-08-30,cum,2376.72273761086,2021,2020-08-30
2021-08-31,cum,2379.16155371586,2021,2020-08-31
2021-09-01,cum,2380.91187832673,2021,2020-09-01
2021-09-02,cum,2382.17179643868,2021,2020-09-02
2021-09-03,cum,2382.91096920458,2021,2020-09-03
2021-09-04,cum,2383.68109703324,2021,2020-09-04
2021-09-05,cum,2384.40586140908,2021,2020-09-05
2021-09-06,cum,2385.14192902087,2021,2020-09-06
2021-09-07,cum,2386.0051683676,2021,2020-09-07
2021-09-08,cum,2386.77077993187,2021,2020-09-08
2021-09-09,cum,2387.42385282868,2021,2020-09-09
2021-09-10,cum,2387.8325401558,2021,2020-09-10
2021-09-11,cum,2388.52417956973,2021,2020-09-11
2021-09-12,cum,2389.16453115207,2021,2020-09-12
2021-09-13,cum,2389.7351957887,2021,2020-09-13
2021-09-14,cum,2389.88664912522,2021,2020-09-14
2021-09-15,cum,2390.02748165577,2021,2020-09-15
2021-09-16,cum,2390.58744460908,2021,2020-09-16
2021-09-17,cum,2391.79283671702,2021,2020-09-17
2021-09-18,cum,2393.5690495854,2021,2020-09-18
2021-09-19,cum,2397.05410780368,2021,2020-09-19
2021-09-20,cum,2403.42569039283,2021,2020-09-20
2021-09-21,cum,2409.22601001692,2021,2020-09-21
2021-09-22,cum,2416.73584385607,2021,2020-09-22
2021-09-23,cum,2420.90492953028,2021,2020-09-23
2021-09-24,cum,2422.31370479271,2021,2020-09-24
2021-09-25,cum,2423.11439195747,2021,2020-09-25
2021-09-26,cum,2423.49586981074,2021,2020-09-26
2021-09-27,cum,2424.34109969601,2021,2020-09-27
2021-09-28,cum,2425.38532301669,2021,2020-09-28
2021-09-29,cum,2427.83436083146,2021,2020-09-29
2021-09-30,cum,2434.0142092467,2021,2020-09-30
2021-10-01,cum,2440.40405785978,2021,2020-10-01
2021-10-02,cum,2443.31678357686,2021,2020-10-02
2021-10-03,cum,2444.61790528021,2021,2020-10-03
2021-10-04,cum,2446.58724881043,2021,2020-10-04
2021-10-05,cum,2448.78331347975,2021,2020-10-05
2021-10-06,cum,2456.46961844656,2021,2020-10-06
2021-10-07,cum,2467.52329311678,2021,2020-10-07
2021-10-08,cum,2478.03875664521,2021,2020-10-08
2021-10-09,cum,2490.94099427092,2021,2020-10-09
2021-10-10,cum,2505.69810534524,2021,2020-10-10
2021-10-11,cum,2518.11090465491,2021,2020-10-11
2021-10-12,cum,2531.29694911226,2021,2020-10-12
2021-10-13,cum,2546.05876634226,2021,2020-10-13
2021-10-14,cum,2560.60979695999,2021,2020-10-14
2021-10-15,cum,2572.41884758333,2021,2020-10-15
2021-10-16,cum,2584.8486089874,2021,2020-10-16
2021-10-17,cum,2598.48460289076,2021,2020-10-17
2021-10-18,cum,2611.42939472483,2021,2020-10-18
2021-10-19,cum,2622.60507018475,2021,2020-10-19
2021-10-20,cum,2625.81053618262,2021,2020-10-20
2021-10-21,cum,2631.5954945468,2021,2020-10-21
2021-10-22,cum,2643.24767580156,2021,2020-10-22
2021-10-23,cum,2656.91401710918,2021,2020-10-23
2021-10-24,cum,2671.83840793854,2021,2020-10-24
2021-10-25,cum,2686.19223885767,2021,2020-10-25
2021-10-26,cum,2700.33902297037,2021,2020-10-26
2021-10-27,cum,2713.61699437658,2021,2020-10-27
2021-10-28,cum,2727.26627175291,2021,2020-10-28
2021-10-29,cum,2740.40376905285,2021,2020-10-29
2021-10-30,cum,2753.2598224015,2021,2020-10-30
2021-10-31,cum,2765.21768095809,2021,2020-10-31
2021-11-01,cum,2777.68949811141,2021,2020-11-01
2021-11-02,cum,2792.16383706042,2021,2020-11-02
2021-11-03,cum,2806.33435029636,2021,2020-11-03
2021-11-04,cum,2819.97912730421,2021,2020-11-04
2021-11-05,cum,2835.92173419367,2021,2020-11-05
2021-11-06,cum,2852.48831507146,2021,2020-11-06
2021-11-07,cum,2868.62432723501,2021,2020-11-07
2021-11-08,cum,2883.92425607365,2021,2020-11-08
2021-11-09,cum,2900.11952301247,2021,2020-11-09
2021-11-10,cum,2914.94237194654,2021,2020-11-10
2021-11-11,cum,2930.26103464832,2021,2020-11-11
2021-11-12,cum,2946.16075392237,2021,2020-11-12
2021-11-13,cum,2962.29942457845,2021,2020-11-13
2021-11-14,cum,2977.68182043018,2021,2020-11-14
2021-11-15,cum,2992.64846876857,2021,2020-11-15
2021-11-16,cum,3007.59324794023,2021,2020-11-16
2021-11-17,cum,3023.41964763046,2021,2020-11-17
2021-11-18,cum,3038.50842771383,2021,2020-11-18
2021-11-19,cum,3052.45023806268,2021,2020-11-19
2021-11-20,cum,3067.15310730184,2021,2020-11-20
2021-11-21,cum,3083.95069564246,2021,2020-11-21
2021-11-22,cum,3100.53149817663,2021,2020-11-22
2021-11-23,cum,3118.97520709945,2021,2020-11-23
2021-11-24,cum,3139.22552973525,2021,2020-11-24
2021-11-25,cum,3158.81804945572,2021,2020-11-25
2021-11-26,cum,3178.93217244261,2021,2020-11-26
2021-11-27,cum,3198.94360608352,2021,2020-11-27
2021-11-28,cum,3219.44614150767,2021,2020-11-28
2021-11-29,cum,3240.70594965128,2021,2020-11-29
2021-11-30,cum,3260.92927124267,2021,2020-11-30
2021-12-01,cum,3277.25931123278,2021,2020-12-01
2021-12-02,cum,3294.18713175613,2021,2020-12-02
2021-12-03,cum,3315.37440509659,2021,2020-12-03
2021-12-04,cum,3336.47810556305,2021,2020-12-04
2021-12-05,cum,3356.27415614422,2021,2020-12-05
2021-12-06,cum,3377.1075490776,2021,2020-12-06
2021-12-07,cum,3399.34645243654,2021,2020-12-07
2021-12-08,cum,3421.73037024828,2021,2020-12-08
2021-12-09,cum,3443.03761071814,2021,2020-12-09
2021-12-10,cum,3465.53195364699,2021,2020-12-10
2021-12-11,cum,3486.70394021222,2021,2020-12-11
2021-12-12,cum,3506.65509852879,2021,2020-12-12
2021-12-13,cum,3524.33441240429,2021,2020-12-13
2021-12-14,cum,3541.64877004214,2021,2020-12-14
2021-12-15,cum,3558.82618078423,2021,2020-12-15
2021-12-16,cum,3576.48315298489,2021,2020-12-16
2021-12-17,cum,3594.44086115767,2021,2020-12-17
2021-12-18,cum,3613.70775516371,2021,2020-12-18
2021-12-19,cum,3633.16217474832,2021,2020-12-19
2021-12-20,cum,3653.62375024165,2021,2020-12-20
2021-12-21,cum,3677.82483270066,2021,2020-12-21
2021-12-22,cum,3703.72737054387,2021,2020-12-22
2021-12-23,cum,3728.11773896326,2021,2020-12-23
2021-12-24,cum,3744.81234208725,2021,2020-12-24
2021-12-25,cum,3762.96250354524,2021,2020-12-25
2021-12-26,cum,3784.22907491794,2021,2020-12-26
2021-12-27,cum,3804.85713546929,2021,2020-12-27
2021-12-28,cum,3824.37997540151,2021,2020-12-28
2021-12-29,cum,3841.19425184582,2021,2020-12-29
2021-12-30,cum,3854.84269789177,2021,2020-12-30
2021-12-31,cum,3865.09549509192,2021,2020-12-31
2022-01-01,cum,12.8997485616027,2022,2020-01-01
2022-01-02,cum,28.7810318322095,2022,2020-01-02
2022-01-03,cum,41.896007470267,2022,2020-01-03
2022-01-04,cum,55.7830289884818,2022,2020-01-04
2022-01-05,cum,72.9706648357473,2022,2020-01-05
2022-01-06,cum,93.749123636452,2022,2020-01-06
2022-01-07,cum,118.136864938106,2022,2020-01-07
2022-01-08,cum,141.454410940535,2022,2020-01-08
2022-01-09,cum,163.464119967494,2022,2020-01-09
2022-01-10,cum,184.060956288253,2022,2020-01-10
2022-01-11,cum,206.407061689777,2022,2020-01-11
2022-01-12,cum,231.235548876248,2022,2020-01-12
2022-01-13,cum,253.533942895485,2022,2020-01-13
2022-01-14,cum,272.120595281341,2022,2020-01-14
2022-01-15,cum,292.063280575659,2022,2020-01-15
2022-01-16,cum,313.229818267652,2022,2020-01-16
2022-01-17,cum,331.093352958205,2022,2020-01-17
2022-01-18,cum,350.5940608142,2022,2020-01-18
2022-01-19,cum,372.316715675941,2022,2020-01-19
2022-01-20,cum,392.25327564651,2022,2020-01-20
2022-01-21,cum,414.65717134634,2022,2020-01-21
2022-01-22,cum,435.306334049076,2022,2020-01-22
2022-01-23,cum,455.152549325881,2022,2020-01-23
2022-01-24,cum,476.122538647895,2022,2020-01-24
2022-01-25,cum,497.090902879692,2022,2020-01-25
2022-01-26,cum,517.774314827596,2022,2020-01-26
2022-01-27,cum,537.317660659765,2022,2020-01-27
2022-01-28,cum,555.769475520753,2022,2020-01-28
2022-01-29,cum,574.209331761078,2022,2020-01-29
2022-01-30,cum,590.135147265587,2022,2020-01-30
2022-01-31,cum,609.469767297224,2022,2020-01-31
2022-02-01,cum,629.166058948096,2022,2020-02-01
2022-02-02,cum,646.598950167009,2022,2020-02-02
2022-02-03,cum,663.53972628274,2022,2020-02-03
2022-02-04,cum,680.793263045803,2022,2020-02-04
2022-02-05,cum,698.614414198709,2022,2020-02-05
2022-02-06,cum,716.804218061749,2022,2020-02-06
2022-02-07,cum,735.073903272862,2022,2020-02-07
2022-02-08,cum,752.482988059563,2022,2020-02-08
2022-02-09,cum,768.301042867156,2022,2020-02-09
2022-02-10,cum,785.123012192971,2022,2020-02-10
2022-02-11,cum,802.595913250845,2022,2020-02-11
2022-02-12,cum,822.454861697409,2022,2020-02-12
2022-02-13,cum,842.971735760008,2022,2020-02-13
2022-02-14,cum,862.820497041852,2022,2020-02-14
2022-02-15,cum,881.118942708694,2022,2020-02-15
2022-02-16,cum,897.010142684368,2022,2020-02-16
2022-02-17,cum,909.192472819449,2022,2020-02-17
2022-02-18,cum,922.08621391349,2022,2020-02-18
2022-02-19,cum,937.153328124627,2022,2020-02-19
2022-02-20,cum,953.06119832016,2022,2020-02-20
2022-02-21,cum,968.973860412637,2022,2020-02-21
2022-02-22,cum,985.714628371159,2022,2020-02-22
2022-02-23,cum,1001.13935621461,2022,2020-02-23
2022-02-24,cum,1017.08695693364,2022,2020-02-24
2022-02-25,cum,1034.85107215008,2022,2020-02-25
2022-02-26,cum,1053.90889028998,2022,2020-02-26
2022-02-27,cum,1073.56711551815,2022,2020-02-27
2022-02-28,cum,1094.97488397797,2022,2020-02-28
2022-03-01,cum,1116.59001389436,2022,2020-03-01
2022-03-02,cum,1137.27484862969,2022,2020-03-02
2022-03-03,cum,1157.00032905979,2022,2020-03-03
2022-03-04,cum,1177.80407290977,2022,2020-03-04
2022-03-05,cum,1198.93763595673,2022,2020-03-05
2022-03-06,cum,1220.50250543816,2022,2020-03-06
2022-03-07,cum,1242.28856138145,2022,2020-03-07
2022-03-08,cum,1262.9486060502,2022,2020-03-08
2022-03-09,cum,1281.66667856653,2022,2020-03-09
2022-03-10,cum,1300.17699324822,2022,2020-03-10
2022-03-11,cum,1320.55095457231,2022,2020-03-11
2022-03-12,cum,1339.59801686727,2022,2020-03-12
2022-03-13,cum,1356.70595073779,2022,2020-03-13
2022-03-14,cum,1371.6435571173,2022,2020-03-14
2022-03-15,cum,1385.69626047667,2022,2020-03-15
2022-03-16,cum,1399.07431254238,2022,2020-03-16
2022-03-17,cum,1413.55729911087,2022,2020-03-17
2022-03-18,cum,1429.04008654482,2022,2020-03-18
2022-03-19,cum,1445.25820295392,2022,2020-03-19
2022-03-20,cum,1461.2726587749,2022,2020-03-20
2022-03-21,cum,1477.36501944091,2022,2020-03-21
2022-03-22,cum,1491.80669429359,2022,2020-03-22
2022-03-23,cum,1504.12638082113,2022,2020-03-23
2022-03-24,cum,1515.54467163947,2022,2020-03-24
2022-03-25,cum,1527.35471957928,2022,2020-03-25
2022-03-26,cum,1538.7716935196,2022,2020-03-26
2022-03-27,cum,1549.94015267026,2022,2020-03-27
2022-03-28,cum,1558.29484814082,2022,2020-03-28
2022-03-29,cum,1565.2228228534,2022,2020-03-29
2022-03-30,cum,1575.47862625566,2022,2020-03-30
2022-03-31,cum,1590.04249667646,2022,2020-03-31
2022-04-01,cum,1607.29104767286,2022,2020-04-01
2022-04-02,cum,1627.39120888249,2022,2020-04-02
2022-04-03,cum,1647.39324744945,2022,2020-04-03
2022-04-04,cum,1665.58854106697,2022,2020-04-04
2022-04-05,cum,1679.54034883009,2022,2020-04-05
2022-04-06,cum,1686.41457839019,2022,2020-04-06
2022-04-07,cum,1692.36018032272,2022,2020-04-07
2022-04-08,cum,1701.24621404551,2022,2020-04-08
2022-04-09,cum,1716.71390743339,2022,2020-04-09
2022-04-10,cum,1733.73998707449,2022,2020-04-10
2022-04-11,cum,1748.39351635914,2022,2020-04-11
2022-04-12,cum,1759.4225633737,2022,2020-04-12
2022-04-13,cum,1764.10156670368,2022,2020-04-13
2022-04-14,cum,1766.3734977675,2022,2020-04-14
2022-04-15,cum,1770.57664453026,2022,2020-04-15
2022-04-16,cum,1783.92544408391,2022,2020-04-16
2022-04-17,cum,1798.50338404653,2022,2020-04-17
2022-04-18,cum,1812.95697200937,2022,2020-04-18
2022-04-19,cum,1828.19224882624,2022,2020-04-19
2022-04-20,cum,1842.39753649758,2022,2020-04-20
2022-04-21,cum,1854.36379516418,2022,2020-04-21
2022-04-22,cum,1867.0189677817,2022,2020-04-22
2022-04-23,cum,1877.89644193557,2022,2020-04-23
2022-04-24,cum,1885.10893579835,2022,2020-04-24
2022-04-25,cum,1895.16523570824,2022,2020-04-25
2022-04-26,cum,1907.14287973559,2022,2020-04-26
2022-04-27,cum,1919.36217121572,2022,2020-04-27
2022-04-28,cum,1927.60530629064,2022,2020-04-28
2022-04-29,cum,1935.21170589889,2022,2020-04-29
2022-04-30,cum,1941.16828249047,2022,2020-04-30
2022-05-01,cum,1949.21473929109,2022,2020-05-01
2022-05-02,cum,1954.84803774685,2022,2020-05-02
2022-05-03,cum,1958.78287590914,2022,2020-05-03
2022-05-04,cum,1962.55038144316,2022,2020-05-04
2022-05-05,cum,1965.5890675328,2022,2020-05-05
2022-05-06,cum,1970.06961766857,2022,2020-05-06
2022-05-07,cum,1974.64546504636,2022,2020-05-07
2022-05-08,cum,1977.86765002414,2022,2020-05-08
2022-05-09,cum,1979.96718300257,2022,2020-05-09
2022-05-10,cum,1981.07641863319,2022,2020-05-10
2022-05-11,cum,1981.28925333946,2022,2020-05-11
2022-05-12,cum,1981.44247134431,2022,2020-05-12
2022-05-13,cum,1982.21509833997,2022,2020-05-13
2022-05-14,cum,1982.96824281962,2022,2020-05-14
2022-05-15,cum,1983.18048146147,2022,2020-05-15
2022-05-16,cum,1983.88361185954,2022,2020-05-16
2022-05-17,cum,1984.57395227208,2022,2020-05-17
2022-05-18,cum,1984.85064318103,2022,2020-05-18
2022-05-19,cum,1984.94369157144,2022,2020-05-19
2022-05-20,cum,1984.97016398597,2022,2020-05-20
2022-05-21,cum,1985.10903145074,2022,2020-05-21
2022-05-22,cum,1985.23640053763,2022,2020-05-22
2022-05-23,cum,1985.33894212079,2022,2020-05-23
2022-05-24,cum,1986.81053992465,2022,2020-05-24
2022-05-25,cum,1989.44666942872,2022,2020-05-25
2022-05-26,cum,1990.38269305464,2022,2020-05-26
2022-05-27,cum,1990.75088910508,2022,2020-05-27
2022-05-28,cum,1994.63148370591,2022,2020-05-28
2022-05-29,cum,2004.53271084027,2022,2020-05-29
2022-05-30,cum,2010.78746969108,2022,2020-05-30
2022-05-31,cum,2012.6516672765,2022,2020-05-31
2022-06-01,cum,2013.62032275145,2022,2020-06-01
2022-06-02,cum,2014.22149025658,2022,2020-06-02
2022-06-03,cum,2014.38205424381,2022,2020-06-03
2022-06-04,cum,2014.4001815161,2022,2020-06-04
2022-06-05,cum,2014.48151146115,2022,2020-06-05
2022-06-06,cum,2014.6075447122,2022,2020-06-06
2022-06-07,cum,2015.92541939545,2022,2020-06-07
2022-06-08,cum,2016.6837533566,2022,2020-06-08
2022-06-09,cum,2019.5460581182,2022,2020-06-09
2022-06-10,cum,2021.11766909858,2022,2020-06-10
2022-06-11,cum,2021.76347077502,2022,2020-06-11
2022-06-12,cum,2021.83273292115,2022,2020-06-12
2022-06-13,cum,2022.42859408987,2022,2020-06-13
2022-06-14,cum,2022.58505586277,2022,2020-06-14
2022-06-15,cum,2022.6084810927,2022,2020-06-15
2022-06-16,cum,2022.6826021299,2022,2020-06-16
2022-06-17,cum,2022.74925416913,2022,2020-06-17
2022-06-18,cum,2022.74925416913,2022,2020-06-18
2022-06-19,cum,2022.74925416913,2022,2020-06-19
2022-06-20,cum,2022.74925416913,2022,2020-06-20
2022-06-21,cum,2022.75298875102,2022,2020-06-21
2022-06-22,cum,2022.84612243953,2022,2020-06-22
2022-06-23,cum,2022.85710830011,2022,2020-06-23
2022-06-24,cum,2023.03563100169,2022,2020-06-24
2022-06-25,cum,2023.14805567318,2022,2020-06-25
2022-06-26,cum,2023.15193439669,2022,2020-06-26
2022-06-27,cum,2023.15193439669,2022,2020-06-27
2022-06-28,cum,2023.21159887331,2022,2020-06-28
2022-06-29,cum,2023.3065563426,2022,2020-06-29
2022-06-30,cum,2023.31761933938,2022,2020-06-30
2022-07-01,cum,2024.1259023981,2022,2020-07-01
2022-07-02,cum,2024.12994408499,2022,2020-07-02
2022-07-03,cum,2024.12994408499,2022,2020-07-03
2022-07-04,cum,2024.2079736213,2022,2020-07-04
2022-07-05,cum,2024.37178343241,2022,2020-07-05
2022-07-06,cum,2024.55869739044,2022,2020-07-06
2022-07-07,cum,2025.40142470578,2022,2020-07-07
2022-07-08,cum,2026.62562504859,2022,2020-07-08
2022-07-09,cum,2027.416489497,2022,2020-07-09
2022-07-10,cum,2028.28789385646,2022,2020-07-10
2022-07-11,cum,2028.97029232714,2022,2020-07-11
2022-07-12,cum,2029.20800685442,2022,2020-07-12
2022-07-13,cum,2029.20800685442,2022,2020-07-13
2022-07-14,cum,2029.20800685442,2022,2020-07-14
2022-07-15,cum,2029.20800685442,2022,2020-07-15
2022-07-16,cum,2029.20800685442,2022,2020-07-16
2022-07-17,cum,2029.20800685442,2022,2020-07-17
2022-07-18,cum,2029.20800685442,2022,2020-07-18
2022-07-19,cum,2029.20800685442,2022,2020-07-19
2022-07-20,cum,2029.20800685442,2022,2020-07-20
2022-07-21,cum,2029.20800685442,2022,2020-07-21
2022-07-22,cum,2029.20800685442,2022,2020-07-22
2022-07-23,cum,2029.24057559436,2022,2020-07-23
2022-07-24,cum,2029.24057559436,2022,2020-07-24
2022-07-25,cum,2029.24057559436,2022,2020-07-25
2022-07-26,cum,2029.30920547515,2022,2020-07-26
2022-07-27,cum,2029.4873418168,2022,2020-07-27
2022-07-28,cum,2029.56003067117,2022,2020-07-28
2022-07-29,cum,2029.69529794225,2022,2020-07-29
2022-07-30,cum,2030.26506148803,2022,2020-07-30
2022-07-31,cum,2030.38259190663,2022,2020-07-31
2022-08-01,cum,2030.38634675366,2022,2020-08-01
2022-08-02,cum,2030.42064481031,2022,2020-08-02
2022-08-03,cum,2030.42064481031,2022,2020-08-03
2022-08-04,cum,2030.42064481031,2022,2020-08-04
2022-08-05,cum,2030.42064481031,2022,2020-08-05
2022-08-06,cum,2030.5398835732,2022,2020-08-06
2022-08-07,cum,2030.63855190813,2022,2020-08-07
2022-08-08,cum,2030.78582545264,2022,2020-08-08
2022-08-09,cum,2030.85348412254,2022,2020-08-09
2022-08-10,cum,2030.91386637468,2022,2020-08-10
2022-08-11,cum,2030.97703670714,2022,2020-08-11
2022-08-12,cum,2031.7346776333,2022,2020-08-12
2022-08-13,cum,2032.46487918442,2022,2020-08-13
2022-08-14,cum,2032.5370432923,2022,2020-08-14
2022-08-15,cum,2032.67997082224,2022,2020-08-15
2022-08-16,cum,2032.7488225704,2022,2020-08-16
2022-08-17,cum,2032.75989525512,2022,2020-08-17
2022-08-18,cum,2032.91044090503,2022,2020-08-18
2022-08-19,cum,2033.31347340271,2022,2020-08-19
2022-08-20,cum,2033.96521094878,2022,2020-08-20
2022-08-21,cum,2034.33833682433,2022,2020-08-21
2022-08-22,cum,2035.07345895218,2022,2020-08-22
2022-08-23,cum,2035.64350960373,2022,2020-08-23
2022-08-24,cum,2035.84594116756,2022,2020-08-24
2022-08-25,cum,2035.87153038522,2022,2020-08-25
2022-08-26,cum,2035.91493103955,2022,2020-08-26
2022-08-27,cum,2036.08804232748,2022,2020-08-27
2022-08-28,cum,2036.31604311557,2022,2020-08-28
2022-08-29,cum,2036.40352532525,2022,2020-08-29
2022-08-30,cum,2036.47826048127,2022,2020-08-30
2022-08-31,cum,2037.31373116595,2022,2020-08-31
2022-09-01,cum,2038.60761764052,2022,2020-09-01
2022-09-02,cum,2039.70944290626,2022,2020-09-02
2022-09-03,cum,2040.57902262457,2022,2020-09-03
2022-09-04,cum,2041.24475266994,2022,2020-09-04
2022-09-05,cum,2041.4118708113,2022,2020-09-05
2022-09-06,cum,2041.55477990575,2022,2020-09-06
2022-09-07,cum,2041.65709411423,2022,2020-09-07
2022-09-08,cum,2042.47916065974,2022,2020-09-08
2022-09-09,cum,2044.6402892372,2022,2020-09-09
2022-09-10,cum,2047.02071617391,2022,2020-09-10
2022-09-11,cum,2049.46059459213,2022,2020-09-11
2022-09-12,cum,2050.83978323895,2022,2020-09-12
2022-09-13,cum,2050.94448489701,2022,2020-09-13
2022-09-14,cum,2050.99567619406,2022,2020-09-14
2022-09-15,cum,2051.65070286326,2022,2020-09-15
2022-09-16,cum,2054.68418387603,2022,2020-09-16
2022-09-17,cum,2065.54964896494,2022,2020-09-17
2022-09-18,cum,2076.08577635435,2022,2020-09-18
2022-09-19,cum,2087.01182452166,2022,2020-09-19
2022-09-20,cum,2098.83044752635,2022,2020-09-20
2022-09-21,cum,2110.57626934367,2022,2020-09-21
2022-09-22,cum,2122.50969022273,2022,2020-09-22
2022-09-23,cum,2133.64035160024,2022,2020-09-23
2022-09-24,cum,2142.07037291801,2022,2020-09-24
2022-09-25,cum,2147.65911596815,2022,2020-09-25
2022-09-26,cum,2153.00509683778,2022,2020-09-26
2022-09-27,cum,2163.62017217441,2022,2020-09-27
2022-09-28,cum,2172.56717547331,2022,2020-09-28
2022-09-29,cum,2182.30388796043,2022,2020-09-29
2022-09-30,cum,2189.78076059168,2022,2020-09-30
2022-10-01,cum,2195.76757231489,2022,2020-10-01
2022-10-02,cum,2200.8511009871,2022,2020-10-02
2022-10-03,cum,2207.08493651182,2022,2020-10-03
2022-10-04,cum,2214.92842448137,2022,2020-10-04
2022-10-05,cum,2221.6596588251,2022,2020-10-05
2022-10-06,cum,2223.89289280146,2022,2020-10-06
2022-10-07,cum,2226.84068402551,2022,2020-10-07
2022-10-08,cum,2229.69294012142,2022,2020-10-08
2022-10-09,cum,2236.46626337736,2022,2020-10-09
2022-10-10,cum,2240.3882217499,2022,2020-10-10
2022-10-11,cum,2243.54754250909,2022,2020-10-11
2022-10-12,cum,2247.81188523673,2022,2020-10-12
2022-10-13,cum,2256.54515336061,2022,2020-10-13
2022-10-14,cum,2262.67307942474,2022,2020-10-14
2022-10-15,cum,2266.31063135293,2022,2020-10-15
2022-10-16,cum,2268.03117884981,2022,2020-10-16
2022-10-17,cum,2269.84955995561,2022,2020-10-17
2022-10-18,cum,2271.50092381154,2022,2020-10-18
2022-10-19,cum,2274.30098187516,2022,2020-10-19
2022-10-20,cum,2283.58186199544,2022,2020-10-20
2022-10-21,cum,2291.60233392887,2022,2020-10-21
2022-10-22,cum,2300.27301407828,2022,2020-10-22
2022-10-23,cum,2308.12840600815,2022,2020-10-23
2022-10-24,cum,2310.96275040813,2022,2020-10-24
2022-10-25,cum,2315.32178297902,2022,2020-10-25
2022-10-26,cum,2323.59322142325,2022,2020-10-26
2022-10-27,cum,2326.81130625938,2022,2020-10-27
2022-10-28,cum,2332.41643285614,2022,2020-10-28
2022-10-29,cum,2334.99862290205,2022,2020-10-29
2022-10-30,cum,2339.11163485834,2022,2020-10-30
2022-10-31,cum,2346.27082267782,2022,2020-10-31
2022-11-01,cum,2355.0907761351,2022,2020-11-01
2022-11-02,cum,2361.422937406,2022,2020-11-02
2022-11-03,cum,2370.73618052236,2022,2020-11-03
2022-11-04,cum,2383.38497671032,2022,2020-11-04
2022-11-05,cum,2397.1157874907,2022,2020-11-05
2022-11-06,cum,2411.5967506787,2022,2020-11-06
2022-11-07,cum,2424.39507901289,2022,2020-11-07
2022-11-08,cum,2438.71055960945,2022,2020-11-08
2022-11-09,cum,2452.34634929932,2022,2020-11-09
2022-11-10,cum,2465.23997265038,2022,2020-11-10
2022-11-11,cum,2479.2168830131,2022,2020-11-11
2022-11-12,cum,2492.99290632209,2022,2020-11-12
2022-11-13,cum,2507.23761888255,2022,2020-11-13
2022-11-14,cum,2520.3643612439,2022,2020-11-14
2022-11-15,cum,2534.50436077996,2022,2020-11-15
2022-11-16,cum,2548.75202444876,2022,2020-11-16
2022-11-17,cum,2563.18455285703,2022,2020-11-17
2022-11-18,cum,2578.98875298588,2022,2020-11-18
2022-11-19,cum,2598.00359890275,2022,2020-11-19
2022-11-20,cum,2616.09665646328,2022,2020-11-20
2022-11-21,cum,2634.01837885495,2022,2020-11-21
2022-11-22,cum,2652.14889462933,2022,2020-11-22
2022-11-23,cum,2669.68488161276,2022,2020-11-23
2022-11-24,cum,2686.26722484629,2022,2020-11-24
2022-11-25,cum,2703.25479983609,2022,2020-11-25
2022-11-26,cum,2719.33494114862,2022,2020-11-26
2022-11-27,cum,2738.02426029454,2022,2020-11-27
2022-11-28,cum,2756.36292932462,2022,2020-11-28
2022-11-29,cum,2774.69844726509,2022,2020-11-29
2022-11-30,cum,2793.32357207439,2022,2020-11-30
2022-12-01,cum,2812.36339483792,2022,2020-12-01
2022-12-02,cum,2832.31641227941,2022,2020-12-02
2022-12-03,cum,2851.15798658322,2022,2020-12-03
2022-12-04,cum,2868.29718202326,2022,2020-12-04
2022-12-05,cum,2886.01750000871,2022,2020-12-05
2022-12-06,cum,2904.55757690612,2022,2020-12-06
2022-12-07,cum,2923.44378429878,2022,2020-12-07
2022-12-08,cum,2943.43017270795,2022,2020-12-08
2022-12-09,cum,2962.9733285079,2022,2020-12-09
2022-12-10,cum,2982.43727266502,2022,2020-12-10
2022-12-11,cum,3004.93556570311,2022,2020-12-11
2022-12-12,cum,3030.78171559928,2022,2020-12-12
2022-12-13,cum,3057.84861174591,2022,2020-12-13
2022-12-14,cum,3080.63224004818,2022,2020-12-14
2022-12-15,cum,3101.26109240796,2022,2020-12-15
2022-12-16,cum,3121.50221854079,2022,2020-12-16
2022-12-17,cum,3144.02831600954,2022,2020-12-17
2022-12-18,cum,3170.06571037096,2022,2020-12-18
2022-12-19,cum,3192.28653887237,2022,2020-12-19
2022-12-20,cum,3213.35607147134,2022,2020-12-20
2022-12-21,cum,3232.95960025287,2022,2020-12-21
2022-12-22,cum,3250.49347374733,2022,2020-12-22
2022-12-23,cum,3265.375026009,2022,2020-12-23
2022-12-24,cum,3278.44991743636,2022,2020-12-24
2022-12-25,cum,3292.99546822582,2022,2020-12-25
2022-12-26,cum,3308.09916168714,2022,2020-12-26
2022-12-27,cum,3324.35489751844,2022,2020-12-27
2022-12-28,cum,3343.71260794038,2022,2020-12-28
2022-12-29,cum,3362.17844573976,2022,2020-12-29
2022-12-30,cum,3379.06151582002,2022,2020-12-30
2022-12-31,cum,3393.02841752917,2022,2020-12-31
2023-01-01,cum,14.6995294686695,2023,2020-01-01
2023-01-02,cum,30.0086745032267,2023,2020-01-02
2023-01-03,cum,45.3405425729157,2023,2020-01-03
2023-01-04,cum,61.054987104296,2023,2020-01-04
2023-01-05,cum,73.1368765180559,2023,2020-01-05
2023-01-06,cum,87.3087391469508,2023,2020-01-06
2023-01-07,cum,103.204750409085,2023,2020-01-07
2023-01-08,cum,121.223789881217,2023,2020-01-08
2023-01-09,cum,137.368663046186,2023,2020-01-09
2023-01-10,cum,154.461508722497,2023,2020-01-10
2023-01-11,cum,172.262476993619,2023,2020-01-11
2023-01-12,cum,188.31217694008,2023,2020-01-12
2023-01-13,cum,204.523038824668,2023,2020-01-13
2023-01-14,cum,220.690408813689,2023,2020-01-14
2023-01-15,cum,236.963508438356,2023,2020-01-15
2023-01-16,cum,256.084208798274,2023,2020-01-16
2023-01-17,cum,275.492786212445,2023,2020-01-17
2023-01-18,cum,294.869803527269,2023,2020-01-18
2023-01-19,cum,316.442486291567,2023,2020-01-19
2023-01-20,cum,339.533922255967,2023,2020-01-20
2023-01-21,cum,362.198428670421,2023,2020-01-21
2023-01-22,cum,384.760185783845,2023,2020-01-22
2023-01-23,cum,405.851224888461,2023,2020-01-23
2023-01-24,cum,425.588006670751,2023,2020-01-24
2023-01-25,cum,446.091697130439,2023,2020-01-25
2023-01-26,cum,467.935421963485,2023,2020-01-26
2023-01-27,cum,490.451974542523,2023,2020-01-27
2023-01-28,cum,512.810644255567,2023,2020-01-28
2023-01-29,cum,535.670940576357,2023,2020-01-29
2023-01-30,cum,556.955289097678,2023,2020-01-30
2023-01-31,cum,575.467377539936,2023,2020-01-31
2023-02-01,cum,593.2628501162,2023,2020-02-01
2023-02-02,cum,611.970631114934,2023,2020-02-02
2023-02-03,cum,629.066506273644,2023,2020-02-03
2023-02-04,cum,647.573251089941,2023,2020-02-04
2023-02-05,cum,669.791113509794,2023,2020-02-05
2023-02-06,cum,694.170488173941,2023,2020-02-06
2023-02-07,cum,719.392255850146,2023,2020-02-07
2023-02-08,cum,744.895714367654,2023,2020-02-08
2023-02-09,cum,769.0255766822,2023,2020-02-09
2023-02-10,cum,792.201925899259,2023,2020-02-10
2023-02-11,cum,812.31836733433,2023,2020-02-11
2023-02-12,cum,829.207548734955,2023,2020-02-12
2023-02-13,cum,847.306070603144,2023,2020-02-13
2023-02-14,cum,865.64598633933,2023,2020-02-14
2023-02-15,cum,884.636487511226,2023,2020-02-15
2023-02-16,cum,902.875249177689,2023,2020-02-16
2023-02-17,cum,916.261889054538,2023,2020-02-17
2023-02-18,cum,923.205628112468,2023,2020-02-18
2023-02-19,cum,935.985957278917,2023,2020-02-19
2023-02-20,cum,948.896970958624,2023,2020-02-20
2023-02-21,cum,961.273830060154,2023,2020-02-21
2023-02-22,cum,974.623497025316,2023,2020-02-22
2023-02-23,cum,988.989295224394,2023,2020-02-23
2023-02-24,cum,1002.31963221566,2023,2020-02-24
2023-02-25,cum,1019.61553810293,2023,2020-02-25
2023-02-26,cum,1041.12947791197,2023,2020-02-26
2023-02-27,cum,1063.01745335677,2023,2020-02-27
2023-02-28,cum,1084.33040561348,2023,2020-02-28
2023-03-01,cum,1103.76355163218,2023,2020-03-01
2023-03-02,cum,1120.9099453641,2023,2020-03-02
2023-03-03,cum,1138.15503102971,2023,2020-03-03
2023-03-04,cum,1155.48236769261,2023,2020-03-04
2023-03-05,cum,1173.72378306782,2023,2020-03-05
2023-03-06,cum,1191.76143930234,2023,2020-03-06
2023-03-07,cum,1209.09585190629,2023,2020-03-07
2023-03-08,cum,1223.62709190004,2023,2020-03-08
2023-03-09,cum,1235.31853786932,2023,2020-03-09
2023-03-10,cum,1248.45941800027,2023,2020-03-10
2023-03-11,cum,1265.82780588264,2023,2020-03-11
2023-03-12,cum,1283.28961701408,2023,2020-03-12
2023-03-13,cum,1295.70301077607,2023,2020-03-13
2023-03-14,cum,1308.36626968595,2023,2020-03-14
2023-03-15,cum,1325.4422443683,2023,2020-03-15
2023-03-16,cum,1343.05107488164,2023,2020-03-16
2023-03-17,cum,1357.65794663135,2023,2020-03-17
2023-03-18,cum,1370.59612150163,2023,2020-03-18
2023-03-19,cum,1383.13031242803,2023,2020-03-19
2023-03-20,cum,1394.78469252467,2023,2020-03-20
2023-03-21,cum,1403.58933979342,2023,2020-03-21
2023-03-22,cum,1409.48764483997,2023,2020-03-22
2023-03-23,cum,1413.95594341117,2023,2020-03-23
2023-03-24,cum,1419.08163987408,2023,2020-03-24
2023-03-25,cum,1430.76401891431,2023,2020-03-25
2023-03-26,cum,1443.36018963666,2023,2020-03-26
2023-03-27,cum,1460.33497268282,2023,2020-03-27
2023-03-28,cum,1479.22276680943,2023,2020-03-28
2023-03-29,cum,1495.63166094118,2023,2020-03-29
2023-03-30,cum,1507.26948335924,2023,2020-03-30
2023-03-31,cum,1517.78084907551,2023,2020-03-31
2023-04-01,cum,1529.55349244867,2023,2020-04-01
2023-04-02,cum,1543.13292600805,2023,2020-04-02
2023-04-03,cum,1560.76903212065,2023,2020-04-03
2023-04-04,cum,1580.31371280344,2023,2020-04-04
2023-04-05,cum,1599.63203435302,2023,2020-04-05
2023-04-06,cum,1616.76325815126,2023,2020-04-06
2023-04-07,cum,1631.86088366978,2023,2020-04-07
2023-04-08,cum,1648.74700051768,2023,2020-04-08
2023-04-09,cum,1664.70846057168,2023,2020-04-09
2023-04-10,cum,1678.33013415029,2023,2020-04-10
2023-04-11,cum,1692.563615842,2023,2020-04-11
2023-04-12,cum,1705.10704669424,2023,2020-04-12
2023-04-13,cum,1719.86566754469,2023,2020-04-13
2023-04-14,cum,1736.56000294316,2023,2020-04-14
2023-04-15,cum,1752.37173933236,2023,2020-04-15
2023-04-16,cum,1766.64912000123,2023,2020-04-16
2023-04-17,cum,1778.1391583036,2023,2020-04-17
2023-04-18,cum,1789.23573641418,2023,2020-04-18
2023-04-19,cum,1802.10142045643,2023,2020-04-19
2023-04-20,cum,1814.74060676475,2023,2020-04-20
2023-04-21,cum,1821.68240493029,2023,2020-04-21
2023-04-22,cum,1824.89302188132,2023,2020-04-22
2023-04-23,cum,1828.80271732532,2023,2020-04-23
2023-04-24,cum,1838.43074295489,2023,2020-04-24
2023-04-25,cum,1851.02266779636,2023,2020-04-25
2023-04-26,cum,1864.37149676619,2023,2020-04-26
2023-04-27,cum,1876.09552039709,2023,2020-04-27
2023-04-28,cum,1886.5739438851,2023,2020-04-28
2023-04-29,cum,1889.9254199196,2023,2020-04-29
2023-04-30,cum,1895.22267843075,2023,2020-04-30
2023-05-01,cum,1900.92863517122,2023,2020-05-01
2023-05-02,cum,1907.56514335114,2023,2020-05-02
2023-05-03,cum,1914.71241065037,2023,2020-05-03
2023-05-04,cum,1919.25348107726,2023,2020-05-04
2023-05-05,cum,1920.28921591015,2023,2020-05-05
2023-05-06,cum,1921.71952837831,2023,2020-05-06
2023-05-07,cum,1923.53380919539,2023,2020-05-07
2023-05-08,cum,1932.35658771414,2023,2020-05-08
2023-05-09,cum,1937.55161273725,2023,2020-05-09
2023-05-10,cum,1942.90160074626,2023,2020-05-10
2023-05-11,cum,1950.50199630102,2023,2020-05-11
2023-05-12,cum,1960.9594504521,2023,2020-05-12
2023-05-13,cum,1970.40383472583,2023,2020-05-13
2023-05-14,cum,1981.2655999039,2023,2020-05-14
2023-05-15,cum,1987.65026118718,2023,2020-05-15
2023-05-16,cum,1995.84521379439,2023,2020-05-16
2023-05-17,cum,2008.020405045,2023,2020-05-17
2023-05-18,cum,2018.77431400938,2023,2020-05-18
2023-05-19,cum,2023.32493152451,2023,2020-05-19
2023-05-20,cum,2024.80679060246,2023,2020-05-20
2023-05-21,cum,2025.52421537526,2023,2020-05-21
2023-05-22,cum,2025.98653171115,2023,2020-05-22
2023-05-23,cum,2026.84700270475,2023,2020-05-23
2023-05-24,cum,2030.11254731984,2023,2020-05-24
2023-05-25,cum,2030.95990591151,2023,2020-05-25
2023-05-26,cum,2031.54967054491,2023,2020-05-26
2023-05-27,cum,2032.21873944285,2023,2020-05-27
2023-05-28,cum,2033.06125597231,2023,2020-05-28
2023-05-29,cum,2033.83362174476,2023,2020-05-29
2023-05-30,cum,2034.68786731666,2023,2020-05-30
2023-05-31,cum,2035.46835147559,2023,2020-05-31
2023-06-01,cum,2036.16383327568,2023,2020-06-01
2023-06-02,cum,2036.57163725971,2023,2020-06-02
2023-06-03,cum,2037.2990075054,2023,2020-06-03
2023-06-04,cum,2038.31709837292,2023,2020-06-04
2023-06-05,cum,2039.66080325176,2023,2020-06-05
2023-06-06,cum,2040.56808218356,2023,2020-06-06
2023-06-07,cum,2041.20062933804,2023,2020-06-07
2023-06-08,cum,2041.89217745527,2023,2020-06-08
2023-06-09,cum,2042.16285673899,2023,2020-06-09
2023-06-10,cum,2042.41851808628,2023,2020-06-10
2023-06-11,cum,2042.72597414871,2023,2020-06-11
2023-06-12,cum,2043.05344237357,2023,2020-06-12
2023-06-13,cum,2043.66907317438,2023,2020-06-13
2023-06-14,cum,2044.44201465546,2023,2020-06-14
2023-06-15,cum,2045.26121252269,2023,2020-06-15
2023-06-16,cum,2046.49465025819,2023,2020-06-16
2023-06-17,cum,2047.25504677907,2023,2020-06-17
2023-06-18,cum,2047.33076159363,2023,2020-06-18
2023-06-19,cum,2047.35633903747,2023,2020-06-19
2023-06-20,cum,2047.35633903747,2023,2020-06-20
2023-06-21,cum,2047.35633903747,2023,2020-06-21
2023-06-22,cum,2047.35633903747,2023,2020-06-22
2023-06-23,cum,2047.95920297039,2023,2020-06-23
2023-06-24,cum,2048.76661187381,2023,2020-06-24
2023-06-25,cum,2048.81700483183,2023,2020-06-25
2023-06-26,cum,2048.81700483183,2023,2020-06-26
2023-06-27,cum,2049.09826589353,2023,2020-06-27
2023-06-28,cum,2050.15077255965,2023,2020-06-28
2023-06-29,cum,2050.23290270176,2023,2020-06-29
2023-06-30,cum,2050.36998479191,2023,2020-06-30
2023-07-01,cum,2050.95214708398,2023,2020-07-01
2023-07-02,cum,2051.10073765678,2023,2020-07-02
2023-07-03,cum,2051.27457882183,2023,2020-07-03
2023-07-04,cum,2051.4698394311,2023,2020-07-04
2023-07-05,cum,2052.0728992635,2023,2020-07-05
2023-07-06,cum,2052.82405853316,2023,2020-07-06
2023-07-07,cum,2052.89992679248,2023,2020-07-07
2023-07-08,cum,2052.91107693425,2023,2020-07-08
2023-07-09,cum,2052.91107693425,2023,2020-07-09
2023-07-10,cum,2052.91107693425,2023,2020-07-10
2023-07-11,cum,2052.91107693425,2023,2020-07-11
2023-07-12,cum,2052.92913816883,2023,2020-07-12
2023-07-13,cum,2053.4826573641,2023,2020-07-13
2023-07-14,cum,2053.54574039562,2023,2020-07-14
2023-07-15,cum,2053.54574039562,2023,2020-07-15
2023-07-16,cum,2053.54574039562,2023,2020-07-16
2023-07-17,cum,2053.54574039562,2023,2020-07-17
2023-07-18,cum,2053.54574039562,2023,2020-07-18
2023-07-19,cum,2053.54574039562,2023,2020-07-19
2023-07-20,cum,2053.61319900171,2023,2020-07-20
2023-07-21,cum,2054.15983249064,2023,2020-07-21
2023-07-22,cum,2054.79821641252,2023,2020-07-22
2023-07-23,cum,2054.87131924468,2023,2020-07-23
2023-07-24,cum,2054.9661687154,2023,2020-07-24
2023-07-25,cum,2055.85291936046,2023,2020-07-25
2023-07-26,cum,2059.02840595961,2023,2020-07-26
2023-07-27,cum,2060.29334469831,2023,2020-07-27
2023-07-28,cum,2060.40711895826,2023,2020-07-28
2023-07-29,cum,2060.50338893962,2023,2020-07-29
2023-07-30,cum,2060.64328539107,2023,2020-07-30
2023-07-31,cum,2060.73663879243,2023,2020-07-31
2023-08-01,cum,2061.28678790895,2023,2020-08-01
2023-08-02,cum,2061.42137545839,2023,2020-08-02
2023-08-03,cum,2061.84162304299,2023,2020-08-03
2023-08-04,cum,2062.89672862438,2023,2020-08-04
2023-08-05,cum,2064.41485190966,2023,2020-08-05
2023-08-06,cum,2066.48959155773,2023,2020-08-06
2023-08-07,cum,2070.62181314839,2023,2020-08-07
2023-08-08,cum,2072.2237033949,2023,2020-08-08
2023-08-09,cum,2073.84067568094,2023,2020-08-09
2023-08-10,cum,2074.44772966018,2023,2020-08-10
2023-08-11,cum,2074.45880705142,2023,2020-08-11
2023-08-12,cum,2074.46248819988,2023,2020-08-12
2023-08-13,cum,2074.46248819988,2023,2020-08-13
2023-08-14,cum,2074.46248819988,2023,2020-08-14
2023-08-15,cum,2074.46621062167,2023,2020-08-15
2023-08-16,cum,2074.46621062167,2023,2020-08-16
2023-08-17,cum,2074.51162787425,2023,2020-08-17
2023-08-18,cum,2074.5297539102,2023,2020-08-18
2023-08-19,cum,2074.5297539102,2023,2020-08-19
2023-08-20,cum,2074.5297539102,2023,2020-08-20
2023-08-21,cum,2074.5297539102,2023,2020-08-21
2023-08-22,cum,2074.5297539102,2023,2020-08-22
2023-08-23,cum,2074.5297539102,2023,2020-08-23
2023-08-24,cum,2074.5297539102,2023,2020-08-24
2023-08-25,cum,2074.5297539102,2023,2020-08-25
2023-08-26,cum,2074.5335397717,2023,2020-08-26
2023-08-27,cum,2075.13239720729,2023,2020-08-27
2023-08-28,cum,2077.56000793158,2023,2020-08-28
2023-08-29,cum,2081.15675541029,2023,2020-08-29
2023-08-30,cum,2083.98860597161,2023,2020-08-30
2023-08-31,cum,2085.55520570752,2023,2020-08-31
2023-09-01,cum,2085.90887064537,2023,2020-09-01
2023-09-02,cum,2086.03233689786,2023,2020-09-02
2023-09-03,cum,2086.15069403883,2023,2020-09-03
2023-09-04,cum,2086.17746796757,2023,2020-09-04
2023-09-05,cum,2086.24467892903,2023,2020-09-05
2023-09-06,cum,2086.24971398311,2023,2020-09-06
2023-09-07,cum,2086.24971398311,2023,2020-09-07
2023-09-08,cum,2086.24971398311,2023,2020-09-08
2023-09-09,cum,2086.24971398311,2023,2020-09-09
2023-09-10,cum,2086.24971398311,2023,2020-09-10
2023-09-11,cum,2086.24971398311,2023,2020-09-11
2023-09-12,cum,2086.30540821367,2023,2020-09-12
2023-09-13,cum,2086.65070925175,2023,2020-09-13
2023-09-14,cum,2087.02733518999,2023,2020-09-14
2023-09-15,cum,2087.21079873119,2023,2020-09-15
2023-09-16,cum,2087.35782947604,2023,2020-09-16
2023-09-17,cum,2087.44606844975,2023,2020-09-17
2023-09-18,cum,2087.75388308214,2023,2020-09-18
2023-09-19,cum,2088.46754133113,2023,2020-09-19
2023-09-20,cum,2089.0341931507,2023,2020-09-20
2023-09-21,cum,2089.21069760631,2023,2020-09-21
2023-09-22,cum,2091.1850591861,2023,2020-09-22
2023-09-23,cum,2095.40659563234,2023,2020-09-23
2023-09-24,cum,2100.02197758434,2023,2020-09-24
2023-09-25,cum,2102.71789017858,2023,2020-09-25
2023-09-26,cum,2103.93553237701,2023,2020-09-26
2023-09-27,cum,2104.50053364576,2023,2020-09-27
2023-09-28,cum,2105.32768566386,2023,2020-09-28
2023-09-29,cum,2105.78350101643,2023,2020-09-29
2023-09-30,cum,2106.54132967159,2023,2020-09-30
2023-10-01,cum,2107.37664591045,2023,2020-10-01
2023-10-02,cum,2107.71773114856,2023,2020-10-02
2023-10-03,cum,2107.83732718571,2023,2020-10-03
2023-10-04,cum,2110.4795659997,2023,2020-10-04
2023-10-05,cum,2114.11886221941,2023,2020-10-05
2023-10-06,cum,2117.46760650418,2023,2020-10-06
2023-10-07,cum,2118.96494191152,2023,2020-10-07
2023-10-08,cum,2119.63935603225,2023,2020-10-08
2023-10-09,cum,2120.3751775923,2023,2020-10-09
2023-10-10,cum,2121.26477898458,2023,2020-10-10
2023-10-11,cum,2122.24369423208,2023,2020-10-11
2023-10-12,cum,2123.10046970977,2023,2020-10-12
2023-10-13,cum,2123.86615849229,2023,2020-10-13
2023-10-14,cum,2125.20714885522,2023,2020-10-14
2023-10-15,cum,2137.18492404521,2023,2020-10-15
2023-10-16,cum,2152.01491292843,2023,2020-10-16
2023-10-17,cum,2166.8459353705,2023,2020-10-17
2023-10-18,cum,2180.0099077965,2023,2020-10-18
2023-10-19,cum,2187.77523640234,2023,2020-10-19
2023-10-20,cum,2188.76027435481,2023,2020-10-20
2023-10-21,cum,2191.84260124186,2023,2020-10-21
2023-10-22,cum,2197.18703266426,2023,2020-10-22
2023-10-23,cum,2205.19793641705,2023,2020-10-23
2023-10-24,cum,2211.57398588125,2023,2020-10-24
2023-10-25,cum,2216.7982068282,2023,2020-10-25
2023-10-26,cum,2223.12611765549,2023,2020-10-26
2023-10-27,cum,2232.79519482887,2023,2020-10-27
2023-10-28,cum,2243.64890553479,2023,2020-10-28
2023-10-29,cum,2253.29678114582,2023,2020-10-29
2023-10-30,cum,2258.41718993572,2023,2020-10-30
2023-10-31,cum,2266.90135720175,2023,2020-10-31
2023-11-01,cum,2277.38581086079,2023,2020-11-01
2023-11-02,cum,2286.07185679119,2023,2020-11-02
2023-11-03,cum,2300.46442164517,2023,2020-11-03
2023-11-04,cum,2315.52507936295,2023,2020-11-04
2023-11-05,cum,2327.80121843172,2023,2020-11-05
2023-11-06,cum,2340.05166630548,2023,2020-11-06
2023-11-07,cum,2353.70384086648,2023,2020-11-07
2023-11-08,cum,2368.71880421344,2023,2020-11-08
2023-11-09,cum,2384.89368493038,2023,2020-11-09
2023-11-10,cum,2399.49548502679,2023,2020-11-10
2023-11-11,cum,2415.12580710517,2023,2020-11-11
2023-11-12,cum,2432.2307230411,2023,2020-11-12
2023-11-13,cum,2446.80776926951,2023,2020-11-13
2023-11-14,cum,2455.43263656055,2023,2020-11-14
2023-11-15,cum,2467.52711788566,2023,2020-11-15
2023-11-16,cum,2481.42963866163,2023,2020-11-16
2023-11-17,cum,2497.26682004127,2023,2020-11-17
2023-11-18,cum,2514.60903836907,2023,2020-11-18
2023-11-19,cum,2529.88043832215,2023,2020-11-19
2023-11-20,cum,2542.53760619597,2023,2020-11-20
2023-11-21,cum,2557.26266727697,2023,2020-11-21
2023-11-22,cum,2574.97722051319,2023,2020-11-22
2023-11-23,cum,2592.39357311259,2023,2020-11-23
2023-11-24,cum,2609.02492843631,2023,2020-11-24
2023-11-25,cum,2629.57232091981,2023,2020-11-25
2023-11-26,cum,2650.25267541232,2023,2020-11-26
2023-11-27,cum,2669.67170607946,2023,2020-11-27
2023-11-28,cum,2688.68319609895,2023,2020-11-28
2023-11-29,cum,2710.93820251084,2023,2020-11-29
2023-11-30,cum,2732.50797168344,2023,2020-11-30
2023-12-01,cum,2751.86076096516,2023,2020-12-01
2023-12-02,cum,2773.19045019687,2023,2020-12-02
2023-12-03,cum,2798.6444585204,2023,2020-12-03
2023-12-04,cum,2825.08241933064,2023,2020-12-04
2023-12-05,cum,2847.08804245391,2023,2020-12-05
2023-12-06,cum,2867.55683048766,2023,2020-12-06
2023-12-07,cum,2888.67077259663,2023,2020-12-07
2023-12-08,cum,2911.32090534243,2023,2020-12-08
2023-12-09,cum,2931.61967162001,2023,2020-12-09
2023-12-10,cum,2949.58744384859,2023,2020-12-10
2023-12-11,cum,2966.61351402593,2023,2020-12-11
2023-12-12,cum,2982.25114699475,2023,2020-12-12
2023-12-13,cum,2998.42993876923,2023,2020-12-13
2023-12-14,cum,3014.70030439124,2023,2020-12-14
2023-12-15,cum,3032.61421378669,2023,2020-12-15
2023-12-16,cum,3050.86445338976,2023,2020-12-16
2023-12-17,cum,3069.60512570292,2023,2020-12-17
2023-12-18,cum,3087.68934940892,2023,2020-12-18
2023-12-19,cum,3106.43383837196,2023,2020-12-19
2023-12-20,cum,3124.24597519276,2023,2020-12-20
2023-12-21,cum,3139.86892905204,2023,2020-12-21
2023-12-22,cum,3156.52570417057,2023,2020-12-22
2023-12-23,cum,3172.58653545097,2023,2020-12-23
2023-12-24,cum,3186.27853894076,2023,2020-12-24
2023-12-25,cum,3195.12610295894,2023,2020-12-25
2023-12-26,cum,3209.17731679726,2023,2020-12-26
2023-12-27,cum,3225.25812551675,2023,2020-12-27
2023-12-28,cum,3242.9974045657,2023,2020-12-28
2023-12-29,cum,3258.91168752182,2023,2020-12-29
2023-12-30,cum,3274.91864772543,2023,2020-12-30
2023-12-31,cum,3293.38885374552,2023,2020-12-31
2024-01-01,cum,17.2705424739985,2024,2020-01-01
2024-01-02,cum,35.2338553717076,2024,2020-01-02
2024-01-03,cum,49.3592045004667,2024,2020-01-03
2024-01-04,cum,64.1079032098368,2024,2020-01-04
2024-01-05,cum,81.4680254909892,2024,2020-01-05
2024-01-06,cum,99.1683679321628,2024,2020-01-06
2024-01-07,cum,119.795207369799,2024,2020-01-07
2024-01-08,cum,144.162800290013,2024,2020-01-08
2024-01-09,cum,170.238765356999,2024,2020-01-09
2024-01-10,cum,195.316605034692,2024,2020-01-10
2024-01-11,cum,220.067301029201,2024,2020-01-11
2024-01-12,cum,242.997724565094,2024,2020-01-12
2024-01-13,cum,266.977362726514,2024,2020-01-13
2024-01-14,cum,290.400229963407,2024,2020-01-14
2024-01-15,cum,311.752761963447,2024,2020-01-15
2024-01-16,cum,334.109126587348,2024,2020-01-16
2024-01-17,cum,355.605173967667,2024,2020-01-17
2024-01-18,cum,372.426005593166,2024,2020-01-18
2024-01-19,cum,394.963771285256,2024,2020-01-19
2024-01-20,cum,420.021071008255,2024,2020-01-20
2024-01-21,cum,444.718566310327,2024,2020-01-21
2024-01-22,cum,466.387606563306,2024,2020-01-22
2024-01-23,cum,483.979735234311,2024,2020-01-23
2024-01-24,cum,497.650154353523,2024,2020-01-24
2024-01-25,cum,511.558716270137,2024,2020-01-25
2024-01-26,cum,526.620172691986,2024,2020-01-26
2024-01-27,cum,543.440914283827,2024,2020-01-27
2024-01-28,cum,562.968725010193,2024,2020-01-28
2024-01-29,cum,582.692078987391,2024,2020-01-29
2024-01-30,cum,601.8696359566,2024,2020-01-30
2024-01-31,cum,620.157379732846,2024,2020-01-31
2024-02-01,cum,637.042019839579,2024,2020-02-01
2024-02-02,cum,652.666912322824,2024,2020-02-02
2024-02-03,cum,665.952972760574,2024,2020-02-03
2024-02-04,cum,678.81431382117,2024,2020-02-04
2024-02-05,cum,688.423858018805,2024,2020-02-05
2024-02-06,cum,701.727079444347,2024,2020-02-06
2024-02-07,cum,714.879460036554,2024,2020-02-07
2024-02-08,cum,727.482750428442,2024,2020-02-08
2024-02-09,cum,739.746022654849,2024,2020-02-09
2024-02-10,cum,751.046570748463,2024,2020-02-10
2024-02-11,cum,764.762028386038,2024,2020-02-11
2024-02-12,cum,779.334796572246,2024,2020-02-12
2024-02-13,cum,795.312033107344,2024,2020-02-13
2024-02-14,cum,811.102129218712,2024,2020-02-14
2024-02-15,cum,824.194936862985,2024,2020-02-15
2024-02-16,cum,837.152147374605,2024,2020-02-16
2024-02-17,cum,850.047516623398,2024,2020-02-17
2024-02-18,cum,863.535979954732,2024,2020-02-18
2024-02-19,cum,877.466455440968,2024,2020-02-19
2024-02-20,cum,892.193429965006,2024,2020-02-20
2024-02-21,cum,906.572457016164,2024,2020-02-21
2024-02-22,cum,920.309163612617,2024,2020-02-22
2024-02-23,cum,935.666236454273,2024,2020-02-23
2024-02-24,cum,952.229582939997,2024,2020-02-24
2024-02-25,cum,968.418649836603,2024,2020-02-25
2024-02-26,cum,983.388827212076,2024,2020-02-26
2024-02-27,cum,997.346316649179,2024,2020-02-27
2024-02-28,cum,1011.15976391723,2024,2020-02-28
2024-02-29,cum,1023.82744867612,2024,2020-02-29
2024-03-01,cum,1037.54439766614,2024,2020-03-01
2024-03-02,cum,1051.07883548696,2024,2020-03-02
2024-03-03,cum,1062.98425232029,2024,2020-03-03
2024-03-04,cum,1075.8209618675,2024,2020-03-04
2024-03-05,cum,1089.49675690404,2024,2020-03-05
2024-03-06,cum,1104.91886894629,2024,2020-03-06
2024-03-07,cum,1122.12005081713,2024,2020-03-07
2024-03-08,cum,1139.6128427816,2024,2020-03-08
2024-03-09,cum,1153.77619988392,2024,2020-03-09
2024-03-10,cum,1165.07576681805,2024,2020-03-10
2024-03-11,cum,1178.37883517331,2024,2020-03-11
2024-03-12,cum,1192.40226469873,2024,2020-03-12
2024-03-13,cum,1205.62922159577,2024,2020-03-13
2024-03-14,cum,1217.94494689395,2024,2020-03-14
2024-03-15,cum,1229.07282346644,2024,2020-03-15
2024-03-16,cum,1237.63148151962,2024,2020-03-16
2024-03-17,cum,1249.96458398919,2024,2020-03-17
2024-03-18,cum,1263.77265302171,2024,2020-03-18
2024-03-19,cum,1279.13800809012,2024,2020-03-19
2024-03-20,cum,1292.78531191645,2024,2020-03-20
2024-03-21,cum,1304.6786260159,2024,2020-03-21
2024-03-22,cum,1311.7748176495,2024,2020-03-22
2024-03-23,cum,1324.13383043631,2024,2020-03-23
2024-03-24,cum,1340.90996614047,2024,2020-03-24
2024-03-25,cum,1356.25303328727,2024,2020-03-25
2024-03-26,cum,1368.7935021075,2024,2020-03-26
2024-03-27,cum,1374.79515254337,2024,2020-03-27
2024-03-28,cum,1387.48704390673,2024,2020-03-28
2024-03-29,cum,1394.2395084492,2024,2020-03-29
2024-03-30,cum,1396.6123575996,2024,2020-03-30
2024-03-31,cum,1400.04718655393,2024,2020-03-31
2024-04-01,cum,1405.70041692651,2024,2020-04-01
2024-04-02,cum,1417.49333710889,2024,2020-04-02
2024-04-03,cum,1427.02912814584,2024,2020-04-03
2024-04-04,cum,1431.66284510963,2024,2020-04-04
2024-04-05,cum,1433.58366728063,2024,2020-04-05
2024-04-06,cum,1434.57950707718,2024,2020-04-06
2024-04-07,cum,1435.44464746496,2024,2020-04-07
2024-04-08,cum,1436.19328874403,2024,2020-04-08
2024-04-09,cum,1438.45007347628,2024,2020-04-09
2024-04-10,cum,1449.71362932669,2024,2020-04-10
2024-04-11,cum,1456.28194013106,2024,2020-04-11
2024-04-12,cum,1459.29916345538,2024,2020-04-12
2024-04-13,cum,1460.25011694122,2024,2020-04-13
2024-04-14,cum,1460.94878903912,2024,2020-04-14
2024-04-15,cum,1462.43187285095,2024,2020-04-15
2024-04-16,cum,1476.65898439564,2024,2020-04-16
2024-04-17,cum,1492.15177746027,2024,2020-04-17
2024-04-18,cum,1508.43553588154,2024,2020-04-18
2024-04-19,cum,1524.15883382986,2024,2020-04-19
2024-04-20,cum,1540.17564525179,2024,2020-04-20
2024-04-21,cum,1557.05231879861,2024,2020-04-21
2024-04-22,cum,1573.88165691286,2024,2020-04-22
2024-04-23,cum,1591.17571232429,2024,2020-04-23
2024-04-24,cum,1607.72222149693,2024,2020-04-24
2024-04-25,cum,1623.39726786671,2024,2020-04-25
2024-04-26,cum,1636.31556697857,2024,2020-04-26
2024-04-27,cum,1642.8158691592,2024,2020-04-27
2024-04-28,cum,1645.52385218591,2024,2020-04-28
2024-04-29,cum,1646.94766899916,2024,2020-04-29
2024-04-30,cum,1647.79424766622,2024,2020-04-30
2024-05-01,cum,1649.44939328022,2024,2020-05-01
2024-05-02,cum,1651.72528222789,2024,2020-05-02
2024-05-03,cum,1659.47506511952,2024,2020-05-03
2024-05-04,cum,1662.91578158647,2024,2020-05-04
2024-05-05,cum,1664.72204477656,2024,2020-05-05
2024-05-06,cum,1666.932942826,2024,2020-05-06
2024-05-07,cum,1670.84002033481,2024,2020-05-07
2024-05-08,cum,1676.21279024651,2024,2020-05-08
2024-05-09,cum,1679.37453549795,2024,2020-05-09
2024-05-10,cum,1681.34567701167,2024,2020-05-10
2024-05-11,cum,1682.68995864808,2024,2020-05-11
2024-05-12,cum,1683.81699388214,2024,2020-05-12
2024-05-13,cum,1686.03367147144,2024,2020-05-13
2024-05-14,cum,1688.00571949294,2024,2020-05-14
2024-05-15,cum,1689.94193998302,2024,2020-05-15
2024-05-16,cum,1692.49894246139,2024,2020-05-16
2024-05-17,cum,1696.56108363054,2024,2020-05-17
2024-05-18,cum,1698.66509976657,2024,2020-05-18
2024-05-19,cum,1700.36234739935,2024,2020-05-19
2024-05-20,cum,1701.20410994681,2024,2020-05-20
2024-05-21,cum,1703.15344474801,2024,2020-05-21
2024-05-22,cum,1705.57670118478,2024,2020-05-22
2024-05-23,cum,1708.43478747073,2024,2020-05-23
2024-05-24,cum,1710.83200285517,2024,2020-05-24
2024-05-25,cum,1713.50241455555,2024,2020-05-25
2024-05-26,cum,1714.87597007852,2024,2020-05-26
2024-05-27,cum,1715.93843439837,2024,2020-05-27
2024-05-28,cum,1719.24936050036,2024,2020-05-28
2024-05-29,cum,1721.03407349044,2024,2020-05-29
2024-05-30,cum,1722.85995690277,2024,2020-05-30
2024-05-31,cum,1727.48492576955,2024,2020-05-31
2024-06-01,cum,1732.76022264429,2024,2020-06-01
2024-06-02,cum,1734.67497313132,2024,2020-06-02
2024-06-03,cum,1736.7344207009,2024,2020-06-03
2024-06-04,cum,1737.64538657162,2024,2020-06-04
2024-06-05,cum,1738.25588820856,2024,2020-06-05
2024-06-06,cum,1738.44510468156,2024,2020-06-06
2024-06-07,cum,1738.59383126679,2024,2020-06-07
2024-06-08,cum,1738.73584634057,2024,2020-06-08
2024-06-09,cum,1738.9287466381,2024,2020-06-09
2024-06-10,cum,1740.00837702312,2024,2020-06-10
2024-06-11,cum,1744.03138293058,2024,2020-06-11
2024-06-12,cum,1749.19452344305,2024,2020-06-12
2024-06-13,cum,1753.19925586045,2024,2020-06-13
2024-06-14,cum,1754.98933837635,2024,2020-06-14
2024-06-15,cum,1756.23421364423,2024,2020-06-15
2024-06-16,cum,1757.0086159125,2024,2020-06-16
2024-06-17,cum,1757.19333145163,2024,2020-06-17
2024-06-18,cum,1757.23258326794,2024,2020-06-18
2024-06-19,cum,1757.25018040896,2024,2020-06-19
2024-06-20,cum,1757.26312647572,2024,2020-06-20
2024-06-21,cum,1757.29575380103,2024,2020-06-21
2024-06-22,cum,1758.06478116461,2024,2020-06-22
2024-06-23,cum,1759.16557712444,2024,2020-06-23
2024-06-24,cum,1759.3259563883,2024,2020-06-24
2024-06-25,cum,1759.44915972638,2024,2020-06-25
2024-06-26,cum,1759.82517139833,2024,2020-06-26
2024-06-27,cum,1759.96167177503,2024,2020-06-27
2024-06-28,cum,1760.00614348461,2024,2020-06-28
2024-06-29,cum,1760.04229171558,2024,2020-06-29
2024-06-30,cum,1760.09635152577,2024,2020-06-30
2024-07-01,cum,1760.81495592667,2024,2020-07-01
2024-07-02,cum,1762.08980851631,2024,2020-07-02
2024-07-03,cum,1763.89820046926,2024,2020-07-03
2024-07-04,cum,1764.72049774854,2024,2020-07-04
2024-07-05,cum,1764.77497102665,2024,2020-07-05
2024-07-06,cum,1764.82424624759,2024,2020-07-06
2024-07-07,cum,1765.69978074958,2024,2020-07-07
2024-07-08,cum,1765.74787319453,2024,2020-07-08
2024-07-09,cum,1765.75237217801,2024,2020-07-09
2024-07-10,cum,1765.75643614838,2024,2020-07-10
2024-07-11,cum,1765.76044057933,2024,2020-07-11
2024-07-12,cum,1765.79667430503,2024,2020-07-12
2024-07-13,cum,1766.14073142647,2024,2020-07-13
2024-07-14,cum,1766.16916492317,2024,2020-07-14
2024-07-15,cum,1766.17374989205,2024,2020-07-15
2024-07-16,cum,1766.18557966252,2024,2020-07-16
2024-07-17,cum,1766.22475465518,2024,2020-07-17
2024-07-18,cum,1766.22890467617,2024,2020-07-18
2024-07-19,cum,1766.24093241989,2024,2020-07-19
2024-07-20,cum,1766.28819845808,2024,2020-07-20
2024-07-21,cum,1766.29978223462,2024,2020-07-21
2024-07-22,cum,1766.32447818338,2024,2020-07-22
2024-07-23,cum,1766.35844279345,2024,2020-07-23
2024-07-24,cum,1766.46148706996,2024,2020-07-24
2024-07-25,cum,1766.49540751418,2024,2020-07-25
2024-07-26,cum,1766.49540751418,2024,2020-07-26
2024-07-27,cum,1766.49540751418,2024,2020-07-27
2024-07-28,cum,1766.49540751418,2024,2020-07-28
2024-07-29,cum,1766.49540751418,2024,2020-07-29
2024-07-30,cum,1766.49540751418,2024,2020-07-30
2024-07-31,cum,1766.49540751418,2024,2020-07-31
2024-08-01,cum,1766.49924755674,2024,2020-08-01
2024-08-02,cum,1766.55074822542,2024,2020-08-02
2024-08-03,cum,1766.64844145957,2024,2020-08-03
2024-08-04,cum,1766.71545423774,2024,2020-08-04
2024-08-05,cum,1766.71545423774,2024,2020-08-05
2024-08-06,cum,1766.71545423774,2024,2020-08-06
2024-08-07,cum,1766.7560117074,2024,2020-08-07
2024-08-08,cum,1766.76563797525,2024,2020-08-08
2024-08-09,cum,1766.76563797525,2024,2020-08-09
2024-08-10,cum,1766.76563797525,2024,2020-08-10
2024-08-11,cum,1766.76563797525,2024,2020-08-11
2024-08-12,cum,1766.76563797525,2024,2020-08-12
2024-08-13,cum,1766.76563797525,2024,2020-08-13
2024-08-14,cum,1766.76563797525,2024,2020-08-14
2024-08-15,cum,1766.76563797525,2024,2020-08-15
2024-08-16,cum,1766.76563797525,2024,2020-08-16
2024-08-17,cum,1766.76563797525,2024,2020-08-17
2024-08-18,cum,1766.9440466433,2024,2020-08-18
2024-08-19,cum,1767.53504175748,2024,2020-08-19
2024-08-20,cum,1767.54611336823,2024,2020-08-20
2024-08-21,cum,1767.5988347411,2024,2020-08-21
2024-08-22,cum,1767.60626565895,2024,2020-08-22
2024-08-23,cum,1767.60626565895,2024,2020-08-23
2024-08-24,cum,1767.60626565895,2024,2020-08-24
2024-08-25,cum,1767.71374048188,2024,2020-08-25
2024-08-26,cum,1768.29314689865,2024,2020-08-26
2024-08-27,cum,1768.3315088037,2024,2020-08-27
2024-08-28,cum,1768.3428381262,2024,2020-08-28
2024-08-29,cum,1768.3428381262,2024,2020-08-29
2024-08-30,cum,1768.3428381262,2024,2020-08-30
2024-08-31,cum,1768.3428381262,2024,2020-08-31
2024-09-01,cum,1768.35410647208,2024,2020-09-01
2024-09-02,cum,1768.39944832213,2024,2020-09-02
2024-09-03,cum,1768.43943492282,2024,2020-09-03
2024-09-04,cum,1768.48056727342,2024,2020-09-04
2024-09-05,cum,1768.6374421875,2024,2020-09-05
2024-09-06,cum,1768.81990299104,2024,2020-09-06
2024-09-07,cum,1768.88025251432,2024,2020-09-07
2024-09-08,cum,1768.99149238079,2024,2020-09-08
2024-09-09,cum,1770.49413402402,2024,2020-09-09
2024-09-10,cum,1772.06960450313,2024,2020-09-10
2024-09-11,cum,1774.0641145292,2024,2020-09-11
2024-09-12,cum,1786.03254422051,2024,2020-09-12
2024-09-13,cum,1800.22248391421,2024,2020-09-13
2024-09-14,cum,1813.3463599576,2024,2020-09-14
2024-09-15,cum,1825.49730536416,2024,2020-09-15
2024-09-16,cum,1836.70991791392,2024,2020-09-16
2024-09-17,cum,1842.34875678763,2024,2020-09-17
2024-09-18,cum,1845.62693957401,2024,2020-09-18
2024-09-19,cum,1848.13799235825,2024,2020-09-19
2024-09-20,cum,1850.07733929809,2024,2020-09-20
2024-09-21,cum,1851.56663893566,2024,2020-09-21
2024-09-22,cum,1853.23376378619,2024,2020-09-22
2024-09-23,cum,1854.53071812334,2024,2020-09-23
2024-09-24,cum,1856.71520533902,2024,2020-09-24
2024-09-25,cum,1858.73421975801,2024,2020-09-25
2024-09-26,cum,1859.62893358864,2024,2020-09-26
2024-09-27,cum,1861.84790561145,2024,2020-09-27
2024-09-28,cum,1868.81186763151,2024,2020-09-28
2024-09-29,cum,1880.48282677719,2024,2020-09-29
2024-09-30,cum,1891.52608348802,2024,2020-09-30
2024-10-01,cum,1899.58172478386,2024,2020-10-01
2024-10-02,cum,1909.17407300189,2024,2020-10-02
2024-10-03,cum,1920.31234945668,2024,2020-10-03
2024-10-04,cum,1932.68488971057,2024,2020-10-04
2024-10-05,cum,1944.33699958505,2024,2020-10-05
2024-10-06,cum,1955.69521045643,2024,2020-10-06
2024-10-07,cum,1962.82033010817,2024,2020-10-07
2024-10-08,cum,1964.31624024806,2024,2020-10-08
2024-10-09,cum,1965.9619717706,2024,2020-10-09
2024-10-10,cum,1969.40997972252,2024,2020-10-10
2024-10-11,cum,1976.97515282005,2024,2020-10-11
2024-10-12,cum,1988.3684596577,2024,2020-10-12
2024-10-13,cum,1997.92515576078,2024,2020-10-13
2024-10-14,cum,2007.97221638155,2024,2020-10-14
2024-10-15,cum,2016.71526174498,2024,2020-10-15
2024-10-16,cum,2024.84508383432,2024,2020-10-16
2024-10-17,cum,2030.8908818383,2024,2020-10-17
2024-10-18,cum,2034.53804615977,2024,2020-10-18
2024-10-19,cum,2041.80221054433,2024,2020-10-19
2024-10-20,cum,2049.74935809902,2024,2020-10-20
2024-10-21,cum,2057.59089715322,2024,2020-10-21
2024-10-22,cum,2063.61387832988,2024,2020-10-22
2024-10-23,cum,2071.15577090383,2024,2020-10-23
2024-10-24,cum,2077.01810187538,2024,2020-10-24
2024-10-25,cum,2083.57243823787,2024,2020-10-25
2024-10-26,cum,2089.91225199726,2024,2020-10-26
2024-10-27,cum,2094.3710915725,2024,2020-10-27
2024-10-28,cum,2100.90907781561,2024,2020-10-28
2024-10-29,cum,2109.34219285919,2024,2020-10-29
2024-10-30,cum,2116.16339715558,2024,2020-10-30
2024-10-31,cum,2126.28127377509,2024,2020-10-31
2024-11-01,cum,2137.38789207587,2024,2020-11-01
2024-11-02,cum,2149.25269415721,2024,2020-11-02
2024-11-03,cum,2163.78522871639,2024,2020-11-03
2024-11-04,cum,2178.66703236294,2024,2020-11-04
2024-11-05,cum,2193.5943553767,2024,2020-11-05
2024-11-06,cum,2208.25790671936,2024,2020-11-06
2024-11-07,cum,2223.49343318583,2024,2020-11-07
2024-11-08,cum,2239.18140659721,2024,2020-11-08
2024-11-09,cum,2255.33368662144,2024,2020-11-09
2024-11-10,cum,2273.27676404048,2024,2020-11-10
2024-11-11,cum,2291.57831962482,2024,2020-11-11
2024-11-12,cum,2310.06822534228,2024,2020-11-12
2024-11-13,cum,2329.24926721252,2024,2020-11-13
2024-11-14,cum,2347.39989252098,2024,2020-11-14
2024-11-15,cum,2363.94842101795,2024,2020-11-15
2024-11-16,cum,2381.88836107735,2024,2020-11-16
2024-11-17,cum,2399.768390041,2024,2020-11-17
2024-11-18,cum,2415.16419318506,2024,2020-11-18
2024-11-19,cum,2430.75395988521,2024,2020-11-19
2024-11-20,cum,2448.44240652488,2024,2020-11-20
2024-11-21,cum,2468.68252075211,2024,2020-11-21
2024-11-22,cum,2489.73814269404,2024,2020-11-22
2024-11-23,cum,2509.69180916628,2024,2020-11-23
2024-11-24,cum,2527.50372454991,2024,2020-11-24
2024-11-25,cum,2544.36949293778,2024,2020-11-25
2024-11-26,cum,2560.18520184566,2024,2020-11-26
2024-11-27,cum,2576.96794505267,2024,2020-11-27
2024-11-28,cum,2593.19044861658,2024,2020-11-28
2024-11-29,cum,2610.69010750495,2024,2020-11-29
2024-11-30,cum,2629.90653632863,2024,2020-11-30
2024-12-01,cum,2650.01255816345,2024,2020-12-01
2024-12-02,cum,2669.29166060629,2024,2020-12-02
2024-12-03,cum,2687.96081655249,2024,2020-12-03
2024-12-04,cum,2706.64351305661,2024,2020-12-04
2024-12-05,cum,2727.31627700937,2024,2020-12-05
2024-12-06,cum,2746.17103210284,2024,2020-12-06
2024-12-07,cum,2763.86211815155,2024,2020-12-07
2024-12-08,cum,2782.52340131544,2024,2020-12-08
2024-12-09,cum,2801.84005160432,2024,2020-12-09
2024-12-10,cum,2821.22208584946,2024,2020-12-10
2024-12-11,cum,2841.34943232055,2024,2020-12-11
2024-12-12,cum,2862.01940079816,2024,2020-12-12
2024-12-13,cum,2883.83828300291,2024,2020-12-13
2024-12-14,cum,2903.90754528583,2024,2020-12-14
2024-12-15,cum,2921.95582724175,2024,2020-12-15
2024-12-16,cum,2936.58249205957,2024,2020-12-16
2024-12-17,cum,2951.76449581707,2024,2020-12-17
2024-12-18,cum,2967.60991060599,2024,2020-12-18
2024-12-19,cum,2984.06355708349,2024,2020-12-19
2024-12-20,cum,3002.03763708751,2024,2020-12-20
2024-12-21,cum,3022.16054477169,2024,2020-12-21
2024-12-22,cum,3040.99634910682,2024,2020-12-22
2024-12-23,cum,3060.81644485743,2024,2020-12-23
2024-12-24,cum,3079.77252427389,2024,2020-12-24
2024-12-25,cum,3100.58172274589,2024,2020-12-25
2024-12-26,cum,3123.49840105801,2024,2020-12-26
2024-12-27,cum,3145.49694850174,2024,2020-12-27
2024-12-28,cum,3166.23458885352,2024,2020-12-28
2024-12-29,cum,3187.28236761636,2024,2020-12-29
2024-12-30,cum,3209.36699020707,2024,2020-12-30
2024-12-31,cum,3232.60098111498,2024,2020-12-31
2025-01-01,cum,22.8779229475124,2025,2020-01-01
2025-01-02,cum,43.3018851771417,2025,2020-01-02
2025-01-03,cum,63.9912121006091,2025,2020-01-03
2025-01-04,cum,87.3362543409306,2025,2020-01-04
2025-01-05,cum,107.990611254507,2025,2020-01-05
2025-01-06,cum,125.240509358037,2025,2020-01-06
2025-01-07,cum,142.839513550142,2025,2020-01-07
2025-01-08,cum,160.310284433421,2025,2020-01-08
2025-01-09,cum,175.696353734107,2025,2020-01-09
2025-01-10,cum,196.050857814776,2025,2020-01-10
2025-01-11,cum,218.513370027121,2025,2020-01-11
2025-01-12,cum,240.83438706516,2025,2020-01-12
2025-01-13,cum,264.69392779111,2025,2020-01-13
2025-01-14,cum,288.799405240662,2025,2020-01-14
2025-01-15,cum,309.609254387183,2025,2020-01-15
2025-01-16,cum,329.479785573823,2025,2020-01-16
2025-01-17,cum,350.794089963346,2025,2020-01-17
2025-01-18,cum,373.193740129306,2025,2020-01-18
2025-01-19,cum,395.087685637151,2025,2020-01-19
2025-01-20,cum,416.745804246679,2025,2020-01-20
2025-01-21,cum,438.28988936549,2025,2020-01-21
2025-01-22,cum,460.267909658726,2025,2020-01-22
2025-01-23,cum,479.709619922866,2025,2020-01-23
2025-01-24,cum,497.69706256523,2025,2020-01-24
2025-01-25,cum,514.609749671564,2025,2020-01-25
2025-01-26,cum,530.553327902328,2025,2020-01-26
2025-01-27,cum,545.35071749695,2025,2020-01-27
2025-01-28,cum,560.295762118747,2025,2020-01-28
2025-01-29,cum,576.991897110248,2025,2020-01-29
2025-01-30,cum,595.266212545473,2025,2020-01-30
2025-01-31,cum,613.758813037806,2025,2020-01-31
2025-02-01,cum,633.148399216245,2025,2020-02-01
2025-02-02,cum,653.271257628926,2025,2020-02-02
2025-02-03,cum,674.439783839091,2025,2020-02-03
2025-02-04,cum,696.222301896979,2025,2020-02-04
2025-02-05,cum,716.740110675015,2025,2020-02-05
2025-02-06,cum,736.495761740614,2025,2020-02-06
2025-02-07,cum,756.020428297626,2025,2020-02-07
2025-02-08,cum,775.205077281693,2025,2020-02-08
2025-02-09,cum,793.722388526688,2025,2020-02-09
2025-02-10,cum,812.387739853005,2025,2020-02-10
2025-02-11,cum,830.660224241628,2025,2020-02-11
2025-02-12,cum,849.345295230227,2025,2020-02-12
2025-02-13,cum,867.924762658774,2025,2020-02-13
2025-02-14,cum,888.946762586964,2025,2020-02-14
2025-02-15,cum,911.953520473958,2025,2020-02-15
2025-02-16,cum,934.855377792253,2025,2020-02-16
2025-02-17,cum,958.159630726101,2025,2020-02-17
2025-02-18,cum,981.275496192965,2025,2020-02-18
2025-02-19,cum,1004.95035447791,2025,2020-02-19
2025-02-20,cum,1026.05496193788,2025,2020-02-20
2025-02-21,cum,1044.28180605251,2025,2020-02-21
2025-02-22,cum,1062.46873838072,2025,2020-02-22
2025-02-23,cum,1079.90742344355,2025,2020-02-23
2025-02-24,cum,1094.39532283912,2025,2020-02-24
2025-02-25,cum,1109.73014075819,2025,2020-02-25
2025-02-26,cum,1125.03177743061,2025,2020-02-26
2025-02-27,cum,1141.36726396421,2025,2020-02-27
2025-02-28,cum,1158.4365761337,2025,2020-02-28
2025-03-01,cum,1176.30445707149,2025,2020-03-01
2025-03-02,cum,1194.0100795034,2025,2020-03-02
2025-03-03,cum,1211.60469044793,2025,2020-03-03
2025-03-04,cum,1227.91610730955,2025,2020-03-04
2025-03-05,cum,1242.46017414491,2025,2020-03-05
2025-03-06,cum,1254.71314286661,2025,2020-03-06
2025-03-07,cum,1266.84928966496,2025,2020-03-07
2025-03-08,cum,1278.78184606948,2025,2020-03-08
2025-03-09,cum,1287.08263733939,2025,2020-03-09
2025-03-10,cum,1297.41842363757,2025,2020-03-10
2025-03-11,cum,1310.49768762176,2025,2020-03-11
2025-03-12,cum,1322.43573541921,2025,2020-03-12
2025-03-13,cum,1336.2668947555,2025,2020-03-13
2025-03-14,cum,1352.94455389885,2025,2020-03-14
2025-03-15,cum,1369.99088676104,2025,2020-03-15
2025-03-16,cum,1387.37520646597,2025,2020-03-16
2025-03-17,cum,1406.2613357746,2025,2020-03-17
2025-03-18,cum,1426.5035149925,2025,2020-03-18
2025-03-19,cum,1443.79024144203,2025,2020-03-19
2025-03-20,cum,1458.50669337482,2025,2020-03-20
2025-03-21,cum,1470.99338673762,2025,2020-03-21
2025-03-22,cum,1482.14645847377,2025,2020-03-22
2025-03-23,cum,1490.52825257885,2025,2020-03-23
2025-03-24,cum,1502.1028329424,2025,2020-03-24
2025-03-25,cum,1513.69196264394,2025,2020-03-25
2025-03-26,cum,1525.69750057165,2025,2020-03-26
2025-03-27,cum,1538.60249810326,2025,2020-03-27
2025-03-28,cum,1552.1801525124,2025,2020-03-28
2025-03-29,cum,1565.56909497013,2025,2020-03-29
2025-03-30,cum,1577.51533043411,2025,2020-03-30
2025-03-31,cum,1592.52619551797,2025,2020-03-31
2025-04-01,cum,1606.98626017775,2025,2020-04-01
2025-04-02,cum,1619.12004726755,2025,2020-04-02
2025-04-03,cum,1628.78599446128,2025,2020-04-03
2025-04-04,cum,1638.70290007214,2025,2020-04-04
2025-04-05,cum,1648.92642031193,2025,2020-04-05
2025-04-06,cum,1666.15255977228,2025,2020-04-06
2025-04-07,cum,1682.69593918773,2025,2020-04-07
2025-04-08,cum,1697.38035409468,2025,2020-04-08
2025-04-09,cum,1711.62684653939,2025,2020-04-09
2025-04-10,cum,1723.76246776344,2025,2020-04-10
2025-04-11,cum,1730.06777821152,2025,2020-04-11
2025-04-12,cum,1733.56124232471,2025,2020-04-12
2025-04-13,cum,1738.35827561428,2025,2020-04-13
2025-04-14,cum,1740.86029437167,2025,2020-04-14
2025-04-15,cum,1743.15331756846,2025,2020-04-15
2025-04-16,cum,1744.90270410593,2025,2020-04-16
2025-04-17,cum,1748.29880511214,2025,2020-04-17
2025-04-18,cum,1759.08085652608,2025,2020-04-18
2025-04-19,cum,1765.86351448198,2025,2020-04-19
2025-04-20,cum,1768.9335395289,2025,2020-04-20
2025-04-21,cum,1772.25765094038,2025,2020-04-21
2025-04-22,cum,1775.32286596534,2025,2020-04-22
2025-04-23,cum,1778.28253743785,2025,2020-04-23
2025-04-24,cum,1785.20710643775,2025,2020-04-24
2025-04-25,cum,1796.64728138821,2025,2020-04-25
2025-04-26,cum,1806.46257592222,2025,2020-04-26
2025-04-27,cum,1814.95425989303,2025,2020-04-27
2025-04-28,cum,1817.55796198328,2025,2020-04-28
2025-04-29,cum,1819.04928754423,2025,2020-04-29
2025-04-30,cum,1820.08501010966,2025,2020-04-30
2025-05-01,cum,1820.90784128451,2025,2020-05-01
2025-05-02,cum,1821.26037634136,2025,2020-05-02
2025-05-03,cum,1822.03698904469,2025,2020-05-03
2025-05-04,cum,1824.93605740866,2025,2020-05-04
2025-05-05,cum,1837.42689503867,2025,2020-05-05
2025-05-06,cum,1849.86637887635,2025,2020-05-06
2025-05-07,cum,1860.8401176535,2025,2020-05-07
2025-05-08,cum,1872.75057438708,2025,2020-05-08
2025-05-09,cum,1884.88413879194,2025,2020-05-09
2025-05-10,cum,1894.84242977145,2025,2020-05-10
2025-05-11,cum,1900.56977060134,2025,2020-05-11
2025-05-12,cum,1907.65019292649,2025,2020-05-12
2025-05-13,cum,1913.00192177519,2025,2020-05-13
2025-05-14,cum,1915.91066845014,2025,2020-05-14
2025-05-15,cum,1922.37594317318,2025,2020-05-15
2025-05-16,cum,1934.42366722598,2025,2020-05-16
2025-05-17,cum,1944.45044615874,2025,2020-05-17
2025-05-18,cum,1953.43202795768,2025,2020-05-18
2025-05-19,cum,1955.81295115679,2025,2020-05-19
2025-05-20,cum,1957.73303218347,2025,2020-05-20
2025-05-21,cum,1959.7736285535,2025,2020-05-21
2025-05-22,cum,1965.88260730936,2025,2020-05-22
2025-05-23,cum,1976.38715666559,2025,2020-05-23
2025-05-24,cum,1986.19007776467,2025,2020-05-24
2025-05-25,cum,1992.8121386555,2025,2020-05-25
2025-05-26,cum,1995.50056303773,2025,2020-05-26
2025-05-27,cum,1998.74622919403,2025,2020-05-27
2025-05-28,cum,2001.58991329998,2025,2020-05-28
2025-05-29,cum,2004.23302624736,2025,2020-05-29
2025-05-30,cum,2004.5815263732,2025,2020-05-30
2025-05-31,cum,2004.61121525587,2025,2020-05-31
2025-06-01,cum,2004.74354606699,2025,2020-06-01
2025-06-02,cum,2005.37566158601,2025,2020-06-02
2025-06-03,cum,2006.03546143013,2025,2020-06-03
2025-06-04,cum,2006.1906821033,2025,2020-06-04
2025-06-05,cum,2006.92905042868,2025,2020-06-05
2025-06-06,cum,2007.06599141789,2025,2020-06-06
2025-06-07,cum,2007.66732671881,2025,2020-06-07
2025-06-08,cum,2009.16630878179,2025,2020-06-08
2025-06-09,cum,2010.19214197505,2025,2020-06-09
2025-06-10,cum,2010.28513768713,2025,2020-06-10
2025-06-11,cum,2010.30505244458,2025,2020-06-11
2025-06-12,cum,2010.30505244458,2025,2020-06-12
2025-06-13,cum,2010.30505244458,2025,2020-06-13
2025-06-14,cum,2010.30505244458,2025,2020-06-14
2025-06-15,cum,2010.30893924558,2025,2020-06-15
2025-06-16,cum,2010.9954190579,2025,2020-06-16
2025-06-17,cum,2011.50055654908,2025,2020-06-17
2025-06-18,cum,2011.50055654908,2025,2020-06-18
2025-06-19,cum,2011.50055654908,2025,2020-06-19
2025-06-20,cum,2011.50055654908,2025,2020-06-20
2025-06-21,cum,2011.50427013197,2025,2020-06-21
2025-06-22,cum,2011.50427013197,2025,2020-06-22
2025-06-23,cum,2011.50427013197,2025,2020-06-23
2025-06-24,cum,2011.50427013197,2025,2020-06-24
2025-06-25,cum,2011.50427013197,2025,2020-06-25
2025-06-26,cum,2011.50427013197,2025,2020-06-26
2025-06-27,cum,2011.50427013197,2025,2020-06-27
2025-06-28,cum,2011.50427013197,2025,2020-06-28
2025-06-29,cum,2011.50427013197,2025,2020-06-29
2025-06-30,cum,2011.50427013197,2025,2020-06-30
2025-07-01,cum,2011.50427013197,2025,2020-07-01
2025-07-02,cum,2011.50427013197,2025,2020-07-02
2025-07-03,cum,2011.50797789864,2025,2020-07-03
2025-07-04,cum,2011.50797789864,2025,2020-07-04
2025-07-05,cum,2011.53262217073,2025,2020-07-05
2025-07-06,cum,2011.98868445656,2025,2020-07-06
2025-07-07,cum,2012.96014694096,2025,2020-07-07
2025-07-08,cum,2016.68564363194,2025,2020-07-08
2025-07-09,cum,2019.43842293189,2025,2020-07-09
2025-07-10,cum,2020.85391065339,2025,2020-07-10
2025-07-11,cum,2022.29306021215,2025,2020-07-11
2025-07-12,cum,2022.99127186755,2025,2020-07-12
2025-07-13,cum,2023.20290907818,2025,2020-07-13
2025-07-14,cum,2023.71711742919,2025,2020-07-14
2025-07-15,cum,2023.87918677068,2025,2020-07-15
2025-07-16,cum,2024.55914553014,2025,2020-07-16
2025-07-17,cum,2025.70908399809,2025,2020-07-17
2025-07-18,cum,2025.85793019951,2025,2020-07-18
2025-07-19,cum,2025.88063737461,2025,2020-07-19
2025-07-20,cum,2025.88452237173,2025,2020-07-20
2025-07-21,cum,2026.4693138229,2025,2020-07-21
2025-07-22,cum,2026.70408572112,2025,2020-07-22
2025-07-23,cum,2026.79710363725,2025,2020-07-23
2025-07-24,cum,2027.44670209791,2025,2020-07-24
2025-07-25,cum,2028.19538974297,2025,2020-07-25
2025-07-26,cum,2029.03755621329,2025,2020-07-26
2025-07-27,cum,2029.78365863049,2025,2020-07-27
2025-07-28,cum,2031.47342619671,2025,2020-07-28
2025-07-29,cum,2033.12832067102,2025,2020-07-29
2025-07-30,cum,2034.56579440887,2025,2020-07-30
2025-07-31,cum,2035.531991741,2025,2020-07-31
2025-08-01,cum,2036.62772694426,2025,2020-08-01
2025-08-02,cum,2038.65874769993,2025,2020-08-02
2025-08-03,cum,2040.35962737472,2025,2020-08-03
2025-08-04,cum,2041.72803110312,2025,2020-08-04
2025-08-05,cum,2041.79395455566,2025,2020-08-05
2025-08-06,cum,2041.88754628784,2025,2020-08-06
2025-08-07,cum,2041.89157868807,2025,2020-08-07
2025-08-08,cum,2041.89157868807,2025,2020-08-08
2025-08-09,cum,2041.89157868807,2025,2020-08-09
2025-08-10,cum,2041.89157868807,2025,2020-08-10
2025-08-11,cum,2041.89157868807,2025,2020-08-11
2025-08-12,cum,2041.89157868807,2025,2020-08-12
2025-08-13,cum,2041.89157868807,2025,2020-08-13
2025-08-14,cum,2041.89157868807,2025,2020-08-14
2025-08-15,cum,2041.89157868807,2025,2020-08-15
2025-08-16,cum,2041.91387881557,2025,2020-08-16
2025-08-17,cum,2042.01867680924,2025,2020-08-17
2025-08-18,cum,2042.06288607993,2025,2020-08-18
2025-08-19,cum,2042.06670956659,2025,2020-08-19
2025-08-20,cum,2042.59445490779,2025,2020-08-20
2025-08-21,cum,2043.29295173063,2025,2020-08-21
2025-08-22,cum,2044.08935454863,2025,2020-08-22
2025-08-23,cum,2045.96662361458,2025,2020-08-23
2025-08-24,cum,2047.70778424689,2025,2020-08-24
2025-08-25,cum,2048.53656959619,2025,2020-08-25
2025-08-26,cum,2048.66253530514,2025,2020-08-26
2025-08-27,cum,2048.75053310376,2025,2020-08-27
2025-08-28,cum,2048.97682688062,2025,2020-08-28
2025-08-29,cum,2049.66743908918,2025,2020-08-29
2025-08-30,cum,2051.1477620782,2025,2020-08-30
2025-08-31,cum,2051.95077074491,2025,2020-08-31
2025-09-01,cum,2052.42874897568,2025,2020-09-01
2025-09-02,cum,2054.10927014145,2025,2020-09-02
2025-09-03,cum,2054.80175238858,2025,2020-09-03
2025-09-04,cum,2054.91410287833,2025,2020-09-04
2025-09-05,cum,2056.89579889085,2025,2020-09-05
2025-09-06,cum,2058.85089304189,2025,2020-09-06
2025-09-07,cum,2059.67426003891,2025,2020-09-07
2025-09-08,cum,2059.94842997404,2025,2020-09-08
2025-09-09,cum,2060.87528712921,2025,2020-09-09
2025-09-10,cum,2062.40598728491,2025,2020-09-10
2025-09-11,cum,2063.45073539472,2025,2020-09-11
2025-09-12,cum,2065.37569065775,2025,2020-09-12
2025-09-13,cum,2066.38081610008,2025,2020-09-13
2025-09-14,cum,2068.23662992699,2025,2020-09-14
2025-09-15,cum,2068.36972608698,2025,2020-09-15
2025-09-16,cum,2070.02203558314,2025,2020-09-16
2025-09-17,cum,2071.99576460809,2025,2020-09-17
2025-09-18,cum,2072.0966100696,2025,2020-09-18
2025-09-19,cum,2072.0966100696,2025,2020-09-19
2025-09-20,cum,2072.11019249464,2025,2020-09-20
2025-09-21,cum,2072.17696467767,2025,2020-09-21
2025-09-22,cum,2072.89562116705,2025,2020-09-22
2025-09-23,cum,2075.96773440633,2025,2020-09-23
2025-09-24,cum,2083.27202385353,2025,2020-09-24
2025-09-25,cum,2090.07647341788,2025,2020-09-25
2025-09-26,cum,2094.92343608866,2025,2020-09-26
2025-09-27,cum,2099.4662590885,2025,2020-09-27
2025-09-28,cum,2103.86188607261,2025,2020-09-28
2025-09-29,cum,2113.69152336837,2025,2020-09-29
2025-09-30,cum,2125.72722467083,2025,2020-09-30
2025-10-01,cum,2138.70013349574,2025,2020-10-01
2025-10-02,cum,2152.61920822144,2025,2020-10-02
2025-10-03,cum,2167.39828458831,2025,2020-10-03
2025-10-04,cum,2179.72889088824,2025,2020-10-04
2025-10-05,cum,2192.01169329493,2025,2020-10-05
2025-10-06,cum,2204.45133248302,2025,2020-10-06
2025-10-07,cum,2212.74996473799,2025,2020-10-07
2025-10-08,cum,2218.85644523934,2025,2020-10-08
2025-10-09,cum,2223.64112737391,2025,2020-10-09
2025-10-10,cum,2229.49443827619,2025,2020-10-10
2025-10-11,cum,2234.82749548849,2025,2020-10-11
2025-10-12,cum,2242.19011894629,2025,2020-10-12
2025-10-13,cum,2251.07826957442,2025,2020-10-13
2025-10-14,cum,2262.21165713166,2025,2020-10-14
2025-10-15,cum,2273.02730937102,2025,2020-10-15
2025-10-16,cum,2284.51449901808,2025,2020-10-16
2025-10-17,cum,2296.18242467175,2025,2020-10-17
2025-10-18,cum,2308.91126058786,2025,2020-10-18
2025-10-19,cum,2323.3137073644,2025,2020-10-19
2025-10-20,cum,2335.60254905977,2025,2020-10-20
2025-10-21,cum,2345.19066246893,2025,2020-10-21
2025-10-22,cum,2351.87404306428,2025,2020-10-22
2025-10-23,cum,2360.75802893483,2025,2020-10-23
2025-10-24,cum,2374.09773603695,2025,2020-10-24
2025-10-25,cum,2387.94162013883,2025,2020-10-25
2025-10-26,cum,2401.71347708911,2025,2020-10-26
2025-10-27,cum,2416.53083912073,2025,2020-10-27
2025-10-28,cum,2428.8742262595,2025,2020-10-28
2025-10-29,cum,2438.14996772874,2025,2020-10-29
2025-10-30,cum,2447.94447705311,2025,2020-10-30
2025-10-31,cum,2458.64992612686,2025,2020-10-31
2025-11-01,cum,2466.59018055232,2025,2020-11-01
2025-11-02,cum,2476.1633649532,2025,2020-11-02
2025-11-03,cum,2489.50134635557,2025,2020-11-03
2025-11-04,cum,2503.99668754207,2025,2020-11-04
2025-11-05,cum,2518.4747323327,2025,2020-11-05
2025-11-06,cum,2532.77697533634,2025,2020-11-06
2025-11-07,cum,2547.34628291602,2025,2020-11-07
2025-11-08,cum,2562.46562152987,2025,2020-11-08
2025-11-09,cum,2576.80343448536,2025,2020-11-09
2025-11-10,cum,2590.88364166314,2025,2020-11-10
2025-11-11,cum,2605.9211081324,2025,2020-11-11
2025-11-12,cum,2621.71639569399,2025,2020-11-12
2025-11-13,cum,2636.71203902048,2025,2020-11-13
2025-11-14,cum,2651.44070866939,2025,2020-11-14
2025-11-15,cum,2665.03760740448,2025,2020-11-15
2025-11-16,cum,2678.03532418808,2025,2020-11-16
2025-11-17,cum,2692.75637648675,2025,2020-11-17
2025-11-18,cum,2712.31955162605,2025,2020-11-18
2025-11-19,cum,2733.5058778849,2025,2020-11-19
2025-11-20,cum,2753.50814135439,2025,2020-11-20
2025-11-21,cum,2774.4506467502,2025,2020-11-21
2025-11-22,cum,2797.49235682092,2025,2020-11-22
2025-11-23,cum,2822.17334157194,2025,2020-11-23
2025-11-24,cum,2842.49340950226,2025,2020-11-24
2025-11-25,cum,2861.45618918119,2025,2020-11-25
2025-11-26,cum,2880.36768787848,2025,2020-11-26
2025-11-27,cum,2900.83482517562,2025,2020-11-27
2025-11-28,cum,2923.85921258225,2025,2020-11-28
2025-11-29,cum,2944.63812293473,2025,2020-11-29
2025-11-30,cum,2963.72302864258,2025,2020-11-30
2025-12-01,cum,2981.42785313049,2025,2020-12-01
2025-12-02,cum,3000.26355883877,2025,2020-12-02
2025-12-03,cum,3019.05565156498,2025,2020-12-03
2025-12-04,cum,3037.44138780039,2025,2020-12-04
2025-12-05,cum,3054.80458509854,2025,2020-12-05
2025-12-06,cum,3072.36705603594,2025,2020-12-06
2025-12-07,cum,3088.87643538689,2025,2020-12-07
2025-12-08,cum,3103.17146331407,2025,2020-12-08
2025-12-09,cum,3118.67291819533,2025,2020-12-09
2025-12-10,cum,3135.40762389664,2025,2020-12-10
2025-12-11,cum,3151.65354905262,2025,2020-12-11
2025-12-12,cum,3169.55472572619,2025,2020-12-12
2025-12-13,cum,3188.47265907934,2025,2020-12-13
2025-12-14,cum,3208.28179257702,2025,2020-12-14
2025-12-15,cum,3229.0524225988,2025,2020-12-15
2025-12-16,cum,3248.62908165207,2025,2020-12-16
2025-12-17,cum,3266.76521970872,2025,2020-12-17
2025-12-18,cum,3284.67474855114,2025,2020-12-18
2025-12-19,cum,3302.85597553281,2025,2020-12-19
2025-12-20,cum,3321.80779307151,2025,2020-12-20
2025-12-21,cum,3341.30269464738,2025,2020-12-21
2025-12-22,cum,3360.43551055566,2025,2020-12-22
2025-12-23,cum,3379.7604812423,2025,2020-12-23
2025-12-24,cum,3400.5952703492,2025,2020-12-24
2025-12-25,cum,3422.07993241262,2025,2020-12-25
2025-12-26,cum,3443.60168138397,2025,2020-12-26
2025-12-27,cum,3464.35716940677,2025,2020-12-27
2025-12-28,cum,3484.68644466594,2025,2020-12-28
2025-12-29,cum,3506.49835178537,2025,2020-12-29
2025-12-30,cum,3528.64239360632,2025,2020-12-30
2025-12-31,cum,3552.69737423083,2025,2020-12-31
2026-01-01,cum,21.9700554103704,2026,2020-01-01
2026-01-02,cum,42.5045675091273,2026,2020-01-02
2026-01-03,cum,64.3711916003198,2026,2020-01-03
2026-01-04,cum,88.9122311192247,2026,2020-01-04
2026-01-05,cum,116.180387496808,2026,2020-01-05
2026-01-06,cum,142.504284953269,2026,2020-01-06
2026-01-07,cum,169.175655920463,2026,2020-01-07
2026-01-08,cum,194.945082057123,2026,2020-01-08
2026-01-09,cum,218.10074715419,2026,2020-01-09
2026-01-10,cum,241.119629043933,2026,2020-01-10
2026-01-11,cum,266.829815328205,2026,2020-01-11
2026-01-12,cum,291.87583997245,2026,2020-01-12
2026-01-13,cum,311.626607574385,2026,2020-01-13
2026-01-14,cum,332.080946176473,2026,2020-01-14
2026-01-15,cum,352.548470615979,2026,2020-01-15
2026-01-16,cum,373.400296485307,2026,2020-01-16
2026-01-17,cum,393.345954233639,2026,2020-01-17
2026-01-18,cum,414.103372729029,2026,2020-01-18
2026-01-19,cum,437.212215351165,2026,2020-01-19
2026-01-20,cum,462.015329197252,2026,2020-01-20
2026-01-21,cum,487.954400607624,2026,2020-01-21
2026-01-22,cum,514.260323839565,2026,2020-01-22
2026-01-23,cum,538.858311839756,2026,2020-01-23
2026-01-24,cum,561.02343025666,2026,2020-01-24
2026-01-25,cum,580.90247840843,2026,2020-01-25
2026-01-26,cum,600.431279304787,2026,2020-01-26
2026-01-27,cum,620.546367721224,2026,2020-01-27
2026-01-28,cum,639.918276721786,2026,2020-01-28
2026-01-29,cum,659.007344134193,2026,2020-01-29
2026-01-30,cum,679.192339394804,2026,2020-01-30
2026-01-31,cum,699.888080399504,2026,2020-01-31
2026-02-01,cum,721.6772479441,2026,2020-02-01
2026-02-02,cum,743.221420583431,2026,2020-02-02
2026-02-03,cum,763.263594329443,2026,2020-02-03
2026-02-04,cum,782.924235446056,2026,2020-02-04
2026-02-05,cum,800.728067702818,2026,2020-02-05
2026-02-06,cum,818.088156753609,2026,2020-02-06
2026-02-07,cum,834.315005383706,2026,2020-02-07
2026-02-08,cum,851.235220325415,2026,2020-02-08
2026-02-09,cum,869.382180340387,2026,2020-02-09
2026-02-10,cum,887.312163615423,2026,2020-02-10
2026-02-11,cum,903.542249755191,2026,2020-02-11
2026-02-12,cum,918.429070587419,2026,2020-02-12
2026-02-13,cum,933.163820252033,2026,2020-02-13
2026-02-14,cum,950.223186926715,2026,2020-02-14
2026-02-15,cum,971.455731276926,2026,2020-02-15
2026-02-16,cum,992.859385595539,2026,2020-02-16
2026-02-17,cum,1012.0690617755,2026,2020-02-17
2026-02-18,cum,1031.44871799369,2026,2020-02-18
2026-02-19,cum,1051.71587852171,2026,2020-02-19
2026-02-20,cum,1072.73027537369,2026,2020-02-20
2026-02-21,cum,1091.80948942956,2026,2020-02-21
2026-02-22,cum,1107.13935394193,2026,2020-02-22
2026-02-23,cum,1119.65523917862,2026,2020-02-23
2026-02-24,cum,1134.14216292166,2026,2020-02-24
2026-02-25,cum,1148.87593784876,2026,2020-02-25
2026-02-26,cum,1164.34036328802,2026,2020-02-26
2026-02-27,cum,1178.81727836418,2026,2020-02-27
2026-02-28,cum,1192.91413233573,2026,2020-02-28
2026-03-01,cum,1206.81242661549,2026,2020-03-01
2026-03-02,cum,1221.07366976729,2026,2020-03-02
2026-03-03,cum,1236.10119877517,2026,2020-03-03
2026-03-04,cum,1251.32268316959,2026,2020-03-04
2026-03-05,cum,1265.97764912222,2026,2020-03-05
2026-03-06,cum,1279.40236258638,2026,2020-03-06
2026-03-07,cum,1292.31586647478,2026,2020-03-07
2026-03-08,cum,1305.22142622746,2026,2020-03-08
2026-03-09,cum,1317.53527837183,2026,2020-03-09
2026-03-10,cum,1329.76347497085,2026,2020-03-10
2026-03-11,cum,1342.24754941764,2026,2020-03-11
2026-03-12,cum,1355.4567995092,2026,2020-03-12
2026-03-13,cum,1367.95183020859,2026,2020-03-13
2026-03-14,cum,1378.07742424157,2026,2020-03-14
2026-03-15,cum,1392.71327273827,2026,2020-03-15
2026-03-16,cum,1407.76247289233,2026,2020-03-16
2026-03-17,cum,1424.28615360734,2026,2020-03-17
2026-03-18,cum,1438.87039951237,2026,2020-03-18
2026-03-19,cum,1453.66433347063,2026,2020-03-19
2026-03-20,cum,1468.51694981744,2026,2020-03-20
2026-03-21,cum,1483.42601518788,2026,2020-03-21
2026-03-22,cum,1497.6150976789,2026,2020-03-22
2026-03-23,cum,1511.62153842038,2026,2020-03-23
2026-03-24,cum,1524.62041995301,2026,2020-03-24
2026-03-25,cum,1537.21714159083,2026,2020-03-25
2026-03-26,cum,1555.02999503726,2026,2020-03-26
2026-03-27,cum,1573.16028298788,2026,2020-03-27
2026-03-28,cum,1590.62032207422,2026,2020-03-28
2026-03-29,cum,1607.33275561887,2026,2020-03-29
2026-03-30,cum,1624.28800458362,2026,2020-03-30
2026-03-31,cum,1641.55949297611,2026,2020-03-31
2026-04-01,cum,1657.46290256592,2026,2020-04-01
2026-04-02,cum,1672.86398096218,2026,2020-04-02
2026-04-03,cum,1685.57731858524,2026,2020-04-03
2026-04-04,cum,1696.989928333,2026,2020-04-04
2026-04-05,cum,1699.89481866144,2026,2020-04-05
2026-04-06,cum,1704.74608633572,2026,2020-04-06
2026-04-07,cum,1713.58518217312,2026,2020-04-07
2026-04-08,cum,1724.83295382361,2026,2020-04-08
2026-04-09,cum,1737.43289428715,2026,2020-04-09
2026-04-10,cum,1752.98408242367,2026,2020-04-10
2026-04-11,cum,1764.45376747485,2026,2020-04-11
2026-04-12,cum,1774.81146867645,2026,2020-04-12
2026-04-13,cum,1781.49592282467,2026,2020-04-13
2026-04-14,cum,1792.35984822589,2026,2020-04-14
2026-04-15,cum,1798.49086670169,2026,2020-04-15
2026-04-16,cum,1803.4141046941,2026,2020-04-16
2026-04-17,cum,1807.15826537956,2026,2020-04-17
2026-04-18,cum,1810.3010484297,2026,2020-04-18
2026-04-19,cum,1815.83783560181,2026,2020-04-19
2026-04-20,cum,1827.09078261262,2026,2020-04-20
2026-04-21,cum,1840.80040550849,2026,2020-04-21
2026-04-22,cum,1853.54702497487,2026,2020-04-22
2026-04-23,cum,1861.45159527801,2026,2020-04-23
2026-04-24,cum,1865.94020185492,2026,2020-04-24
2026-04-25,cum,1868.46161858728,2026,2020-04-25
2026-04-26,cum,1871.62291621785,2026,2020-04-26
2026-04-27,cum,1877.24670469355,2026,2020-04-27
2026-04-28,cum,1881.09775899316,2026,2020-04-28
2026-04-29,cum,1891.25837776971,2026,2020-04-29
2026-04-30,cum,1903.99285874805,2026,2020-04-30
2026-05-01,cum,1911.48526243433,2026,2020-05-01
2026-05-02,cum,1912.97396453711,2026,2020-05-02
2026-05-03,cum,1913.77617881086,2026,2020-05-03
2026-05-04,cum,1914.70444082411,2026,2020-05-04
2026-05-05,cum,1917.02791895661,2026,2020-05-05
2026-05-06,cum,1920.06016511667,2026,2020-05-06
2026-05-07,cum,1924.38627476302,2026,2020-05-07
2026-05-08,cum,1927.90820819489,2026,2020-05-08
2026-05-09,cum,1930.09065834668,2026,2020-05-09
2026-05-10,cum,1931.96606819532,2026,2020-05-10
2026-05-11,cum,1935.79393007727,2026,2020-05-11
2026-05-12,cum,1949.08520120737,2026,2020-05-12
2026-05-13,cum,1960.0453378091,2026,2020-05-13
2026-05-14,cum,1970.77700818898,2026,2020-05-14
2026-05-15,cum,1982.80274796053,2026,2020-05-15
2026-05-16,cum,1995.08975212592,2026,2020-05-16
2026-05-17,cum,2005.11312546398,2026,2020-05-17
2026-05-18,cum,2010.69258998127,2026,2020-05-18
2026-05-19,cum,2014.82229320458,2026,2020-05-19
2026-05-20,cum,2017.83618207978,2026,2020-05-20
2026-05-21,cum,2019.44136747158,2026,2020-05-21
2026-05-22,cum,2020.18676493629,2026,2020-05-22
2026-05-23,cum,2020.4303666328,2026,2020-05-23
2026-05-24,cum,2020.57295605137,2026,2020-05-24
2026-05-25,cum,2020.64997744267,2026,2020-05-25
2026-05-26,cum,2020.68923615523,2026,2020-05-26
2026-05-27,cum,2020.74906352395,2026,2020-05-27
2026-05-28,cum,2020.96033489602,2026,2020-05-28
2026-05-29,cum,2021.20962464876,2026,2020-05-29
2026-05-30,cum,2021.31831981315,2026,2020-05-30
2026-05-31,cum,2021.41367754004,2026,2020-05-31
2026-06-01,cum,2022.53565880182,2026,2020-06-01
2026-06-02,cum,2023.49580989282,2026,2020-06-02
2026-06-03,cum,2026.42579586945,2026,2020-06-03
2026-06-04,cum,2027.44341133375,2026,2020-06-04
2026-06-05,cum,2030.92521720273,2026,2020-06-05
2026-06-06,cum,2032.24723416539,2026,2020-06-06
2026-06-07,cum,2032.88726606931,2026,2020-06-07
2026-06-08,cum,2033.0460126601,2026,2020-06-08
2026-06-09,cum,2034.52909074012,2026,2020-06-09
2026-06-10,cum,2039.63101848612,2026,2020-06-10
2026-06-11,cum,2044.9459552671,2026,2020-06-11
2026-06-12,cum,2048.20989405336,2026,2020-06-12
2026-06-13,cum,2048.37094824825,2026,2020-06-13
2026-06-14,cum,2048.67706204399,2026,2020-06-14
2026-06-15,cum,2049.4481536637,2026,2020-06-15
2026-06-16,cum,2050.12183677458,2026,2020-06-16
2026-06-17,cum,2050.17656531155,2026,2020-06-17
2026-06-18,cum,2050.17656531155,2026,2020-06-18
2026-06-19,cum,2050.17656531155,2026,2020-06-19
2026-06-20,cum,2050.17656531155,2026,2020-06-20
2026-06-21,cum,2050.17656531155,2026,2020-06-21
2026-06-22,cum,2050.17656531155,2026,2020-06-22
2026-06-23,cum,2050.17656531155,2026,2020-06-23
2026-06-24,cum,2050.17656531155,2026,2020-06-24
2026-06-25,cum,2050.17656531155,2026,2020-06-25
2026-06-26,cum,2050.17656531155,2026,2020-06-26
2026-06-27,cum,2050.17656531155,2026,2020-06-27
2026-06-28,cum,2050.17656531155,2026,2020-06-28
2026-06-29,cum,2050.18742251892,2026,2020-06-29
2026-06-30,cum,2050.18742251892,2026,2020-06-30
2026-07-01,cum,2050.76880288373,2026,2020-07-01
2026-07-02,cum,2050.93825684739,2026,2020-07-02
2026-07-03,cum,2051.12158083709,2026,2020-07-03
2026-07-04,cum,2051.2856262707,2026,2020-07-04
2026-07-05,cum,2051.44769710847,2026,2020-07-05
2026-07-06,cum,2051.66391914422,2026,2020-07-06
2026-07-07,cum,2051.6892645979,2026,2020-07-07
2026-07-08,cum,2051.75186160688,2026,2020-07-08
2026-07-09,cum,2051.77763007256,2026,2020-07-09
2026-07-10,cum,2051.77763007256,2026,2020-07-10
2026-07-11,cum,2051.77763007256,2026,2020-07-11
2026-07-12,cum,2051.77763007256,2026,2020-07-12
2026-07-13,cum,2051.77763007256,2026,2020-07-13
2026-07-14,cum,2051.77763007256,2026,2020-07-14
2026-07-15,cum,2051.84951631856,2026,2020-07-15
2026-07-16,cum,2051.84951631856,2026,2020-07-16
2026-07-17,cum,2051.84951631856,2026,2020-07-17
2026-07-18,cum,2051.94499627045,2026,2020-07-18
2026-07-19,cum,2052.6669296334,2026,2020-07-19
2026-07-20,cum,2053.25056799258,2026,2020-07-20
2026-07-21,cum,2054.08413848821,2026,2020-07-21
2026-07-22,cum,2054.830700092,2026,2020-07-22
2026-07-23,cum,2055.59028845141,2026,2020-07-23
2026-07-24,cum,2056.28661092968,2026,2020-07-24
2026-07-25,cum,2056.29918148814,2026,2020-07-25
2026-07-26,cum,2056.49797838633,2026,2020-07-26
2026-07-27,cum,2056.60408110321,2026,2020-07-27
2026-07-28,cum,2056.60408110321,2026,2020-07-28
2026-07-29,cum,2056.60408110321,2026,2020-07-29
2026-07-30,cum,2056.60408110321,2026,2020-07-30
2026-07-31,cum,2056.60408110321,2026,2020-07-31
2026-08-01,cum,2056.60408110321,2026,2020-08-01
2026-08-02,cum,2056.60789491516,2026,2020-08-02
2026-08-03,cum,2056.60789491516,2026,2020-08-03
2026-08-04,cum,2056.60789491516,2026,2020-08-04
2026-08-05,cum,2056.60789491516,2026,2020-08-05
2026-08-06,cum,2056.60789491516,2026,2020-08-06
2026-08-07,cum,2056.64735563621,2026,2020-08-07
2026-08-08,cum,2056.64735563621,2026,2020-08-08
2026-08-09,cum,2056.64735563621,2026,2020-08-09
2026-08-10,cum,2056.64735563621,2026,2020-08-10
2026-08-11,cum,2056.64735563621,2026,2020-08-11
2026-08-12,cum,2056.64735563621,2026,2020-08-12
2026-08-13,cum,2056.64735563621,2026,2020-08-13
2026-08-14,cum,2056.64735563621,2026,2020-08-14
2026-08-15,cum,2056.64735563621,2026,2020-08-15
2026-08-16,cum,2056.654696709,2026,2020-08-16
2026-08-17,cum,2056.98573896365,2026,2020-08-17
2026-08-18,cum,2057.31369796533,2026,2020-08-18
2026-08-19,cum,2057.31369796533,2026,2020-08-19
2026-08-20,cum,2057.40357794719,2026,2020-08-20
2026-08-21,cum,2058.11131639437,2026,2020-08-21
2026-08-22,cum,2059.21970869751,2026,2020-08-22
2026-08-23,cum,2059.91378425041,2026,2020-08-23
2026-08-24,cum,2059.99394103796,2026,2020-08-24
2026-08-25,cum,2060.6415306332,2026,2020-08-25
2026-08-26,cum,2060.69163915388,2026,2020-08-26
2026-08-27,cum,2060.69163915388,2026,2020-08-27
2026-08-28,cum,2060.69163915388,2026,2020-08-28
2026-08-29,cum,2060.84136569182,2026,2020-08-29
2026-08-30,cum,2060.88203462775,2026,2020-08-30
2026-08-31,cum,2061.00772697787,2026,2020-08-31
2026-09-01,cum,2061.57964534883,2026,2020-09-01
2026-09-02,cum,2061.74154474603,2026,2020-09-02
2026-09-03,cum,2061.84044549841,2026,2020-09-03
2026-09-04,cum,2061.84044549841,2026,2020-09-04
2026-09-05,cum,2061.90786848365,2026,2020-09-05
2026-09-06,cum,2061.91165695682,2026,2020-09-06
2026-09-07,cum,2061.91165695682,2026,2020-09-07
2026-09-08,cum,2061.91165695682,2026,2020-09-08
2026-09-09,cum,2063.00208786811,2026,2020-09-09
2026-09-10,cum,2066.16609848638,2026,2020-09-10
2026-09-11,cum,2069.70251209145,2026,2020-09-11
2026-09-12,cum,2071.68149139316,2026,2020-09-12
2026-09-13,cum,2072.5006124686,2026,2020-09-13
2026-09-14,cum,2073.31398779257,2026,2020-09-14
2026-09-15,cum,2073.69953227098,2026,2020-09-15
2026-09-16,cum,2074.21888355647,2026,2020-09-16
2026-09-17,cum,2076.25807504977,2026,2020-09-17
2026-09-18,cum,2077.88296511248,2026,2020-09-18
2026-09-19,cum,2079.17233302232,2026,2020-09-19
2026-09-20,cum,2079.80568077266,2026,2020-09-20
2026-09-21,cum,2082.28241086362,2026,2020-09-21
2026-09-22,cum,2087.7181914691,2026,2020-09-22
2026-09-23,cum,2094.283274673,2026,2020-09-23
2026-09-24,cum,2103.45768559535,2026,2020-09-24
2026-09-25,cum,2109.38968993769,2026,2020-09-25
