year,date20,value
2019,2020-01-01,0.69058170188124
2019,2020-01-02,0.61005256117487
2019,2020-01-03,0.39993067714255
2019,2020-01-04,0.0952750619044613
2019,2020-01-05,-0.0757497017594516
2019,2020-01-06,-0.198865681799269
2019,2020-01-07,-0.300600456172303
2019,2020-01-08,-0.28910006083447
2019,2020-01-09,-0.254295062351244
2019,2020-01-10,-0.168879927973582
2019,2020-01-11,-0.124730202739528
2019,2020-01-12,0.0530701013274062
2019,2020-01-13,0.281940630775995
2019,2020-01-14,0.424286571468204
2019,2020-01-15,0.472693903422549
2019,2020-01-16,0.551758836278941
2019,2020-01-17,0.653829352482322
2019,2020-01-18,0.617771822303178
2019,2020-01-19,0.235170448246607
2019,2020-01-20,-0.0992951624033287
2019,2020-01-21,-0.368652539055562
2019,2020-01-22,-0.597153559599104
2019,2020-01-23,-0.806607948860915
2019,2020-01-24,-1.00152415279147
2019,2020-01-25,-1.24321719136662
2019,2020-01-26,-1.3353840486272
2019,2020-01-27,-1.42059422793067
2019,2020-01-28,-1.50897665306524
2019,2020-01-29,-1.66002760240907
2019,2020-01-30,-1.74596471524609
2019,2020-01-31,-1.72468615788145
2019,2020-02-01,-1.59211490362566
2019,2020-02-02,-1.41015397396711
2019,2020-02-03,-1.35901354223263
2019,2020-02-04,-1.37318024156387
2019,2020-02-05,-1.49592894911704
2019,2020-02-06,-1.58579340848282
2019,2020-02-07,-1.59764827206663
2019,2020-02-08,-1.44242588685757
2019,2020-02-09,-1.39348151769244
2019,2020-02-10,-1.37132564097122
2019,2020-02-11,-1.35400151740125
2019,2020-02-12,-1.33594520210084
2019,2020-02-13,-1.31401615267873
2019,2020-02-14,-1.2821000446346
2019,2020-02-15,-1.16523449662763
2019,2020-02-16,-0.897199558817373
2019,2020-02-17,-0.643839232105154
2019,2020-02-18,-0.391339960679334
2019,2020-02-19,-0.0393128182971532
2019,2020-02-20,0.326907029698499
2019,2020-02-21,0.680082403075016
2019,2020-02-22,1.00715363211657
2019,2020-02-23,1.03210328564909
2019,2020-02-24,1.04472267840815
2019,2020-02-25,1.23809999670378
2019,2020-02-26,1.54547522975893
2019,2020-02-27,1.87373400815614
2019,2020-02-28,2.29437806357816
2019,2020-03-01,2.52910351687416
2019,2020-03-02,2.50559883041821
2019,2020-03-03,2.67839548966563
2019,2020-03-04,2.9915493391328
2019,2020-03-05,3.30197930649135
2019,2020-03-06,3.63396055614717
2019,2020-03-07,3.99752535970398
2019,2020-03-08,4.20815236637327
2019,2020-03-09,4.39038298175261
2019,2020-03-10,4.5874110271202
2019,2020-03-11,4.617178995572
2019,2020-03-12,4.67502775167807
2019,2020-03-13,4.74381515889551
2019,2020-03-14,4.78848619624635
2019,2020-03-15,4.90284607200933
2019,2020-03-16,5.09179036299967
2019,2020-03-17,5.29646041537691
2019,2020-03-18,5.32776151200926
2019,2020-03-19,5.27520552469292
2019,2020-03-20,5.19862793476238
2019,2020-03-21,5.14304190312904
2019,2020-03-22,5.24061073138196
2019,2020-03-23,5.59949163961966
2019,2020-03-24,5.94513571604975
2019,2020-03-25,5.96969624662488
2019,2020-03-26,5.85034653133978
2019,2020-03-27,5.76011741965551
2019,2020-03-28,5.66183941780994
2019,2020-03-29,5.65946938143131
2019,2020-03-30,5.78869315808793
2019,2020-03-31,5.88577677132461
2019,2020-04-01,5.92845678122772
2019,2020-04-02,6.08327076838047
2019,2020-04-03,6.23846198386361
2019,2020-04-04,6.28499145579846
2019,2020-04-05,6.2951179742862
2019,2020-04-06,6.32541009735236
2019,2020-04-07,6.35266133309689
2019,2020-04-08,6.57729994812332
2019,2020-04-09,6.87406756120762
2019,2020-04-10,7.04141612099443
2019,2020-04-11,7.10575391770573
2019,2020-04-12,7.07415949643041
2019,2020-04-13,6.96081747189711
2019,2020-04-14,6.81177568471181
2019,2020-04-15,6.94895816081051
2019,2020-04-16,7.14725785521081
2019,2020-04-17,7.39379198871293
2019,2020-04-18,7.6370059731978
2019,2020-04-19,7.81899233534082
2019,2020-04-20,7.95065247200757
2019,2020-04-21,8.05719561134621
2019,2020-04-22,8.30536732120686
2019,2020-04-23,8.54938313296414
2019,2020-04-24,8.93146398247251
2019,2020-04-25,9.3047754364765
2019,2020-04-26,9.5306992043551
2019,2020-04-27,9.57674378440196
2019,2020-04-28,9.49626042941695
2019,2020-04-29,9.40627587461084
2019,2020-04-30,9.31232727907892
2019,2020-05-01,9.30808260137849
2019,2020-05-02,9.42132826257359
2019,2020-05-03,9.50178122969883
2019,2020-05-04,9.50212679869428
2019,2020-05-05,9.28332661902051
2019,2020-05-06,9.1108699522529
2019,2020-05-07,8.9686511602724
2019,2020-05-08,9.03864866279731
2019,2020-05-09,9.18212948098693
2019,2020-05-10,9.41290161100585
2019,2020-05-11,9.64145802396681
2019,2020-05-12,9.74298204455488
2019,2020-05-13,9.74524002480182
2019,2020-05-14,9.66861931685461
2019,2020-05-15,9.52266752683577
2019,2020-05-16,9.41569984939882
2019,2020-05-17,9.36031110383974
2019,2020-05-18,9.36447024150528
2019,2020-05-19,9.40587677407299
2019,2020-05-20,9.36870713752318
2019,2020-05-21,9.39062784403198
2019,2020-05-22,9.29976419907662
2019,2020-05-23,9.15392277696608
2019,2020-05-24,9.18491362989246
2019,2020-05-25,9.39456549200167
2019,2020-05-26,9.70074337773195
2019,2020-05-27,9.98597144162948
2019,2020-05-28,10.1728878695558
2019,2020-05-29,10.1554215253097
2019,2020-05-30,10.0855840565902
2019,2020-05-31,10.2386806873249
2019,2020-06-01,10.5717597847414
2019,2020-06-02,11.1435475560507
2019,2020-06-03,11.67313803903
2019,2020-06-04,12.1487678048707
2019,2020-06-05,12.5246281008239
2019,2020-06-06,12.8148084027328
2019,2020-06-07,13.0896370297807
2019,2020-06-08,13.3220879016745
2019,2020-06-09,13.7466538121164
2019,2020-06-10,14.2411360888499
2019,2020-06-11,14.810254961808
2019,2020-06-12,15.404435549276
2019,2020-06-13,15.8938167780409
2019,2020-06-14,16.3417969264327
2019,2020-06-15,16.7198761005298
2019,2020-06-16,16.8989365677952
2019,2020-06-17,17.162024848453
2019,2020-06-18,17.4882585548951
2019,2020-06-19,17.7896010432711
2019,2020-06-20,18.035359962038
2019,2020-06-21,18.2137957042127
2019,2020-06-22,18.3193937371482
2019,2020-06-23,18.3912023167781
2019,2020-06-24,18.6323859062781
2019,2020-06-25,19.0267352938877
2019,2020-06-26,19.5798090488308
2019,2020-06-27,20.0986513817541
2019,2020-06-28,20.373789258541
2019,2020-06-29,20.5133700580886
2019,2020-06-30,20.7083405550391
2019,2020-07-01,20.8659926700322
2019,2020-07-02,20.8929787308918
2019,2020-07-03,20.8517277707225
2019,2020-07-04,20.898493598131
2019,2020-07-05,20.9505244276409
2019,2020-07-06,21.1323243208465
2019,2020-07-07,21.1284432777778
2019,2020-07-08,20.9450758573953
2019,2020-07-09,20.7273073827136
2019,2020-07-10,20.5064203548584
2019,2020-07-11,20.324482929996
2019,2020-07-12,20.0754415555552
2019,2020-07-13,19.7781396638226
2019,2020-07-14,19.6795272747236
2019,2020-07-15,19.577558475638
2019,2020-07-16,19.4807507209208
2019,2020-07-17,19.4164771639831
2019,2020-07-18,19.3945919281168
2019,2020-07-19,19.4136432002153
2019,2020-07-20,19.563615905014
2019,2020-07-21,19.6615248312036
2019,2020-07-22,19.6826901286209
2019,2020-07-23,19.6807613813233
2019,2020-07-24,19.6320996483712
2019,2020-07-25,19.6141642395566
2019,2020-07-26,19.7291428644599
2019,2020-07-27,19.6972499061426
2019,2020-07-28,19.4884823418745
2019,2020-07-29,19.3087488035691
2019,2020-07-30,19.3186191878371
2019,2020-07-31,19.3455952524848
2019,2020-08-01,19.3724055425416
2019,2020-08-02,19.2876861774821
2019,2020-08-03,19.0716196928651
2019,2020-08-04,19.0314322728242
2019,2020-08-05,19.1649633676706
2019,2020-08-06,19.3322525974517
2019,2020-08-07,19.5171391101891
2019,2020-08-08,19.6341366863927
2019,2020-08-09,19.8363348482066
2019,2020-08-10,20.0943375001341
2019,2020-08-11,20.2958262263532
2019,2020-08-12,20.4328468154111
2019,2020-08-13,20.3919764653352
2019,2020-08-14,20.2753688913711
2019,2020-08-15,20.1857584626874
2019,2020-08-16,20.0690367724914
2019,2020-08-17,19.9147872552171
2019,2020-08-18,19.9917126959876
2019,2020-08-19,19.9652170002197
2019,2020-08-20,19.849602135938
2019,2020-08-21,19.559506251853
2019,2020-08-22,19.2799207146202
2019,2020-08-23,19.0786773315843
2019,2020-08-24,19.0848356084377
2019,2020-08-25,19.1213580438953
2019,2020-08-26,19.1579302427746
2019,2020-08-27,19.1602424843751
2019,2020-08-28,19.2261111276275
2019,2020-08-29,19.2573567225957
2019,2020-08-30,19.3528409464656
2019,2020-08-31,19.5283680694016
2019,2020-09-01,19.6254160381183
2019,2020-09-02,19.4778163570109
2019,2020-09-03,19.2781770278893
2019,2020-09-04,19.0993588198355
2019,2020-09-05,18.9693069319679
2019,2020-09-06,18.6723464679986
2019,2020-09-07,18.3350441966975
2019,2020-09-08,17.9935629843401
2019,2020-09-09,17.6677416580266
2019,2020-09-10,17.5309046446334
2019,2020-09-11,17.49368069776
2019,2020-09-12,17.4773049757013
2019,2020-09-13,17.511350673016
2019,2020-09-14,17.4590723703618
2019,2020-09-15,17.2408511616184
2019,2020-09-16,17.1563557990019
2019,2020-09-17,17.0332558158582
2019,2020-09-18,16.898321645591
2019,2020-09-19,16.6459357822355
2019,2020-09-20,16.2945793289472
2019,2020-09-21,15.9822929441512
2019,2020-09-22,15.7490956079298
2019,2020-09-23,15.5046758408667
2019,2020-09-24,15.2547607479419
2019,2020-09-25,14.94952960295
2019,2020-09-26,14.6921911326841
2019,2020-09-27,14.511208531392
2019,2020-09-28,14.2354443667318
2019,2020-09-29,14.0430173850443
2019,2020-09-30,14.0512227229844
2019,2020-10-01,14.0588494477309
2019,2020-10-02,13.9220667284141
2019,2020-10-03,13.6300379667026
2019,2020-10-04,13.4440923295442
2019,2020-10-05,13.325433147666
2019,2020-10-06,13.1842303166172
2019,2020-10-07,13.0134186106713
2019,2020-10-08,12.8777929339751
2019,2020-10-09,12.7541621030906
2019,2020-10-10,12.5452455862621
2019,2020-10-11,12.28980811496
2019,2020-10-12,12.0931650081067
2019,2020-10-13,11.9235898696036
2019,2020-10-14,11.7234643307617
2019,2020-10-15,11.607188600774
2019,2020-10-16,11.5617407317178
2019,2020-10-17,11.5752377340453
2019,2020-10-18,11.6255294859062
2019,2020-10-19,11.5999649945311
2019,2020-10-20,11.5882075213148
2019,2020-10-21,11.5970389062901
2019,2020-10-22,11.5469595980195
2019,2020-10-23,11.5517811060271
2019,2020-10-24,11.55105043941
2019,2020-10-25,11.4195974084517
2019,2020-10-26,11.3187999138342
2019,2020-10-27,11.2018376828296
2019,2020-10-28,10.9584414488224
2019,2020-10-29,10.662146657507
2019,2020-10-30,10.3993925228387
2019,2020-10-31,10.2460182192606
2019,2020-11-01,10.1355877170645
2019,2020-11-02,10.071385860175
2019,2020-11-03,10.1651816679551
2019,2020-11-04,10.2774994445566
2019,2020-11-05,10.1839728927978
2019,2020-11-06,10.0123905145017
2019,2020-11-07,9.86658954335743
2019,2020-11-08,9.71208882269838
2019,2020-11-09,9.47986955974022
2019,2020-11-10,9.12910876821624
2019,2020-11-11,8.75872728487344
2019,2020-11-12,8.40421620411434
2019,2020-11-13,8.07463823413792
2019,2020-11-14,7.77364495232787
2019,2020-11-15,7.61092911339875
2019,2020-11-16,7.47859538573382
2019,2020-11-17,7.31411564138538
2019,2020-11-18,7.04099454167324
2019,2020-11-19,6.7707198225472
2019,2020-11-20,6.46638180824539
2019,2020-11-21,6.19212204374857
2019,2020-11-22,5.96890092465452
2019,2020-11-23,5.81842279694074
2019,2020-11-24,5.62013350100536
2019,2020-11-25,5.45852380414473
2019,2020-11-26,5.38013615736719
2019,2020-11-27,5.39450023173463
2019,2020-11-28,5.48477623378297
2019,2020-11-29,5.49994245093106
2019,2020-11-30,5.29215960985101
2019,2020-12-01,4.91906802346127
2019,2020-12-02,4.6097541556125
2019,2020-12-03,4.36724989803498
2019,2020-12-04,4.08557361566518
2019,2020-12-05,3.8137218319518
2019,2020-12-06,3.54078880830177
2019,2020-12-07,3.45587688142738
2019,2020-12-08,3.47615983401969
2019,2020-12-09,3.4727994773951
2019,2020-12-10,3.37951317320823
2019,2020-12-11,3.20926254037821
2019,2020-12-12,3.05853976527549
2019,2020-12-13,2.81041134807484
2019,2020-12-14,2.63771835978414
2019,2020-12-15,2.43618630750361
2019,2020-12-16,2.33761203550995
2019,2020-12-17,2.35645349237088
2019,2020-12-18,2.39166746428396
2019,2020-12-19,2.40819764569465
2019,2020-12-20,2.51376574513888
2019,2020-12-21,2.47448766830578
2019,2020-12-22,2.34206960752001
2019,2020-12-23,2.34004829035573
2019,2020-12-24,2.32371641880721
2019,2020-12-25,2.29492203821402
2019,2020-12-26,2.15052028236181
2019,2020-12-27,2.00420445815355
2019,2020-12-28,1.93225450747202
2019,2020-12-29,1.8225994355085
2019,2020-12-30,1.6968302498161
2019,2020-12-31,1.75976391906102
2020,2020-01-01,1.80028274838278
2020,2020-01-02,1.78917315336656
2020,2020-01-03,1.79325416804879
2020,2020-01-04,1.81720305062958
2020,2020-01-05,1.73619160999162
2020,2020-01-06,1.56938814555582
2020,2020-01-07,1.48862059561226
2020,2020-01-08,1.6217402988758
2020,2020-01-09,1.78658278340983
2020,2020-01-10,1.85884538374139
2020,2020-01-11,1.86084909089582
2020,2020-01-12,1.72283470209782
2020,2020-01-13,1.57868013562079
2020,2020-01-14,1.31120924731346
2020,2020-01-15,1.05958375334422
2020,2020-01-16,0.854777854527098
2020,2020-01-17,0.5458562209085
2020,2020-01-18,0.339118302881086
2020,2020-01-19,0.23442138835585
2020,2020-01-20,0.0286318781930789
2020,2020-01-21,-0.215828146833273
2020,2020-01-22,-0.420426604156334
2020,2020-01-23,-0.534490395764561
2020,2020-01-24,-0.657315480756804
2020,2020-01-25,-0.682240058161049
2020,2020-01-26,-0.591095322531794
2020,2020-01-27,-0.472614512288802
2020,2020-01-28,-0.463810732382508
2020,2020-01-29,-0.402496317575521
2020,2020-01-30,-0.25099005675682
2020,2020-01-31,0.0546906512196983
2020,2020-02-01,0.236353438975896
2020,2020-02-02,0.508396178486535
2020,2020-02-03,0.822848372883838
2020,2020-02-04,0.986841183541181
2020,2020-02-05,0.978706570489385
2020,2020-02-06,0.868422360416855
2020,2020-02-07,0.820860848948244
2020,2020-02-08,0.727878571327101
2020,2020-02-09,0.808727536728645
2020,2020-02-10,1.05489958071687
2020,2020-02-11,1.25021638595443
2020,2020-02-12,1.35316269175255
2020,2020-02-13,1.42014376789853
2020,2020-02-14,1.57994980045759
2020,2020-02-15,1.72778392367444
2020,2020-02-16,1.91833736704021
2020,2020-02-17,2.20075897006089
2020,2020-02-18,2.5027325408127
2020,2020-02-19,2.65584814910083
2020,2020-02-20,2.79987961285098
2020,2020-02-21,2.96969779078572
2020,2020-02-22,3.19710045851387
2020,2020-02-23,3.5568693616329
2020,2020-02-24,3.76518264227037
2020,2020-02-25,3.9394574764058
2020,2020-02-26,3.9985403249367
2020,2020-02-27,3.98368575834823
2020,2020-02-28,3.76946029661848
2020,2020-02-29,3.61152954852128
2020,2020-03-01,3.51520738236701
2020,2020-03-02,3.51165188302024
2020,2020-03-03,3.54710720925154
2020,2020-03-04,3.61982339120968
2020,2020-03-05,3.75887929600642
2020,2020-03-06,3.9200949705598
2020,2020-03-07,4.05335911467492
2020,2020-03-08,4.1221735331702
2020,2020-03-09,4.03799407473911
2020,2020-03-10,4.09727081575982
2020,2020-03-11,4.40658281379904
2020,2020-03-12,4.71380096985811
2020,2020-03-13,4.7838540582608
2020,2020-03-14,4.78002620252358
2020,2020-03-15,4.71475473384624
2020,2020-03-16,4.6894083979772
2020,2020-03-17,4.7517415971136
2020,2020-03-18,4.98851900696064
2020,2020-03-19,5.23210884975141
2020,2020-03-20,5.49384162050283
2020,2020-03-21,5.48937180595493
2020,2020-03-22,5.14934965318259
2020,2020-03-23,4.87027963124417
2020,2020-03-24,4.62425164421831
2020,2020-03-25,4.49151492991917
2020,2020-03-26,4.49258501179004
2020,2020-03-27,4.69661641260026
2020,2020-03-28,4.86541054035399
2020,2020-03-29,4.90979081761007
2020,2020-03-30,4.70467925784046
2020,2020-03-31,4.52191623529514
2020,2020-04-01,4.46083205068269
2020,2020-04-02,4.480159097196
2020,2020-04-03,4.54356404793894
2020,2020-04-04,4.66664586307509
2020,2020-04-05,4.85130438070028
2020,2020-04-06,5.10671362765189
2020,2020-04-07,5.30968553585158
2020,2020-04-08,5.33362567337148
2020,2020-04-09,5.36897321867083
2020,2020-04-10,5.58057110715545
2020,2020-04-11,5.87036650364875
2020,2020-04-12,6.22079202222031
2020,2020-04-13,6.44582199120249
2020,2020-04-14,6.32821855263971
2020,2020-04-15,6.23875648095767
2020,2020-04-16,6.32220899828266
2020,2020-04-17,6.49154345275704
2020,2020-04-18,6.82759781976225
2020,2020-04-19,7.24182926820019
2020,2020-04-20,7.63479283450188
2020,2020-04-21,8.00699626699126
2020,2020-04-22,8.41916545382166
2020,2020-04-23,8.75340102106157
2020,2020-04-24,8.97157748256438
2020,2020-04-25,9.14258699444227
2020,2020-04-26,9.29953901698008
2020,2020-04-27,9.70673534461949
2020,2020-04-28,10.2335795563022
2020,2020-04-29,10.588910632489
2020,2020-04-30,10.9168186158679
2020,2020-05-01,11.1003961805251
2020,2020-05-02,11.2256717519203
2020,2020-05-03,11.259054798928
2020,2020-05-04,11.2859314162177
2020,2020-05-05,11.2439369788284
2020,2020-05-06,11.1612716421493
2020,2020-05-07,11.1664542052548
2020,2020-05-08,11.2500856159358
2020,2020-05-09,11.4266854351355
2020,2020-05-10,11.5298579297112
2020,2020-05-11,11.5919057996608
2020,2020-05-12,11.6890532961587
2020,2020-05-13,11.8000305332664
2020,2020-05-14,11.75462453565
2020,2020-05-15,11.5087643198748
2020,2020-05-16,11.3701638422014
2020,2020-05-17,11.4330740636503
2020,2020-05-18,11.6457181516888
2020,2020-05-19,11.8700184392749
2020,2020-05-20,12.0301835702566
2020,2020-05-21,12.1464985323716
2020,2020-05-22,12.2315712540797
2020,2020-05-23,12.3174136353462
2020,2020-05-24,12.3434012981533
2020,2020-05-25,12.3062390382655
2020,2020-05-26,12.1925251162265
2020,2020-05-27,12.2604951384519
2020,2020-05-28,12.186516390479
2020,2020-05-29,12.1686446444824
2020,2020-05-30,12.1585687875688
2020,2020-05-31,12.1838239764321
2020,2020-06-01,12.2992330016952
2020,2020-06-02,12.479324623507
2020,2020-06-03,12.7290893663392
2020,2020-06-04,12.8421089917464
2020,2020-06-05,12.7828218595467
2020,2020-06-06,12.7569121672946
2020,2020-06-07,12.7387270227565
2020,2020-06-08,12.6733779531023
2020,2020-06-09,12.920384606599
2020,2020-06-10,13.0349716269598
2020,2020-06-11,13.187223658431
2020,2020-06-12,13.547326689744
2020,2020-06-13,13.882562896233
2020,2020-06-14,13.9660028576075
2020,2020-06-15,13.9388865780811
2020,2020-06-16,13.9390133074282
2020,2020-06-17,14.0039934788911
2020,2020-06-18,14.0601467208346
2020,2020-06-19,14.0523644660851
2020,2020-06-20,14.0013966630349
2020,2020-06-21,14.1036346560732
2020,2020-06-22,14.3502552626528
2020,2020-06-23,14.62805063257
2020,2020-06-24,14.7809735731938
2020,2020-06-25,14.9611581373638
2020,2020-06-26,15.2312191634202
2020,2020-06-27,15.6170173017251
2020,2020-06-28,16.0534330856201
2020,2020-06-29,16.133815716011
2020,2020-06-30,16.2728387855195
2020,2020-07-01,16.4406313831237
2020,2020-07-02,16.5865188872609
2020,2020-07-03,16.7287573938824
2020,2020-07-04,16.796081625585
2020,2020-07-05,16.9894369934196
2020,2020-07-06,17.2394547574944
2020,2020-07-07,17.286253525475
2020,2020-07-08,17.4418102030737
2020,2020-07-09,17.6341733510845
2020,2020-07-10,17.786806302576
2020,2020-07-11,17.6102883908459
2020,2020-07-12,17.5739811775064
2020,2020-07-13,17.6030109971383
2020,2020-07-14,17.6108714799878
2020,2020-07-15,17.6082209502073
2020,2020-07-16,17.5802835763903
2020,2020-07-17,17.5476157166161
2020,2020-07-18,17.5445923306918
2020,2020-07-19,17.629683574383
2020,2020-07-20,17.6899415663646
2020,2020-07-21,17.7392022139485
2020,2020-07-22,17.8229207339099
2020,2020-07-23,17.9521736326627
2020,2020-07-24,17.9244892043414
2020,2020-07-25,17.8298724002595
2020,2020-07-26,17.6969784320687
2020,2020-07-27,17.8256894503745
2020,2020-07-28,17.9796187815457
2020,2020-07-29,18.0035786088711
2020,2020-07-30,18.096801275773
2020,2020-07-31,18.3109322015531
2020,2020-08-01,18.4636170533206
2020,2020-08-02,18.431891779368
2020,2020-08-03,18.3556341022154
2020,2020-08-04,18.3235465733512
2020,2020-08-05,18.2167718996405
2020,2020-08-06,18.1605300762818
2020,2020-08-07,18.1191377129655
2020,2020-08-08,18.3697206673233
2020,2020-08-09,18.6347473372709
2020,2020-08-10,18.8809869741385
2020,2020-08-11,19.0440666392551
2020,2020-08-12,19.2171268512533
2020,2020-08-13,19.4202047538607
2020,2020-08-14,19.6155394624607
2020,2020-08-15,19.8148415737153
2020,2020-08-16,19.9162400943279
2020,2020-08-17,19.8815540275182
2020,2020-08-18,19.7912998432416
2020,2020-08-19,19.7500744846529
2020,2020-08-20,19.7705964318396
2020,2020-08-21,19.9480693773434
2020,2020-08-22,20.0416624059089
2020,2020-08-23,20.0670860011538
2020,2020-08-24,19.9446042950756
2020,2020-08-25,19.7402923653449
2020,2020-08-26,19.7029541499121
2020,2020-08-27,19.5622691881383
2020,2020-08-28,19.4091102469336
2020,2020-08-29,19.2235237139593
2020,2020-08-30,19.1082957441656
2020,2020-08-31,19.0045252375884
2020,2020-09-01,18.9510727677682
2020,2020-09-02,18.8937056167232
2020,2020-09-03,18.731927274375
2020,2020-09-04,18.5762631156547
2020,2020-09-05,18.4651423983905
2020,2020-09-06,18.2323600994213
2020,2020-09-07,17.9279398713738
2020,2020-09-08,17.7060994755491
2020,2020-09-09,17.5215270035057
2020,2020-09-10,17.4016672767785
2020,2020-09-11,17.3189393116964
2020,2020-09-12,17.2755489251097
2020,2020-09-13,17.2435745326099
2020,2020-09-14,17.2520992914444
2020,2020-09-15,17.3277611035324
2020,2020-09-16,17.3668665812433
2020,2020-09-17,17.2605445574606
2020,2020-09-18,16.9428636874973
2020,2020-09-19,16.6848917081214
2020,2020-09-20,16.5348810356137
2020,2020-09-21,16.4922166113881
2020,2020-09-22,16.4780417991275
2020,2020-09-23,16.3097063736564
2020,2020-09-24,16.2385367544003
2020,2020-09-25,15.9506841541731
2020,2020-09-26,15.5666580345143
2020,2020-09-27,15.2635623344988
2020,2020-09-28,15.0483043113366
2020,2020-09-29,14.9512956256323
2020,2020-09-30,14.900039997203
2020,2020-10-01,14.8027119487199
2020,2020-10-02,14.6627882736796
2020,2020-10-03,14.5327399381057
2020,2020-10-04,14.4287976577467
2020,2020-10-05,14.3059647808462
2020,2020-10-06,14.1621479460542
2020,2020-10-07,13.936780826109
2020,2020-10-08,13.68619698999
2020,2020-10-09,13.4983363011915
2020,2020-10-10,13.2245880916793
2020,2020-10-11,12.7729097263821
2020,2020-10-12,12.2826420960071
2020,2020-10-13,11.7708800077003
2020,2020-10-14,11.2843263109421
2020,2020-10-15,10.8734338678755
2020,2020-10-16,10.5787140516532
2020,2020-10-17,10.3043351884087
2020,2020-10-18,10.0118746137148
2020,2020-10-19,9.67200665513427
2020,2020-10-20,9.3201890891191
2020,2020-10-21,9.08132036879047
2020,2020-10-22,8.83182813347575
2020,2020-10-23,8.79980317241758
2020,2020-10-24,8.94883749186975
2020,2020-10-25,8.99256692279397
2020,2020-10-26,9.04716465207528
2020,2020-10-27,8.91035239422441
2020,2020-10-28,8.74118735566136
2020,2020-10-29,8.60037815739262
2020,2020-10-30,8.4681293518326
2020,2020-10-31,8.28859101401201
2020,2020-11-01,8.14245695847394
2020,2020-11-02,8.23604650146878
2020,2020-11-03,8.31930975949907
2020,2020-11-04,8.27408559961409
2020,2020-11-05,8.14474900561445
2020,2020-11-06,7.8863172901625
2020,2020-11-07,7.70332192690718
2020,2020-11-08,7.65111423238191
2020,2020-11-09,7.62086212122379
2020,2020-11-10,7.59168513758031
2020,2020-11-11,7.54739145205913
2020,2020-11-12,7.5172513459335
2020,2020-11-13,7.49677340800203
2020,2020-11-14,7.47456641491988
2020,2020-11-15,7.41030115359893
2020,2020-11-16,7.38463896434731
2020,2020-11-17,7.34859259493858
2020,2020-11-18,7.22822007880067
2020,2020-11-19,7.0757427547235
2020,2020-11-20,6.83981469476228
2020,2020-11-21,6.44871617301382
2020,2020-11-22,6.11984162845582
2020,2020-11-23,5.86950315004701
2020,2020-11-24,5.69055431476798
2020,2020-11-25,5.44768609655791
2020,2020-11-26,5.16996715643726
2020,2020-11-27,4.81363120431985
2020,2020-11-28,4.4289740603888
2020,2020-11-29,4.11021745497169
2020,2020-11-30,3.61101562489687
2020,2020-12-01,3.050087743305
2020,2020-12-02,2.63759622037532
2020,2020-12-03,2.31313010950014
2020,2020-12-04,2.1541465684498
2020,2020-12-05,2.10306751511535
2020,2020-12-06,2.11568692347844
2020,2020-12-07,2.0766371991529
2020,2020-12-08,1.97577221566117
2020,2020-12-09,1.86796463412696
2020,2020-12-10,1.6983032626259
2020,2020-12-11,1.51021823849333
2020,2020-12-12,1.33529125415586
2020,2020-12-13,1.21795785356048
2020,2020-12-14,1.05689003823328
2020,2020-12-15,0.878777659646864
2020,2020-12-16,0.734518360955983
2020,2020-12-17,0.590999191336563
2020,2020-12-18,0.491337710574813
2020,2020-12-19,0.497227058359418
2020,2020-12-20,0.494366910640127
2020,2020-12-21,0.446364677255903
2020,2020-12-22,0.56087463768494
2020,2020-12-23,0.799549446020636
2020,2020-12-24,0.991074504248199
2020,2020-12-25,1.06838580558792
2020,2020-12-26,1.00404530291711
2020,2020-12-27,0.85693616344765
2020,2020-12-28,0.893070960262428
2020,2020-12-29,1.00819911106817
2020,2020-12-30,1.10875738806026
2020,2020-12-31,1.13969003969378
2021,2020-01-01,1.03450309349905
2021,2020-01-02,0.885358592709524
2021,2020-01-03,0.730179549431929
2021,2020-01-04,0.596995000672952
2021,2020-01-05,0.524752071276546
2021,2020-01-06,0.439525848034347
2021,2020-01-07,0.367448698171268
2021,2020-01-08,0.272074464721543
2021,2020-01-09,0.122144120548175
2021,2020-01-10,-0.108114935987757
2021,2020-01-11,-0.378112488144585
2021,2020-01-12,-0.580554051637287
2021,2020-01-13,-0.658254169499536
2021,2020-01-14,-0.742894192514783
2021,2020-01-15,-0.887258124072512
2021,2020-01-16,-1.05225545972392
2021,2020-01-17,-1.22917356710351
2021,2020-01-18,-1.36981644732878
2021,2020-01-19,-1.55543614486117
2021,2020-01-20,-1.74837493412635
2021,2020-01-21,-1.8763681704705
2021,2020-01-22,-1.75453461582068
2021,2020-01-23,-1.57722484270364
2021,2020-01-24,-1.45040116412342
2021,2020-01-25,-1.5294269018554
2021,2020-01-26,-1.62205772005417
2021,2020-01-27,-1.70358012311233
2021,2020-01-28,-1.63160276253468
2021,2020-01-29,-1.40303836052791
2021,2020-01-30,-1.281694345126
2021,2020-01-31,-1.33663895428903
2021,2020-02-01,-1.34345749867376
2021,2020-02-02,-1.24189637477708
2021,2020-02-03,-1.04322566353722
2021,2020-02-04,-0.749662286147949
2021,2020-02-05,-0.489540454045684
2021,2020-02-06,-0.243275655086366
2021,2020-02-07,0.0195989679589549
2021,2020-02-08,0.255705106141162
2021,2020-02-09,0.402412442743256
2021,2020-02-10,0.39999264842258
2021,2020-02-11,0.220978053587399
2021,2020-02-12,0.0552218595221789
2021,2020-02-13,-0.0585751799619104
2021,2020-02-14,-0.120886879732874
2021,2020-02-15,-0.202001431079054
2021,2020-02-16,-0.157729471125633
2021,2020-02-17,-0.0745358849222956
2021,2020-02-18,-0.000232382391139551
2021,2020-02-19,-0.033612974393082
2021,2020-02-20,-0.0101549291995563
2021,2020-02-21,0.136847639007478
2021,2020-02-22,0.359540129143225
2021,2020-02-23,0.623576974945361
2021,2020-02-24,0.930251615148981
2021,2020-02-25,1.14778019696431
2021,2020-02-26,1.27674254281987
2021,2020-02-27,1.30266554888678
2021,2020-02-28,1.41086166474411
2021,2020-03-01,1.53583544067465
2021,2020-03-02,1.55703050306754
2021,2020-03-03,1.53765425389825
2021,2020-03-04,1.53049628080016
2021,2020-03-05,1.46770956953446
2021,2020-03-06,1.32835173740824
2021,2020-03-07,1.2641311413879
2021,2020-03-08,1.31876935374127
2021,2020-03-09,1.35311223564384
2021,2020-03-10,1.41320356508951
2021,2020-03-11,1.76016053549752
2021,2020-03-12,2.25496547834959
2021,2020-03-13,2.7531798596867
2021,2020-03-14,3.09647637090373
2021,2020-03-15,3.35759492843077
2021,2020-03-16,3.41322664396768
2021,2020-03-17,3.32439619904724
2021,2020-03-18,3.18471364233333
2021,2020-03-19,3.00040209277033
2021,2020-03-20,2.78420163061488
2021,2020-03-21,2.58675580350407
2021,2020-03-22,2.48033817810035
2021,2020-03-23,2.37150165400347
2021,2020-03-24,2.28445828221991
2021,2020-03-25,2.25079454340552
2021,2020-03-26,2.27075902094105
2021,2020-03-27,2.38719950674833
2021,2020-03-28,2.53525531330138
2021,2020-03-29,2.7554015705921
2021,2020-03-30,3.08078518212225
2021,2020-03-31,3.3767326724627
2021,2020-04-01,3.64515748076153
2021,2020-04-02,3.92503997778751
2021,2020-04-03,4.10867368021158
2021,2020-04-04,4.2086875700448
2021,2020-04-05,4.37113356596642
2021,2020-04-06,4.33085240921893
2021,2020-04-07,4.27362474936719
2021,2020-04-08,4.19822102654343
2021,2020-04-09,4.18901128395885
2021,2020-04-10,4.29739600129369
2021,2020-04-11,4.55016044537622
2021,2020-04-12,4.64994177056807
2021,2020-04-13,4.61485172269865
2021,2020-04-14,4.6459268925371
2021,2020-04-15,4.7231095917652
2021,2020-04-16,4.86854346506746
2021,2020-04-17,5.10719035183239
2021,2020-04-18,5.34837518392187
2021,2020-04-19,5.50230468047647
2021,2020-04-20,5.66554089526883
2021,2020-04-21,5.82920205317928
2021,2020-04-22,5.8983752684883
2021,2020-04-23,5.88234439814576
2021,2020-04-24,5.93826950360396
2021,2020-04-25,6.02030772979599
2021,2020-04-26,5.92727466823479
2021,2020-04-27,5.74656220589823
2021,2020-04-28,5.67229363492926
2021,2020-04-29,5.61459461962262
2021,2020-04-30,5.6957102011794
2021,2020-05-01,5.99129792715314
2021,2020-05-02,6.15779328251788
2021,2020-05-03,6.19642903622969
2021,2020-05-04,6.60966927385786
2021,2020-05-05,6.94547908059582
2021,2020-05-06,7.18020045170325
2021,2020-05-07,7.2672652655823
2021,2020-05-08,7.26668744963535
2021,2020-05-09,7.43781645753395
2021,2020-05-10,7.90904964001227
2021,2020-05-11,8.51975876494216
2021,2020-05-12,8.84119482544217
2021,2020-05-13,9.1201634027136
2021,2020-05-14,9.40118246129167
2021,2020-05-15,9.64208319198
2021,2020-05-16,9.90018530784761
2021,2020-05-17,10.0548980703835
2021,2020-05-18,10.1793298480618
2021,2020-05-19,10.1843288545916
2021,2020-05-20,10.2590866127584
2021,2020-05-21,10.4150303225661
2021,2020-05-22,10.4898064206927
2021,2020-05-23,10.5106954853974
2021,2020-05-24,10.6228844087096
2021,2020-05-25,10.6850909699797
2021,2020-05-26,10.721137931396
2021,2020-05-27,10.6686684123362
2021,2020-05-28,10.6357195062032
2021,2020-05-29,10.5897702863615
2021,2020-05-30,10.6782562873822
2021,2020-05-31,10.8373762758203
2021,2020-06-01,10.9242002591024
2021,2020-06-02,11.1705498229936
2021,2020-06-03,11.5030466294245
2021,2020-06-04,11.8808836693059
2021,2020-06-05,12.2079076800535
2021,2020-06-06,12.2367558587449
2021,2020-06-07,12.2082978829088
2021,2020-06-08,12.213785493371
2021,2020-06-09,12.4784390902099
2021,2020-06-10,12.7737768630254
2021,2020-06-11,13.0012449414064
2021,2020-06-12,13.299261926526
2021,2020-06-13,13.4791981398141
2021,2020-06-14,13.7042760858369
2021,2020-06-15,13.9978127056746
2021,2020-06-16,14.4329628992634
2021,2020-06-17,14.8760600870558
2021,2020-06-18,15.2752478915435
2021,2020-06-19,15.7371624649577
2021,2020-06-20,16.258494636035
2021,2020-06-21,16.7541955126259
2021,2020-06-22,17.2207365904714
2021,2020-06-23,17.5840619406256
2021,2020-06-24,17.9733760946087
2021,2020-06-25,18.2006830853963
2021,2020-06-26,18.4669477639319
2021,2020-06-27,18.8239734991946
2021,2020-06-28,19.2200460036257
2021,2020-06-29,19.5194944334298
2021,2020-06-30,19.5505169843704
2021,2020-07-01,19.4778155502891
2021,2020-07-02,19.3787440711441
2021,2020-07-03,19.3818088655208
2021,2020-07-04,19.4637013439374
2021,2020-07-05,19.5116272379916
2021,2020-07-06,19.6652879578895
2021,2020-07-07,19.7653325111628
2021,2020-07-08,19.9005688211617
2021,2020-07-09,19.9362633709456
2021,2020-07-10,19.9407664334032
2021,2020-07-11,19.9547056209599
2021,2020-07-12,20.0890416939089
2021,2020-07-13,20.1864269002088
2021,2020-07-14,20.0671047754207
2021,2020-07-15,19.8947021621468
2021,2020-07-16,19.7452714012802
2021,2020-07-17,19.5666540547764
2021,2020-07-18,19.3916470603899
2021,2020-07-19,19.2640000887181
2021,2020-07-20,19.1259611257001
2021,2020-07-21,19.0160437899507
2021,2020-07-22,18.9269146903267
2021,2020-07-23,18.9823617787245
2021,2020-07-24,19.0550761938621
2021,2020-07-25,19.0442225852155
2021,2020-07-26,18.9593019551901
2021,2020-07-27,18.9268527591879
2021,2020-07-28,19.0761861584793
2021,2020-07-29,19.262499505263
2021,2020-07-30,19.465060429358
2021,2020-07-31,19.5216502041583
2021,2020-08-01,19.4425876759114
2021,2020-08-02,19.3452081833023
2021,2020-08-03,19.1366989617435
2021,2020-08-04,18.9402466823506
2021,2020-08-05,18.6990556134353
2021,2020-08-06,18.6515139115979
2021,2020-08-07,18.645797768156
2021,2020-08-08,18.6240418136402
2021,2020-08-09,18.5504966670134
2021,2020-08-10,18.5115590224758
2021,2020-08-11,18.6157824913605
2021,2020-08-12,18.7474097978314
2021,2020-08-13,18.8669106472716
2021,2020-08-14,19.0308122449422
2021,2020-08-15,19.1678208147835
2021,2020-08-16,19.1450460394913
2021,2020-08-17,19.0273434870572
2021,2020-08-18,18.9055326568559
2021,2020-08-19,18.8330072501975
2021,2020-08-20,18.7747677238828
2021,2020-08-21,18.6947364582726
2021,2020-08-22,18.6269861621891
2021,2020-08-23,18.4636947803926
2021,2020-08-24,18.2369649723062
2021,2020-08-25,17.9971663839209
2021,2020-08-26,17.737122399167
2021,2020-08-27,17.4203648681447
2021,2020-08-28,17.1402833396136
2021,2020-08-29,17.0055795834075
2021,2020-08-30,16.8793333818085
2021,2020-08-31,16.7698615773905
2021,2020-09-01,16.7262494559839
2021,2020-09-02,16.7187756077709
2021,2020-09-03,16.6628590560909
2021,2020-09-04,16.5368346661355
2021,2020-09-05,16.5011642100189
2021,2020-09-06,16.410076156948
2021,2020-09-07,16.2215625365395
2021,2020-09-08,16.0677366468913
2021,2020-09-09,15.9165973425251
2021,2020-09-10,15.7185732446289
2021,2020-09-11,15.4810710251766
2021,2020-09-12,15.2804440060797
2021,2020-09-13,15.2161261235913
2021,2020-09-14,15.3285240523776
2021,2020-09-15,15.4573465933735
2021,2020-09-16,15.518713166047
2021,2020-09-17,15.4045046066713
2021,2020-09-18,15.2215685632238
2021,2020-09-19,15.0107036504201
2021,2020-09-20,14.8350366433538
2021,2020-09-21,14.7162274624462
2021,2020-09-22,14.5962045295283
2021,2020-09-23,14.5818788013963
2021,2020-09-24,14.6698575433353
2021,2020-09-25,14.7924240992485
2021,2020-09-26,14.9236556569753
2021,2020-09-27,15.0087906976455
2021,2020-09-28,15.0797610937548
2021,2020-09-29,15.0245522763034
2021,2020-09-30,14.8931562724647
2021,2020-10-01,14.7434882936523
2021,2020-10-02,14.6395075419482
2021,2020-10-03,14.5948080361798
2021,2020-10-04,14.5555345948615
2021,2020-10-05,14.5550840921394
2021,2020-10-06,14.3358016627513
2021,2020-10-07,14.0438296852082
2021,2020-10-08,13.7832109508816
2021,2020-10-09,13.4440703098887
2021,2020-10-10,13.0188968753929
2021,2020-10-11,12.6694516495136
2021,2020-10-12,12.2791635111388
2021,2020-10-13,11.807764524156
2021,2020-10-14,11.3437256279124
2021,2020-10-15,11.1106163293306
2021,2020-10-16,10.8985189388206
2021,2020-10-17,10.6879258522663
2021,2020-10-18,10.5516809555279
2021,2020-10-19,10.4716521048356
2021,2020-10-20,10.5415707421819
2021,2020-10-21,10.4963982697107
2021,2020-10-22,10.2668876208394
2021,2020-10-23,9.94524872291356
2021,2020-10-24,9.56774161688369
2021,2020-10-25,9.2356486523652
2021,2020-10-26,8.89160786563658
2021,2020-10-27,8.67507453134933
2021,2020-10-28,8.50766030667468
2021,2020-10-29,8.36148164300474
2021,2020-10-30,8.16851201526279
2021,2020-10-31,7.94207850832272
2021,2020-11-01,7.70376743239227
2021,2020-11-02,7.36656600338965
2021,2020-11-03,7.21833067332064
2021,2020-11-04,7.13377562219897
2021,2020-11-05,6.94559367403254
2021,2020-11-06,6.81472427217224
2021,2020-11-07,6.76547780469979
2021,2020-11-08,6.66236603580784
2021,2020-11-09,6.55489380432659
2021,2020-11-10,6.55271410061018
2021,2020-11-11,6.52529866903697
2021,2020-11-12,6.37920336008281
2021,2020-11-13,6.24674231536825
2021,2020-11-14,6.18437081721221
2021,2020-11-15,6.11216165634378
2021,2020-11-16,5.97755080949581
2021,2020-11-17,5.68882969306549
2021,2020-11-18,5.46525762111988
2021,2020-11-19,5.38348515347391
2021,2020-11-20,5.34646629877617
2021,2020-11-21,5.27956638765967
2021,2020-11-22,5.20003168712288
2021,2020-11-23,5.04657008676119
2021,2020-11-24,4.79755754284727
2021,2020-11-25,4.58529888769944
2021,2020-11-26,4.33613368459385
2021,2020-11-27,4.08058438844188
2021,2020-11-28,3.77541735745735
2021,2020-11-29,3.46156053637579
2021,2020-11-30,3.25623972771962
2021,2020-12-01,3.17911377221328
2021,2020-12-02,3.06399984100307
2021,2020-12-03,2.87669032489548
2021,2020-12-04,2.71465033958605
2021,2020-12-05,2.58393468181387
2021,2020-12-06,2.38631096414492
2021,2020-12-07,2.17046680628344
2021,2020-12-08,1.90042863208078
2021,2020-12-09,1.6865508546493
2021,2020-12-10,1.45102858126372
2021,2020-12-11,1.27126729879407
2021,2020-12-12,1.10809721076382
2021,2020-12-13,1.01121629872404
2021,2020-12-14,0.926588496360304
2021,2020-12-15,0.878338101651074
2021,2020-12-16,0.786616954605187
2021,2020-12-17,0.643192032321681
2021,2020-12-18,0.480191147790438
2021,2020-12-19,0.385304317647871
2021,2020-12-20,0.246705283392128
2021,2020-12-21,0.0410847999570444
2021,2020-12-22,-0.160780028879458
2021,2020-12-23,-0.332131768126457
2021,2020-12-24,-0.210006058737103
2021,2020-12-25,-0.143532052204442
2021,2020-12-26,-0.170819050366661
2021,2020-12-27,-0.148256636357543
2021,2020-12-28,-0.123239434244279
2021,2020-12-29,-0.140533593322672
2021,2020-12-30,-0.0234130762729284
2021,2020-12-31,0.300103384010852
2022,2020-01-01,0.58939773448714
2022,2020-01-02,0.729210852721471
2022,2020-01-03,1.00486861326854
2022,2020-01-04,1.30315010758025
2022,2020-01-05,1.48873160631147
2022,2020-01-06,1.50761666592408
2022,2020-01-07,1.43999529546681
2022,2020-01-08,1.36336817270987
2022,2020-01-09,1.28984850448179
2022,2020-01-10,1.18565127429388
2022,2020-01-11,1.00594599701983
2022,2020-01-12,0.732693266863453
2022,2020-01-13,0.566928201914099
2022,2020-01-14,0.544465908590078
2022,2020-01-15,0.52033050543727
2022,2020-01-16,0.459183430173673
2022,2020-01-17,0.551970601701137
2022,2020-01-18,0.719841123237446
2022,2020-01-19,0.869122658290024
2022,2020-01-20,1.02818724574803
2022,2020-01-21,0.824283939467901
2022,2020-01-22,0.735033895012835
2022,2020-01-23,0.78576089843743
2022,2020-01-24,0.773549156628166
2022,2020-01-25,0.721923288785981
2022,2020-01-26,0.583739877943251
2022,2020-01-27,0.373207742721288
2022,2020-01-28,0.147386228133064
2022,2020-01-29,-0.0467708285526546
2022,2020-01-30,-0.048361265477767
2022,2020-01-31,-0.270491422391303
2022,2020-02-01,-0.477965355700484
2022,2020-02-02,-0.486724476116483
2022,2020-02-03,-0.349664380224564
2022,2020-02-04,-0.0948713609891419
2022,2020-02-05,0.101428455065228
2022,2020-02-06,0.237853639490904
2022,2020-02-07,0.320966179121142
2022,2020-02-08,0.497288343936207
2022,2020-02-09,0.819089500324711
2022,2020-02-10,1.01467609651835
2022,2020-02-11,1.05445292966058
2022,2020-02-12,1.05744353136608
2022,2020-02-13,1.08064580384442
2022,2020-02-14,1.00974485415546
2022,2020-02-15,1.05268278948234
2022,2020-02-16,1.26094903541333
2022,2020-02-17,1.53788581525219
2022,2020-02-18,1.87753419403036
2022,2020-02-19,2.07689306873032
2022,2020-02-20,2.21754825020434
2022,2020-02-21,2.39816707983063
2022,2020-02-22,2.54915266101904
2022,2020-02-23,2.73696280760681
2022,2020-02-24,2.86538227593321
2022,2020-02-25,2.88994297752403
2022,2020-02-26,2.86787290968188
2022,2020-02-27,2.73457256240867
2022,2020-02-28,2.66053154711626
2022,2020-03-01,2.59200160906198
2022,2020-03-02,2.47586076918999
2022,2020-03-03,2.3764070436769
2022,2020-03-04,2.2496139334296
2022,2020-03-05,2.13131350864202
2022,2020-03-06,2.01077545084261
2022,2020-03-07,1.88519078183599
2022,2020-03-08,1.76908507176287
2022,2020-03-09,1.6655130107368
2022,2020-03-10,1.60521496231238
2022,2020-03-11,1.50160566709071
2022,2020-03-12,1.53060160107657
2022,2020-03-13,1.6523494650792
2022,2020-03-14,1.82774785444823
2022,2020-03-15,1.97938150828651
2022,2020-03-16,2.06913679078533
2022,2020-03-17,1.98697048959216
2022,2020-03-18,1.894504548881
2022,2020-03-19,1.85339732752535
2022,2020-03-20,1.84959069804495
2022,2020-03-21,1.84317289184733
2022,2020-03-22,1.925283359913
2022,2020-03-23,2.03617769262421
2022,2020-03-24,2.19793876050592
2022,2020-03-25,2.41058402038559
2022,2020-03-26,2.68347131322796
2022,2020-03-27,2.98601699551655
2022,2020-03-28,3.3829602547349
2022,2020-03-29,3.82021329143555
2022,2020-03-30,4.1557270265562
2022,2020-03-31,4.34007024117387
2022,2020-04-01,4.4670414145162
2022,2020-04-02,4.50394862299225
2022,2020-04-03,4.55976401279475
2022,2020-04-04,4.68800552442967
2022,2020-04-05,4.92758541391623
2022,2020-04-06,5.25575426002829
2022,2020-04-07,5.59250580357709
2022,2020-04-08,5.94567755907841
2022,2020-04-09,6.07351216290251
2022,2020-04-10,6.07643552823906
2022,2020-04-11,6.08658113877002
2022,2020-04-12,6.19456886537039
2022,2020-04-13,6.37681979546146
2022,2020-04-14,6.66598211719819
2022,2020-04-15,6.9235125656656
2022,2020-04-16,7.02598816764597
2022,2020-04-17,7.0772923054446
2022,2020-04-18,7.13581990198644
2022,2020-04-19,7.10747697469391
2022,2020-04-20,7.04013407670078
2022,2020-04-21,7.02056379640597
2022,2020-04-22,6.99038077220205
2022,2020-04-23,7.00964862171807
2022,2020-04-24,7.06319138385795
2022,2020-04-25,7.05313366986916
2022,2020-04-26,6.95907209968451
2022,2020-04-27,6.92589919510677
2022,2020-04-28,7.07867661709697
2022,2020-04-29,7.35160810355965
2022,2020-04-30,7.73510150330948
2022,2020-05-01,8.08890085944938
2022,2020-05-02,8.42688998683969
2022,2020-05-03,8.65913213889494
2022,2020-05-04,8.73158789648842
2022,2020-05-05,8.81314267577203
2022,2020-05-06,8.90481818594579
2022,2020-05-07,9.17081379936759
2022,2020-05-08,9.52812281382468
2022,2020-05-09,9.84016548123329
2022,2020-05-10,10.0612391318903
2022,2020-05-11,10.2835986823499
2022,2020-05-12,10.4957887263631
2022,2020-05-13,10.6622262826577
2022,2020-05-14,10.9937497477844
2022,2020-05-15,11.4081010648127
2022,2020-05-16,11.8299505461044
2022,2020-05-17,12.241276002091
2022,2020-05-18,12.5824645770655
2022,2020-05-19,12.9102514648449
2022,2020-05-20,13.3991392351628
2022,2020-05-21,13.7381930121293
2022,2020-05-22,13.9657672310517
2022,2020-05-23,14.2312593093304
2022,2020-05-24,14.5069527338417
2022,2020-05-25,14.7176180020746
2022,2020-05-26,14.926222024996
2022,2020-05-27,15.163696644507
2022,2020-05-28,15.2253318383214
2022,2020-05-29,15.1924105798794
2022,2020-05-30,15.1788076311811
2022,2020-05-31,15.2513717119348
2022,2020-06-01,15.3926448935275
2022,2020-06-02,15.5286945514214
2022,2020-06-03,15.7828319437482
2022,2020-06-04,16.0988366961974
2022,2020-06-05,16.3309174867994
2022,2020-06-06,16.4896382913724
2022,2020-06-07,16.5132524422526
2022,2020-06-08,16.453039198806
2022,2020-06-09,16.2443928280366
2022,2020-06-10,16.1881434004133
2022,2020-06-11,16.2495131306119
2022,2020-06-12,16.3319293988984
2022,2020-06-13,16.3273490684481
2022,2020-06-14,16.3394451094724
2022,2020-06-15,16.4565269720075
2022,2020-06-16,16.512939608188
2022,2020-06-17,16.4293869200578
2022,2020-06-18,16.4939065508569
2022,2020-06-19,16.7198303625796
2022,2020-06-20,16.9039942057622
2022,2020-06-21,17.0120931074343
2022,2020-06-22,17.2035232909523
2022,2020-06-23,17.3858090206525
2022,2020-06-24,17.490893592684
2022,2020-06-25,17.6942774527611
2022,2020-06-26,18.1355229887007
2022,2020-06-27,18.5989247683634
2022,2020-06-28,18.8344021285276
2022,2020-06-29,19.0027070886556
2022,2020-06-30,19.1871408264009
2022,2020-07-01,19.1965776485952
2022,2020-07-02,19.099623973154
2022,2020-07-03,19.1682922641836
2022,2020-07-04,19.237529739897
2022,2020-07-05,19.3233612486226
2022,2020-07-06,19.4004528563427
2022,2020-07-07,19.4738453607652
2022,2020-07-08,19.4826359637426
2022,2020-07-09,19.4397001832534
2022,2020-07-10,19.2989358293531
2022,2020-07-11,19.2442221552461
2022,2020-07-12,19.2565510516937
2022,2020-07-13,19.3160449049722
2022,2020-07-14,19.4780224239182
2022,2020-07-15,19.4881429363065
2022,2020-07-16,19.436764158504
2022,2020-07-17,19.2827306038091
2022,2020-07-18,19.2068295535843
2022,2020-07-19,19.3306030365008
2022,2020-07-20,19.5090572407223
2022,2020-07-21,19.6007223291903
2022,2020-07-22,19.7524078369359
2022,2020-07-23,19.9413554568239
2022,2020-07-24,19.9784346253397
2022,2020-07-25,19.9954079034375
2022,2020-07-26,19.9388565116437
2022,2020-07-27,19.839978726487
2022,2020-07-28,19.7536002360541
2022,2020-07-29,19.7734690709884
2022,2020-07-30,19.7668396731026
2022,2020-07-31,19.7010955962563
2022,2020-08-01,19.7188860748322
2022,2020-08-02,19.7946198034346
2022,2020-08-03,19.9177827969912
2022,2020-08-04,20.1928667840392
2022,2020-08-05,20.5319212014315
2022,2020-08-06,20.6185019016596
2022,2020-08-07,20.7053723267849
2022,2020-08-08,20.7524396249177
2022,2020-08-09,20.810165495511
2022,2020-08-10,20.7591963117103
2022,2020-08-11,20.6020064097639
2022,2020-08-12,20.5527708564258
2022,2020-08-13,20.5187566598084
2022,2020-08-14,20.5537614964421
2022,2020-08-15,20.5676220773889
2022,2020-08-16,20.5321537626553
2022,2020-08-17,20.4913120354863
2022,2020-08-18,20.4514546783181
2022,2020-08-19,20.2870973757349
2022,2020-08-20,20.0818244241814
2022,2020-08-21,19.8977642935615
2022,2020-08-22,19.5838725065926
2022,2020-08-23,19.4635830731156
2022,2020-08-24,19.4800320906725
2022,2020-08-25,19.4896382737596
2022,2020-08-26,19.5217042769033
2022,2020-08-27,19.5776351002161
2022,2020-08-28,19.5185873784038
2022,2020-08-29,19.4388916179589
2022,2020-08-30,19.3806821009332
2022,2020-08-31,19.166372031694
2022,2020-09-01,18.8698761887068
2022,2020-09-02,18.5138734601208
2022,2020-09-03,18.4035975137338
2022,2020-09-04,18.3607765516705
2022,2020-09-05,18.3722103564062
2022,2020-09-06,18.3531371350864
2022,2020-09-07,18.3394190667553
2022,2020-09-08,18.2525817379355
2022,2020-09-09,18.1397196196431
2022,2020-09-10,18.0037949345723
2022,2020-09-11,17.7914757958478
2022,2020-09-12,17.5800636229316
2022,2020-09-13,17.3895581947506
2022,2020-09-14,17.2237304765093
2022,2020-09-15,17.028170972133
2022,2020-09-16,16.7856762149157
2022,2020-09-17,16.4713910261913
2022,2020-09-18,16.1795442237657
2022,2020-09-19,15.9402829840761
2022,2020-09-20,15.6530253863178
2022,2020-09-21,15.2735658122854
2022,2020-09-22,14.8464374655396
2022,2020-09-23,14.4161990025001
2022,2020-09-24,14.0999490064361
2022,2020-09-25,13.8540993636587
2022,2020-09-26,13.5918278215625
2022,2020-09-27,13.2519171484643
2022,2020-09-28,13.0128841664443
2022,2020-09-29,12.7994333767051
2022,2020-09-30,12.6396783557899
2022,2020-10-01,12.4751157584849
2022,2020-10-02,12.2984564903762
2022,2020-10-03,12.0723697434224
2022,2020-10-04,11.7906917716635
2022,2020-10-05,11.5342278877566
2022,2020-10-06,11.4183582669414
2022,2020-10-07,11.3632361967981
2022,2020-10-08,11.3058465695637
2022,2020-10-09,11.2030797553248
2022,2020-10-10,11.1093508872687
2022,2020-10-11,10.9872087732039
2022,2020-10-12,10.7484545365955
2022,2020-10-13,10.5323248292442
2022,2020-10-14,10.4711267268011
2022,2020-10-15,10.5860933801931
2022,2020-10-16,10.7456364056221
2022,2020-10-17,10.9199338874954
2022,2020-10-18,11.1057313701325
2022,2020-10-19,11.2602598452278
2022,2020-10-20,11.3331577837389
2022,2020-10-21,11.3941851743879
2022,2020-10-22,11.391434265986
2022,2020-10-23,11.3896515023412
2022,2020-10-24,11.4360204809562
2022,2020-10-25,11.530186107642
2022,2020-10-26,11.5885963015031
2022,2020-10-27,11.6834768886039
2022,2020-10-28,11.736606094558
2022,2020-10-29,11.7787686511246
2022,2020-10-30,11.7959216832641
2022,2020-10-31,11.8006920960912
2022,2020-11-01,11.8215450991592
2022,2020-11-02,11.8064252078123
2022,2020-11-03,11.6887697042932
2022,2020-11-04,11.4907615811179
2022,2020-11-05,11.2639905805592
2022,2020-11-06,11.0734209922304
2022,2020-11-07,10.9115410402767
2022,2020-11-08,10.6696013830627
2022,2020-11-09,10.4838861873324
2022,2020-11-10,10.3597521742108
2022,2020-11-11,10.1774704590493
2022,2020-11-12,9.97046394028619
2022,2020-11-13,9.69324383169536
2022,2020-11-14,9.44835782774842
2022,2020-11-15,9.17965404041969
2022,2020-11-16,8.9364686203704
2022,2020-11-17,8.77431684153022
2022,2020-11-18,8.54637735261925
2022,2020-11-19,8.20434612233583
2022,2020-11-20,7.88060587706289
2022,2020-11-21,7.50169159232409
2022,2020-11-22,7.14576923261779
2022,2020-11-23,6.84755257600186
2022,2020-11-24,6.54645911142508
2022,2020-11-25,6.23978164475518
2022,2020-11-26,5.93837159685591
2022,2020-11-27,5.55099016751664
2022,2020-11-28,5.21249702678172
2022,2020-11-29,4.88819605546939
2022,2020-11-30,4.54885146571134
2022,2020-12-01,4.22759948872971
2022,2020-12-02,3.96673444396104
2022,2020-12-03,3.78420717526723
2022,2020-12-04,3.68927030912286
2022,2020-12-05,3.51348496443523
2022,2020-12-06,3.3626065251191
2022,2020-12-07,3.17509160716218
2022,2020-12-08,2.92177856937238
2022,2020-12-09,2.72298408947157
2022,2020-12-10,2.51984405918088
2022,2020-12-11,2.22507332783713
2022,2020-12-12,1.77080877302203
2022,2020-12-13,1.30913389407294
2022,2020-12-14,1.00427801430619
2022,2020-12-15,0.782980730323906
2022,2020-12-16,0.624519087324409
2022,2020-12-17,0.499117246186056
2022,2020-12-18,0.21539093186852
2022,2020-12-19,0.0618514279491402
2022,2020-12-20,-0.0431134586432355
2022,2020-12-21,-0.116954237146856
2022,2020-12-22,-0.150937460751158
2022,2020-12-23,-0.075722363318505
2022,2020-12-24,0.0316079897236383
2022,2020-12-25,0.179599716740217
2022,2020-12-26,0.295134558481525
2022,2020-12-27,0.369412490951944
2022,2020-12-28,0.343248719071698
2022,2020-12-29,0.363748182077299
2022,2020-12-30,0.473389159264138
2022,2020-12-31,0.647484609073293
2023,2020-01-01,0.73461553662208
2023,2020-01-02,0.820728856296814
2023,2020-01-03,0.935307743001195
2023,2020-01-04,1.04858498804696
2023,2020-01-05,1.33088852359728
2023,2020-01-06,1.5227204225636
2023,2020-01-07,1.65014659738454
2023,2020-01-08,1.81011993902581
2023,2020-01-09,2.15659410799729
2023,2020-01-10,2.51281019622316
2023,2020-01-11,2.69076234019275
2023,2020-01-12,2.85430349781101
2023,2020-01-13,2.998241506677
2023,2020-01-14,3.2253389166672
2023,2020-01-15,3.57406372869402
2023,2020-01-16,3.68478259089044
2023,2020-01-17,3.74410241891866
2023,2020-01-18,3.75219211415849
2023,2020-01-19,3.60794892594969
2023,2020-01-20,3.31473879370957
2023,2020-01-21,2.97225254417047
2023,2020-01-22,2.68595946117155
2023,2020-01-23,2.47212568819687
2023,2020-01-24,2.34780261851858
2023,2020-01-25,2.30687476002763
2023,2020-01-26,2.18623593739665
2023,2020-01-27,1.98504013386875
2023,2020-01-28,1.68533413372974
2023,2020-01-29,1.39387817472545
2023,2020-01-30,1.18047805019816
2023,2020-01-31,1.06689875117785
2023,2020-02-01,0.992576321003446
2023,2020-02-02,0.755937335825775
2023,2020-02-03,0.651508316903832
2023,2020-02-04,0.558267832826564
2023,2020-02-05,0.408309870408
2023,2020-02-06,0.114220531151633
2023,2020-02-07,-0.176098111701724
2023,2020-02-08,-0.451187049072688
2023,2020-02-09,-0.739764276504277
2023,2020-02-10,-0.98853168123539
2023,2020-02-11,-1.12956994716574
2023,2020-02-12,-1.15157286773566
2023,2020-02-13,-1.11506649303107
2023,2020-02-14,-1.07690000453162
2023,2020-02-15,-1.06309585656991
2023,2020-02-16,-0.944027245932916
2023,2020-02-17,-0.597427385663231
2023,2020-02-18,-0.145025812521661
2023,2020-02-19,0.204310899870294
2023,2020-02-20,0.496454665045619
2023,2020-02-21,0.759309046501329
2023,2020-02-22,1.01480988559158
2023,2020-02-23,1.28187869394755
2023,2020-02-24,1.60995782208244
2023,2020-02-25,1.79077081586004
2023,2020-02-26,1.83885497699377
2023,2020-02-27,1.81729687258383
2023,2020-02-28,1.71726602206766
2023,2020-03-01,1.65877768483799
2023,2020-03-02,1.71454151579545
2023,2020-03-03,1.70921256912062
2023,2020-03-04,1.75133428888471
2023,2020-03-05,1.89335025476491
2023,2020-03-06,2.1198401986802
2023,2020-03-07,2.40153145126071
2023,2020-03-08,2.79339639853784
2023,2020-03-09,3.23599366157019
2023,2020-03-10,3.59440327178841
2023,2020-03-11,3.69254804152776
2023,2020-03-12,3.67209697971306
2023,2020-03-13,3.87513726922007
2023,2020-03-14,4.07208780368268
2023,2020-03-15,4.14046374973767
2023,2020-03-16,4.16296129092054
2023,2020-03-17,4.11938158117573
2023,2020-03-18,4.01434899175454
2023,2020-03-19,4.02313964318501
2023,2020-03-20,4.06801941400858
2023,2020-03-21,4.1338962700388
2023,2020-03-22,4.29117702808043
2023,2020-03-23,4.50060762189609
2023,2020-03-24,4.66812794403599
2023,2020-03-25,4.86291458450832
2023,2020-03-26,5.1814063376044
2023,2020-03-27,5.3568774946988
2023,2020-03-28,5.44349028505961
2023,2020-03-29,5.551499281022
2023,2020-03-30,5.74823397080267
2023,2020-03-31,5.95518809282879
2023,2020-04-01,6.15083179557453
2023,2020-04-02,6.31733114613951
2023,2020-04-03,6.33167222192235
2023,2020-04-04,6.25273407624968
2023,2020-04-05,6.08176687782717
2023,2020-04-06,5.8891209903772
2023,2020-04-07,5.81923722653521
2023,2020-04-08,5.83646119205208
2023,2020-04-09,5.89004515910338
2023,2020-04-10,5.84689230850969
2023,2020-04-11,5.79660013277858
2023,2020-04-12,5.95847669813997
2023,2020-04-13,6.06026990038591
2023,2020-04-14,5.98571762721574
2023,2020-04-15,5.88309043011159
2023,2020-04-16,5.82083365359478
2023,2020-04-17,5.81579843874874
2023,2020-04-18,5.78693891039066
2023,2020-04-19,5.64694325673874
2023,2020-04-20,5.4991773733074
2023,2020-04-21,5.46068910616985
2023,2020-04-22,5.60348296737443
2023,2020-04-23,5.78895518682651
2023,2020-04-24,6.00643664039555
2023,2020-04-25,6.22962449494661
2023,2020-04-26,6.33891253644373
2023,2020-04-27,6.33583392169944
2023,2020-04-28,6.36518596802776
2023,2020-04-29,6.506102781362
2023,2020-04-30,6.67420059824576
2023,2020-05-01,6.9785077134293
2023,2020-05-02,7.33578172931328
2023,2020-05-03,7.68474223371139
2023,2020-05-04,7.99816405114882
2023,2020-05-05,8.33164318999382
2023,2020-05-06,8.73419405381612
2023,2020-05-07,9.05938801804762
2023,2020-05-08,9.21146676895908
2023,2020-05-09,9.4199078257066
2023,2020-05-10,9.55707881065245
2023,2020-05-11,9.73741173517744
2023,2020-05-12,9.95341951802073
2023,2020-05-13,10.1557887047688
2023,2020-05-14,10.2777749722972
2023,2020-05-15,10.3718587118261
2023,2020-05-16,10.4142994471694
2023,2020-05-17,10.4389599040139
2023,2020-05-18,10.4922602671347
2023,2020-05-19,10.5352605265643
2023,2020-05-20,10.6341178655465
2023,2020-05-21,10.794852314771
2023,2020-05-22,11.1040187579401
2023,2020-05-23,11.4084132015129
2023,2020-05-24,11.6423485483185
2023,2020-05-25,11.8859815988617
2023,2020-05-26,12.1332141121471
2023,2020-05-27,12.2527122916269
2023,2020-05-28,12.3949003120325
2023,2020-05-29,12.5783771183576
2023,2020-05-30,12.7690467252615
2023,2020-05-31,12.9696253753551
2023,2020-06-01,13.1730143842425
2023,2020-06-02,13.2928018572681
2023,2020-06-03,13.3275041443777
2023,2020-06-04,13.3904051268789
2023,2020-06-05,13.5307978318023
2023,2020-06-06,13.676990827642
2023,2020-06-07,13.8620753206452
2023,2020-06-08,14.0670634213123
2023,2020-06-09,14.3324764961161
2023,2020-06-10,14.5823912873217
2023,2020-06-11,14.862078978962
2023,2020-06-12,15.0556942591644
2023,2020-06-13,15.2466953514374
2023,2020-06-14,15.5095432506573
2023,2020-06-15,15.7546879052255
2023,2020-06-16,15.9098326685657
2023,2020-06-17,15.9682174510309
2023,2020-06-18,16.0354005180118
2023,2020-06-19,16.1403630516933
2023,2020-06-20,16.3914166305873
2023,2020-06-21,16.7412422845155
2023,2020-06-22,17.0465343379412
2023,2020-06-23,17.1459759505721
2023,2020-06-24,17.1705975844747
2023,2020-06-25,17.3062489169745
2023,2020-06-26,17.4868147604025
2023,2020-06-27,17.5548645324615
2023,2020-06-28,17.5524697131805
2023,2020-06-29,17.5968508961559
2023,2020-06-30,17.655457602569
2023,2020-07-01,17.7397566071111
2023,2020-07-02,17.8561296297033
2023,2020-07-03,17.9931756368731
2023,2020-07-04,18.1175190153441
2023,2020-07-05,18.1812560328963
2023,2020-07-06,18.2460444325045
2023,2020-07-07,18.3425865925214
2023,2020-07-08,18.4901569427624
2023,2020-07-09,18.7059821364659
2023,2020-07-10,18.9651351150741
2023,2020-07-11,19.2908070825224
2023,2020-07-12,19.5530496301264
2023,2020-07-13,19.6673883415205
2023,2020-07-14,19.8290193461127
2023,2020-07-15,20.0961005529647
2023,2020-07-16,20.2778544162524
2023,2020-07-17,20.3545678961058
2023,2020-07-18,20.336694999569
2023,2020-07-19,20.2897010309135
2023,2020-07-20,20.1601747065036
2023,2020-07-21,20.1156495262706
2023,2020-07-22,20.1862222326431
2023,2020-07-23,20.2448734710914
2023,2020-07-24,20.2625583702806
2023,2020-07-25,20.2354327727924
2023,2020-07-26,20.1484627834197
2023,2020-07-27,20.0540683524747
2023,2020-07-28,20.060869541418
2023,2020-07-29,20.1504254159837
2023,2020-07-30,20.1752402285756
2023,2020-07-31,20.1975247153321
2023,2020-08-01,20.093329734723
2023,2020-08-02,20.1029356541212
2023,2020-08-03,20.0834939998237
2023,2020-08-04,19.9463997553208
2023,2020-08-05,19.719832879191
2023,2020-08-06,19.3982772797395
2023,2020-08-07,18.9913753430427
2023,2020-08-08,18.6438179947276
2023,2020-08-09,18.3398459601589
2023,2020-08-10,18.2140939532972
2023,2020-08-11,18.1257686027086
2023,2020-08-12,17.9883416488054
2023,2020-08-13,17.9184680198966
2023,2020-08-14,17.9147817543054
2023,2020-08-15,17.9124518329373
2023,2020-08-16,17.8911971256496
2023,2020-08-17,17.9066614322127
2023,2020-08-18,18.0185251792771
2023,2020-08-19,18.165385466893
2023,2020-08-20,18.2684767036618
2023,2020-08-21,18.3643598863229
2023,2020-08-22,18.6475558516023
2023,2020-08-23,18.9987136093719
2023,2020-08-24,19.2780429840172
2023,2020-08-25,19.4350508996144
2023,2020-08-26,19.4942958867967
2023,2020-08-27,19.4966586355864
2023,2020-08-28,19.3944409622224
2023,2020-08-29,19.2759201042423
2023,2020-08-30,19.102602423958
2023,2020-08-31,19.0204997991646
2023,2020-09-01,19.077022443396
2023,2020-09-02,19.2259161606844
2023,2020-09-03,19.3600018094848
2023,2020-09-04,19.5376999665427
2023,2020-09-05,19.6155740295748
2023,2020-09-06,19.7549154911783
2023,2020-09-07,19.8752642286034
2023,2020-09-08,19.9095251138027
2023,2020-09-09,19.8772201818771
2023,2020-09-10,19.7955430212992
2023,2020-09-11,19.7109404464894
2023,2020-09-12,19.6459970614561
2023,2020-09-13,19.567630041072
2023,2020-09-14,19.4499326472336
2023,2020-09-15,19.2899186869882
2023,2020-09-16,19.1284249010011
2023,2020-09-17,18.9544426899871
2023,2020-09-18,18.7542097709266
2023,2020-09-19,18.4609587244676
2023,2020-09-20,18.2327416461188
2023,2020-09-21,18.0464197916611
2023,2020-09-22,17.7713885016731
2023,2020-09-23,17.4371662123809
2023,2020-09-24,17.1898321939378
2023,2020-09-25,17.0972011157004
2023,2020-09-26,17.2104600216294
2023,2020-09-27,17.3100403189128
2023,2020-09-28,17.356498332377
2023,2020-09-29,17.32285705437
2023,2020-09-30,17.2149825412802
2023,2020-10-01,17.1109907808067
2023,2020-10-02,17.0799977492006
2023,2020-10-03,17.1033282083253
2023,2020-10-04,16.9495905178063
2023,2020-10-05,16.722583316628
2023,2020-10-06,16.4972662599174
2023,2020-10-07,16.3431358098393
2023,2020-10-08,16.1610895389885
2023,2020-10-09,15.9359930657016
2023,2020-10-10,15.7288578467067
2023,2020-10-11,15.5814173109801
2023,2020-10-12,15.5212624791232
2023,2020-10-13,15.5315091640959
2023,2020-10-14,15.4406854700981
2023,2020-10-15,15.0641901207273
2023,2020-10-16,14.5827236654786
2023,2020-10-17,14.1722558864677
2023,2020-10-18,13.808939044194
2023,2020-10-19,13.5369464536309
2023,2020-10-20,13.5209550589284
2023,2020-10-21,13.5829547766672
2023,2020-10-22,13.5668076909741
2023,2020-10-23,13.4588061177615
2023,2020-10-24,13.2792105839569
2023,2020-10-25,13.1017517844796
2023,2020-10-26,12.9139992856464
2023,2020-10-27,12.6845573482632
2023,2020-10-28,12.4473230378309
2023,2020-10-29,12.2668563236362
2023,2020-10-30,12.1093149322441
2023,2020-10-31,11.8234802268959
2023,2020-11-01,11.6398911209602
2023,2020-11-02,11.5278390177743
2023,2020-11-03,11.2795183287529
2023,2020-11-04,10.9213071264512
2023,2020-11-05,10.6711902897572
2023,2020-11-06,10.4449779493291
2023,2020-11-07,10.1456099073019
2023,2020-11-08,9.79640033943847
2023,2020-11-09,9.38043029736773
2023,2020-11-10,8.97428176758086
2023,2020-11-11,8.58909358784791
2023,2020-11-12,8.4059814183499
2023,2020-11-13,8.41501508459337
2023,2020-11-14,8.568024579337
2023,2020-11-15,8.60622069008303
2023,2020-11-16,8.43371900432702
2023,2020-11-17,8.02264655686804
2023,2020-11-18,7.60822677263146
2023,2020-11-19,7.36470734966549
2023,2020-11-20,7.25020235703245
2023,2020-11-21,7.04272098567853
2023,2020-11-22,6.71363581097175
2023,2020-11-23,6.41144615959794
2023,2020-11-24,6.17938724597929
2023,2020-11-25,5.8331843253519
2023,2020-11-26,5.45893596124022
2023,2020-11-27,5.05754843143775
2023,2020-11-28,4.75665373599443
2023,2020-11-29,4.37352725997313
2023,2020-11-30,3.98625671668082
2023,2020-12-01,3.81006326363567
2023,2020-12-02,3.58616928099522
2023,2020-12-03,3.1155310933251
2023,2020-12-04,2.60883420273677
2023,2020-12-05,2.31049675408393
2023,2020-12-06,2.11571730098442
2023,2020-12-07,1.9393222512692
2023,2020-12-08,1.65188179950528
2023,2020-12-09,1.48515164953382
2023,2020-12-10,1.45433535336797
2023,2020-12-11,1.36687021233441
2023,2020-12-12,1.18505319877863
2023,2020-12-13,1.03918496844367
2023,2020-12-14,0.954619081085372
2023,2020-12-15,0.880450223377879
2023,2020-12-16,0.848020892118026
2023,2020-12-17,0.724118307829358
2023,2020-12-18,0.530294885251778
2023,2020-12-19,0.386743889464691
2023,2020-12-20,0.383258761444115
2023,2020-12-21,0.447308716448018
2023,2020-12-22,0.44640086663395
2023,2020-12-23,0.606635195315468
2023,2020-12-24,0.856219159698376
2023,2020-12-25,1.15196833307075
2023,2020-12-26,1.3291210538274
2023,2020-12-27,1.54962811427006
2023,2020-12-28,1.68643133297163
2023,2020-12-29,1.80923513031459
2023,2020-12-30,1.99933259560386
2023,2020-12-31,2.24875410644107
2024,2020-01-01,2.57616190416389
2024,2020-01-02,2.72053012650545
2024,2020-01-03,2.94708151596951
2024,2020-01-04,3.17441163738351
2024,2020-01-05,3.36334058254974
2024,2020-01-06,3.45614143384987
2024,2020-01-07,3.361174747812
2024,2020-01-08,3.09897750699524
2024,2020-01-09,2.72617993206058
2024,2020-01-10,2.40835679266041
2024,2020-01-11,2.10548785078522
2024,2020-01-12,1.92632663148365
2024,2020-01-13,1.72170525439982
2024,2020-01-14,1.55448400712373
2024,2020-01-15,1.43775871090778
2024,2020-01-16,1.30876315159133
2024,2020-01-17,1.17719491732279
2024,2020-01-18,1.13441356852941
2024,2020-01-19,0.92437819090204
2024,2020-01-20,0.60307574652378
2024,2020-01-21,0.210022467513797
2024,2020-01-22,-0.166084191067218
2024,2020-01-23,-0.292545435092018
2024,2020-01-24,-0.206460092224897
2024,2020-01-25,-0.069648766069749
2024,2020-01-26,-0.0391906755601558
2024,2020-01-27,-0.0682542965685711
2024,2020-01-28,-0.1060258932212
2024,2020-01-29,-0.193626304049732
2024,2020-01-30,-0.236992163746153
2024,2020-01-31,-0.38564911544213
2024,2020-02-01,-0.461932736776519
2024,2020-02-02,-0.399960243994095
2024,2020-02-03,-0.242307315300395
2024,2020-02-04,0.0350319124510411
2024,2020-02-05,0.49338650214522
2024,2020-02-06,0.949555917911063
2024,2020-02-07,1.37546517096415
2024,2020-02-08,1.80930108534349
2024,2020-02-09,2.18927500760243
2024,2020-02-10,2.63053665844967
2024,2020-02-11,2.97722985842533
2024,2020-02-12,3.21936428034787
2024,2020-02-13,3.44719028351938
2024,2020-02-14,3.65097425741051
2024,2020-02-15,3.78411797102574
2024,2020-02-16,4.1262806560425
2024,2020-02-17,4.56063531583556
2024,2020-02-18,4.9609578862191
2024,2020-02-19,5.23733519931706
2024,2020-02-20,5.33966213313733
2024,2020-02-21,5.31435470699638
2024,2020-02-22,5.32049239700214
2024,2020-02-23,5.3099346677233
2024,2020-02-24,5.31912735008463
2024,2020-02-25,5.43836820114751
2024,2020-02-26,5.60812450835195
2024,2020-02-27,5.79455549164144
2024,2020-02-28,5.95435179550557
2024,2020-02-29,6.10495734364291
2024,2020-03-01,6.17309818268637
2024,2020-03-02,6.16422756186272
2024,2020-03-03,6.19836771283634
2024,2020-03-04,6.15183038646389
2024,2020-03-05,6.13852418607109
2024,2020-03-06,6.05746234856931
2024,2020-03-07,5.89325193860706
2024,2020-03-08,5.7074791438986
2024,2020-03-09,5.6167989594479
2024,2020-03-10,5.70032464419604
2024,2020-03-11,5.74567106673002
2024,2020-03-12,5.81544988850393
2024,2020-03-13,5.90699057473007
2024,2020-03-14,5.93474351566207
2024,2020-03-15,6.0000768706309
2024,2020-03-16,6.0818641320762
2024,2020-03-17,6.12312701999633
2024,2020-03-18,6.12749867905765
2024,2020-03-19,6.10469937390136
2024,2020-03-20,6.13083234621691
2024,2020-03-21,6.19666779253813
2024,2020-03-22,6.40562586640411
2024,2020-03-23,6.55578064136533
2024,2020-03-24,6.53481389823836
2024,2020-03-25,6.52149640640502
2024,2020-03-26,6.57210428557919
2024,2020-03-27,6.72459555045344
2024,2020-03-28,6.71864300883936
2024,2020-03-29,6.86776921718291
2024,2020-03-30,7.13866443910663
2024,2020-03-31,7.33406612132829
2024,2020-04-01,7.49964238479433
2024,2020-04-02,7.56688791530023
2024,2020-04-03,7.709750139416
2024,2020-04-04,8.02740329083312
2024,2020-04-05,8.43560944645711
2024,2020-04-06,8.80932243443042
2024,2020-04-07,9.09414105352048
2024,2020-04-08,9.4939307987293
2024,2020-04-09,9.83079072355715
2024,2020-04-10,9.8809703352071
2024,2020-04-11,9.98922032822381
2024,2020-04-12,10.1339939954086
2024,2020-04-13,10.3527503959635
2024,2020-04-14,10.6908276336966
2024,2020-04-15,10.9648571609077
2024,2020-04-16,11.0055087153263
2024,2020-04-17,10.9395983853868
2024,2020-04-18,10.7827968024651
2024,2020-04-19,10.5607592605037
2024,2020-04-20,10.4301235949638
2024,2020-04-21,10.426532957726
2024,2020-04-22,10.373451851746
2024,2020-04-23,10.2036809020601
2024,2020-04-24,9.95358028345061
2024,2020-04-25,9.85212705324692
2024,2020-04-26,9.73152405483803
2024,2020-04-27,9.60560046237318
2024,2020-04-28,9.61084693495518
2024,2020-04-29,9.73899399668756
2024,2020-04-30,10.0499866075068
2024,2020-05-01,10.2842757797236
2024,2020-05-02,10.3872119433326
2024,2020-05-03,10.251821101341
2024,2020-05-04,10.1329521823813
2024,2020-05-05,10.0651124829141
2024,2020-05-06,9.95559925542938
2024,2020-05-07,9.85733656242248
2024,2020-05-08,9.9622864103193
2024,2020-05-09,10.0275045914481
2024,2020-05-10,10.03322487234
2024,2020-05-11,9.98724544187012
2024,2020-05-12,9.89680194293649
2024,2020-05-13,9.89009052709289
2024,2020-05-14,10.2004258881283
2024,2020-05-15,10.5728557253225
2024,2020-05-16,10.9426941038266
2024,2020-05-17,11.2104339384099
2024,2020-05-18,11.56243031685
2024,2020-05-19,12.000112718047
2024,2020-05-20,12.4848298800372
2024,2020-05-21,12.9244937394469
2024,2020-05-22,13.304917506297
2024,2020-05-23,13.6717485041131
2024,2020-05-24,13.9149643594972
2024,2020-05-25,14.0328297300881
2024,2020-05-26,14.0736866142235
2024,2020-05-27,14.105800272543
2024,2020-05-28,13.9778992098205
2024,2020-05-29,13.9624148051736
2024,2020-05-30,13.9591005539392
2024,2020-05-31,14.0299248338018
2024,2020-06-01,13.9874038820547
2024,2020-06-02,13.9878697305516
2024,2020-06-03,13.9732060578958
2024,2020-06-04,14.0570474674835
2024,2020-06-05,14.2755331763511
2024,2020-06-06,14.495799739794
2024,2020-06-07,14.695666934891
2024,2020-06-08,14.8801537588482
2024,2020-06-09,15.0162536050028
2024,2020-06-10,15.0892594676807
2024,2020-06-11,15.041291381341
2024,2020-06-12,14.9137481548329
2024,2020-06-13,14.8473696221882
2024,2020-06-14,14.9334732844556
2024,2020-06-15,15.021574591704
2024,2020-06-16,15.0590490154775
2024,2020-06-17,15.1349778591969
2024,2020-06-18,15.3760545765161
2024,2020-06-19,15.700805024347
2024,2020-06-20,15.9233424074013
2024,2020-06-21,16.2098100143857
2024,2020-06-22,16.365885346778
2024,2020-06-23,16.4729227097004
2024,2020-06-24,16.5746541021256
2024,2020-06-25,16.8003158709415
2024,2020-06-26,16.995059050652
2024,2020-06-27,17.1884821471055
2024,2020-06-28,17.5329776026429
2024,2020-06-29,17.9860684859675
2024,2020-06-30,18.2828875084115
2024,2020-07-01,18.401672885261
2024,2020-07-02,18.4406985215472
2024,2020-07-03,18.3581474288222
2024,2020-07-04,18.2729132584284
2024,2020-07-05,18.2957356850404
2024,2020-07-06,18.3697586912174
2024,2020-07-07,18.3400368387943
2024,2020-07-08,18.4806274931333
2024,2020-07-09,18.8494947603961
2024,2020-07-10,19.3107127077634
2024,2020-07-11,19.6921964045095
2024,2020-07-12,19.953612685029
2024,2020-07-13,20.0652447927114
2024,2020-07-14,20.232510034321
2024,2020-07-15,20.4030249924695
2024,2020-07-16,20.4443494884444
2024,2020-07-17,20.3547726529841
2024,2020-07-18,20.4002637214498
2024,2020-07-19,20.4259020298252
2024,2020-07-20,20.4946418331023
2024,2020-07-21,20.6345107434621
2024,2020-07-22,20.6898231441379
2024,2020-07-23,20.7258106302491
2024,2020-07-24,20.6935062244176
2024,2020-07-25,20.6551233412542
2024,2020-07-26,20.6144171718615
2024,2020-07-27,20.5843270588225
2024,2020-07-28,20.5124643186599
2024,2020-07-29,20.5797715980651
2024,2020-07-30,20.731142982956
2024,2020-07-31,21.0119002576794
2024,2020-08-01,21.2253440035461
2024,2020-08-02,21.264163278136
2024,2020-08-03,21.1744907031149
2024,2020-08-04,21.2233110248653
2024,2020-08-05,21.1805410267374
2024,2020-08-06,21.0422471788484
2024,2020-08-07,20.9109331022113
2024,2020-08-08,20.8027156634439
2024,2020-08-09,20.7718152582555
2024,2020-08-10,20.8889675319066
2024,2020-08-11,20.9914877182698
2024,2020-08-12,21.0177912138409
2024,2020-08-13,21.0630603919468
2024,2020-08-14,21.1683921839267
2024,2020-08-15,21.2079072315785
2024,2020-08-16,21.239170282374
2024,2020-08-17,21.3103340085725
2024,2020-08-18,21.2587583240015
2024,2020-08-19,21.1708600758603
2024,2020-08-20,21.1534147783921
2024,2020-08-21,21.150554706065
2024,2020-08-22,21.122846756148
2024,2020-08-23,21.127068496465
2024,2020-08-24,21.1119086440229
2024,2020-08-25,21.1049149050616
2024,2020-08-26,21.0634992244667
2024,2020-08-27,21.0411022449968
2024,2020-08-28,21.0100465707303
2024,2020-08-29,21.0172413231386
2024,2020-08-30,21.1000052548738
2024,2020-08-31,21.2411947787334
2024,2020-09-01,21.3528019768969
2024,2020-09-02,21.4701091957463
2024,2020-09-03,21.5583150074193
2024,2020-09-04,21.6114326315028
2024,2020-09-05,21.6647290168555
2024,2020-09-06,21.6129291032607
2024,2020-09-07,21.5322959824695
2024,2020-09-08,21.425841026196
2024,2020-09-09,21.0911945893902
2024,2020-09-10,20.7621503792108
2024,2020-09-11,20.4514973592856
2024,2020-09-12,19.9078384122591
2024,2020-09-13,19.2758378556537
2024,2020-09-14,18.7303572828303
2024,2020-09-15,18.2847527775651
2024,2020-09-16,17.9388684037688
2024,2020-09-17,17.6178140134559
2024,2020-09-18,17.4262872535757
2024,2020-09-19,17.2696933199112
2024,2020-09-20,17.0225583910236
2024,2020-09-21,16.7045143432425
2024,2020-09-22,16.4755334858161
2024,2020-09-23,16.3447188677505
2024,2020-09-24,16.1202576718463
2024,2020-09-25,15.8415546500012
2024,2020-09-26,15.6043761601898
2024,2020-09-27,15.2824844487775
2024,2020-09-28,14.8402690814806
2024,2020-09-29,14.349477804889
2024,2020-09-30,13.8818711579729
2024,2020-10-01,13.4781826919554
2024,2020-10-02,13.0512318952039
2024,2020-10-03,12.6005008274978
2024,2020-10-04,12.1876112865693
2024,2020-10-05,11.7552445384614
2024,2020-10-06,11.3138451944863
2024,2020-10-07,11.1671742569446
2024,2020-10-08,11.1360586574537
2024,2020-10-09,11.109492241215
2024,2020-10-10,11.2638830295125
2024,2020-10-11,11.4138345659248
2024,2020-10-12,11.4769682405148
2024,2020-10-13,11.5526812747925
2024,2020-10-14,11.5916132788077
2024,2020-10-15,11.5772803393984
2024,2020-10-16,11.4646718025293
2024,2020-10-17,11.3924173702194
2024,2020-10-18,11.3246519330328
2024,2020-10-19,11.2109422837259
2024,2020-10-20,11.0879770170018
2024,2020-10-21,10.9468944324603
2024,2020-10-22,10.8770701528221
2024,2020-10-23,10.7653358767556
2024,2020-10-24,10.5949829194323
2024,2020-10-25,10.5029109159545
2024,2020-10-26,10.5257707243789
2024,2020-10-27,10.6504848829945
2024,2020-10-28,10.7336007586315
2024,2020-10-29,10.7234509471972
2024,2020-10-30,10.7401427518772
2024,2020-10-31,10.7768440970536
2024,2020-11-01,10.8220555953786
2024,2020-11-02,10.8144594451338
2024,2020-11-03,10.7010907419979
2024,2020-11-04,10.4944984593338
2024,2020-11-05,10.1718501752539
2024,2020-11-06,9.8553889341454
2024,2020-11-07,9.58597973529045
2024,2020-11-08,9.38252699467567
2024,2020-11-09,9.21256366658353
2024,2020-11-10,8.92998877471691
2024,2020-11-11,8.64678554326544
2024,2020-11-12,8.3156993126076
2024,2020-11-13,7.96434142226266
2024,2020-11-14,7.61467376687158
2024,2020-11-15,7.31164720825709
2024,2020-11-16,6.98835890748191
2024,2020-11-17,6.67263734522743
2024,2020-11-18,6.44950419893517
2024,2020-11-19,6.19741037797883
2024,2020-11-20,5.88774308036439
2024,2020-11-21,5.48312157170618
2024,2020-11-22,5.04775617586247
2024,2020-11-23,4.6504386805376
2024,2020-11-24,4.30640465628072
2024,2020-11-25,4.02624003004864
2024,2020-11-26,3.80219618164389
2024,2020-11-27,3.5384774202735
2024,2020-11-28,3.32467232708972
2024,2020-11-29,3.09634944896165
2024,2020-11-30,2.83379135102069
2024,2020-12-01,2.63473823403364
2024,2020-12-02,2.477691848452
2024,2020-12-03,2.34405495800776
2024,2020-12-04,2.20051405938386
2024,2020-12-05,2.00632700630232
2024,2020-12-06,1.89322766051303
2024,2020-12-07,1.83827030249605
2024,2020-12-08,1.81262009732282
2024,2020-12-09,1.7763667150177
2024,2020-12-10,1.74450498188644
2024,2020-12-11,1.71070838899883
2024,2020-12-12,1.62073184724348
2024,2020-12-13,1.43250492910855
2024,2020-12-14,1.35645770684003
2024,2020-12-15,1.35044867140174
2024,2020-12-16,1.37791789733884
2024,2020-12-17,1.39248085957642
2024,2020-12-18,1.4583034256745
2024,2020-12-19,1.59353441673642
2024,2020-12-20,1.70358948594734
2024,2020-12-21,1.69754515694935
2024,2020-12-22,1.66097769439577
2024,2020-12-23,1.55546600286956
2024,2020-12-24,1.44330991327748
2024,2020-12-25,1.29950793952761
2024,2020-12-26,1.06043026994891
2024,2020-12-27,0.899755678685886
2024,2020-12-28,0.845426695539788
2024,2020-12-29,0.811792519538912
2024,2020-12-30,0.711595371400569
2024,2020-12-31,0.548565551339617
2025,2020-01-01,0.398736035504349
2025,2020-01-02,0.407621811330309
2025,2020-01-03,0.342101388830594
2025,2020-01-04,0.140174381987137
2025,2020-01-05,0.068993176641465
2025,2020-01-06,0.142805754689741
2025,2020-01-07,0.206485399440709
2025,2020-01-08,0.301363099005613
2025,2020-01-09,0.490073783895623
2025,2020-01-10,0.542373002612753
2025,2020-01-11,0.456899790847687
2025,2020-01-12,0.304302109343426
2025,2020-01-13,-0.0254434588042046
2025,2020-01-14,-0.344138947806128
2025,2020-01-15,-0.521440174863185
2025,2020-01-16,-0.643471771618318
2025,2020-01-17,-0.762765499671671
2025,2020-01-18,-0.844077731163839
2025,2020-01-19,-0.953297058760783
2025,2020-01-20,-1.01894073229376
2025,2020-01-21,-1.11136950737763
2025,2020-01-22,-1.15311314385025
2025,2020-01-23,-1.02900714213695
2025,2020-01-24,-0.885753399230769
2025,2020-01-25,-0.749147926179274
2025,2020-01-26,-0.566855050033735
2025,2020-01-27,-0.306596728744838
2025,2020-01-28,-0.0115514701332776
2025,2020-01-29,0.209226671152829
2025,2020-01-30,0.285999770952998
2025,2020-01-31,0.364454286350658
2025,2020-02-01,0.505720574275015
2025,2020-02-02,0.524702663592701
2025,2020-02-03,0.384751659784304
2025,2020-02-04,0.235340450292087
2025,2020-02-05,0.1265176683365
2025,2020-02-06,-0.0295388232675454
2025,2020-02-07,9.82311487559532e-05
2025,2020-02-08,0.117164775015813
2025,2020-02-09,0.253011410481653
2025,2020-02-10,0.438518174754286
2025,2020-02-11,0.64683935550174
2025,2020-02-12,0.722724289713249
2025,2020-02-13,0.768833709645164
2025,2020-02-14,0.779273154692758
2025,2020-02-15,0.757590736084431
2025,2020-02-16,0.721593885711183
2025,2020-02-17,0.662803374128332
2025,2020-02-18,0.606668361697888
2025,2020-02-19,0.546067004851038
2025,2020-02-20,0.486677819285797
2025,2020-02-21,0.478127766704887
2025,2020-02-22,0.432619008780654
2025,2020-02-23,0.379222336206806
2025,2020-02-24,0.390275557601672
2025,2020-02-25,0.377343620019985
2025,2020-02-26,0.427147131415582
2025,2020-02-27,0.496391020759504
2025,2020-02-28,0.547222746575186
2025,2020-03-01,0.601569362312839
2025,2020-03-02,0.687899218768794
2025,2020-03-03,0.815539049684258
2025,2020-03-04,1.01093552097961
2025,2020-03-05,1.22428344750365
2025,2020-03-06,1.49092506373741
2025,2020-03-07,1.74697394736529
2025,2020-03-08,2.0015616328064
2025,2020-03-09,2.29311606477335
2025,2020-03-10,2.54686038119752
2025,2020-03-11,2.73233253849895
2025,2020-03-12,2.96623768604703
2025,2020-03-13,3.13482478004189
2025,2020-03-14,3.28997980807177
2025,2020-03-15,3.50285213038615
2025,2020-03-16,3.69990704514922
2025,2020-03-17,3.85769717462123
2025,2020-03-18,3.96032882637015
2025,2020-03-19,4.18847639192052
2025,2020-03-20,4.41662480360565
2025,2020-03-21,4.62163018759925
2025,2020-03-22,4.86204050711498
2025,2020-03-23,5.11287653918888
2025,2020-03-24,5.21502817413793
2025,2020-03-25,5.34816548660467
2025,2020-03-26,5.46521058804253
2025,2020-03-27,5.58772805239901
2025,2020-03-28,5.71243011526877
2025,2020-03-29,5.87239220384213
2025,2020-03-30,6.0780845955541
2025,2020-03-31,6.17036123343531
2025,2020-04-01,6.23648095492967
2025,2020-04-02,6.32256237441397
2025,2020-04-03,6.39562369473524
2025,2020-04-04,6.47524320320985
2025,2020-04-05,6.53612206542095
2025,2020-04-06,6.29068091147703
2025,2020-04-07,6.1127213061552
2025,2020-04-08,6.05539448748507
2025,2020-04-09,5.98001000221886
2025,2020-04-10,6.04156027267037
2025,2020-04-11,6.31218601520945
2025,2020-04-12,6.63673479984789
2025,2020-04-13,6.95602437801025
2025,2020-04-14,7.39049374045305
2025,2020-04-15,7.88970157710506
2025,2020-04-16,8.34621494702488
2025,2020-04-17,8.68310044547514
2025,2020-04-18,8.72695131883196
2025,2020-04-19,8.80768559536369
2025,2020-04-20,8.92236971509791
2025,2020-04-21,9.09232938525947
2025,2020-04-22,9.27788292291543
2025,2020-04-23,9.48671312398915
2025,2020-04-24,9.61468812407962
2025,2020-04-25,9.69102667617526
2025,2020-04-26,9.80876840755264
2025,2020-04-27,9.89769937699914
2025,2020-04-28,10.1746225890412
2025,2020-04-29,10.4794593928701
2025,2020-04-30,10.7283263344478
2025,2020-05-01,10.9421038007577
2025,2020-05-02,11.2007539054677
2025,2020-05-03,11.4622439116601
2025,2020-05-04,11.8357919787949
2025,2020-05-05,11.9805256139893
2025,2020-05-06,12.0607017236059
2025,2020-05-07,12.1739632159318
2025,2020-05-08,12.1820048048772
2025,2020-05-09,12.0736681601413
2025,2020-05-10,11.9971293998159
2025,2020-05-11,11.9878355068793
2025,2020-05-12,11.911070463856
2025,2020-05-13,11.8251129462623
2025,2020-05-14,11.7290799576529
2025,2020-05-15,11.5854805519393
2025,2020-05-16,11.5573071539402
2025,2020-05-17,11.5128187515785
2025,2020-05-18,11.4186739782791
2025,2020-05-19,11.3961985324408
2025,2020-05-20,11.3914336380806
2025,2020-05-21,11.3934795527803
2025,2020-05-22,11.400154828645
2025,2020-05-23,11.4249587576418
2025,2020-05-24,11.4190413672915
2025,2020-05-25,11.4237979889757
2025,2020-05-26,11.457984490524
2025,2020-05-27,11.443476678583
2025,2020-05-28,11.4061093337454
2025,2020-05-29,11.3102435815708
2025,2020-05-30,11.257066971425
2025,2020-05-31,11.3377275881989
2025,2020-06-01,11.5465469915305
2025,2020-06-02,11.9262237476998
2025,2020-06-03,12.2703654563806
2025,2020-06-04,12.6616429405442
2025,2020-06-05,13.0342638881557
2025,2020-06-06,13.4505766053987
2025,2020-06-07,13.7266680050502
2025,2020-06-08,13.8355377716922
2025,2020-06-09,13.9509771457914
2025,2020-06-10,14.155185534115
2025,2020-06-11,14.3358920759683
2025,2020-06-12,14.579995916909
2025,2020-06-13,14.9708624045715
2025,2020-06-14,15.3311972913263
2025,2020-06-15,15.7258699527006
2025,2020-06-16,15.8779628465846
2025,2020-06-17,16.0183469921048
2025,2020-06-18,16.2096556622374
2025,2020-06-19,16.5787037506053
2025,2020-06-20,16.9324375244025
2025,2020-06-21,17.2423929764551
2025,2020-06-22,17.5919111456903
2025,2020-06-23,17.8599485196044
2025,2020-06-24,18.1394771611492
2025,2020-06-25,18.4940014105567
2025,2020-06-26,18.8385977386361
2025,2020-06-27,19.0162246928135
2025,2020-06-28,19.1015522791499
2025,2020-06-29,19.270643273513
2025,2020-06-30,19.4596957720832
2025,2020-07-01,19.6394145632683
2025,2020-07-02,19.771974605292
2025,2020-07-03,19.9362196910401
2025,2020-07-04,19.9382586956746
2025,2020-07-05,20.0408839487249
2025,2020-07-06,20.2647246210375
2025,2020-07-07,20.3301480919268
2025,2020-07-08,20.1636345402027
2025,2020-07-09,20.0214053024659
2025,2020-07-10,19.9315871993098
2025,2020-07-11,19.7931499571485
2025,2020-07-12,19.6772605389846
2025,2020-07-13,19.6035412723348
2025,2020-07-14,19.6923857527346
2025,2020-07-15,19.7651252020936
2025,2020-07-16,19.6893677088115
2025,2020-07-17,19.4813770593911
2025,2020-07-18,19.4208013467446
2025,2020-07-19,19.4760339886986
2025,2020-07-20,19.5384176411052
2025,2020-07-21,19.4590811482152
2025,2020-07-22,19.3491001598389
2025,2020-07-23,19.187272318714
2025,2020-07-24,19.0262401568802
2025,2020-07-25,18.9254012753828
2025,2020-07-26,18.7581960625012
2025,2020-07-27,18.5141569559976
2025,2020-07-28,18.247619338689
2025,2020-07-29,17.9909009754312
2025,2020-07-30,17.7040085899184
2025,2020-07-31,17.4696063983491
2025,2020-08-01,17.3555569494295
2025,2020-08-02,17.1587589391421
2025,2020-08-03,16.9542376817875
2025,2020-08-04,16.9062101434241
2025,2020-08-05,17.1187105823839
2025,2020-08-06,17.2262587282517
2025,2020-08-07,17.3353816161162
2025,2020-08-08,17.5663255588872
2025,2020-08-09,17.8042563052188
2025,2020-08-10,17.9603295771695
2025,2020-08-11,18.0057236795071
2025,2020-08-12,18.0675638157499
2025,2020-08-13,18.2908171558816
2025,2020-08-14,18.579776089885
2025,2020-08-15,18.7929727516868
2025,2020-08-16,18.8515892895256
2025,2020-08-17,18.7389848536583
2025,2020-08-18,18.700145420115
2025,2020-08-19,18.6942897467107
2025,2020-08-20,18.6844618605481
2025,2020-08-21,18.6410940907315
2025,2020-08-22,18.5888687701571
2025,2020-08-23,18.4748759675579
2025,2020-08-24,18.3584723601709
2025,2020-08-25,18.3310542779853
2025,2020-08-26,18.4083538658108
2025,2020-08-27,18.5331719337213
2025,2020-08-28,18.6744391618529
2025,2020-08-29,18.7614131507117
2025,2020-08-30,18.7924861369024
2025,2020-08-31,18.8379807533558
2025,2020-09-01,18.9357802223777
2025,2020-09-02,18.8433098347602
2025,2020-09-03,18.8511396708253
2025,2020-09-04,18.8675292275162
2025,2020-09-05,18.6582007614598
2025,2020-09-06,18.346276946657
2025,2020-09-07,18.0344567830628
2025,2020-09-08,17.8780874329681
2025,2020-09-09,17.7120248413949
2025,2020-09-10,17.4138240911767
2025,2020-09-11,17.1475985403927
2025,2020-09-12,16.8356847451222
2025,2020-09-13,16.6218125633132
2025,2020-09-14,16.4579181513905
2025,2020-09-15,16.4314303002064
2025,2020-09-16,16.291095378775
2025,2020-09-17,16.0948360054168
2025,2020-09-18,16.0689354637151
2025,2020-09-19,16.1172323960885
2025,2020-09-20,16.2986201731742
2025,2020-09-21,16.4997351507665
2025,2020-09-22,16.5627062654872
2025,2020-09-23,16.40455204258
2025,2020-09-24,16.109592743336
2025,2020-09-25,15.7573449940092
2025,2020-09-26,15.4884706680399
2025,2020-09-27,15.3394246407534
2025,2020-09-28,15.1808829181249
2025,2020-09-29,14.9089477093233
2025,2020-09-30,14.6310609993032
2025,2020-10-01,14.2707902471085
2025,2020-10-02,13.8261837294278
2025,2020-10-03,13.4545907102807
2025,2020-10-04,13.2113558976686
2025,2020-10-05,12.9589126823695
2025,2020-10-06,12.6524668468372
2025,2020-10-07,12.4115438128682
2025,2020-10-08,12.2666881997623
2025,2020-10-09,12.110356206104
2025,2020-10-10,11.9892811792947
2025,2020-10-11,11.8444797420325
2025,2020-10-12,11.702299891274
2025,2020-10-13,11.4449707917739
2025,2020-10-14,11.2500946380723
2025,2020-10-15,11.0971024926048
2025,2020-10-16,10.8204941807064
2025,2020-10-17,10.4870904989657
2025,2020-10-18,10.0745207328327
2025,2020-10-19,9.58323617158051
2025,2020-10-20,9.25270564213716
2025,2020-10-21,9.15198364387459
2025,2020-10-22,9.14589654212229
2025,2020-10-23,9.11692136956268
2025,2020-10-24,8.95144290881347
2025,2020-10-25,8.75386045319291
2025,2020-10-26,8.557739219494
2025,2020-10-27,8.38664845026502
2025,2020-10-28,8.37565967039664
2025,2020-10-29,8.44334856506298
2025,2020-10-30,8.56464831691587
2025,2020-10-31,8.68991543722503
2025,2020-11-01,8.79200867805325
2025,2020-11-02,8.86188628242508
2025,2020-11-03,8.82980263191546
2025,2020-11-04,8.67787988245075
2025,2020-11-05,8.48362450735947
2025,2020-11-06,8.27161377889482
2025,2020-11-07,8.06168921226785
2025,2020-11-08,7.82293399574782
2025,2020-11-09,7.65060979968401
2025,2020-11-10,7.50669337165736
2025,2020-11-11,7.36726198194226
2025,2020-11-12,7.19137750791541
2025,2020-11-13,7.06607559079302
2025,2020-11-14,6.95676330524861
2025,2020-11-15,6.92576106171376
2025,2020-11-16,6.97592999003328
2025,2020-11-17,6.88906532562964
2025,2020-11-18,6.54908227587959
2025,2020-11-19,6.12725276831701
2025,2020-11-20,5.77575152257006
2025,2020-11-21,5.50422301208114
2025,2020-11-22,5.17572922747966
2025,2020-11-23,4.78611752031034
2025,2020-11-24,4.58959230964292
2025,2020-11-25,4.35318543320845
2025,2020-11-26,4.07340404309992
2025,2020-11-27,3.7182449136958
2025,2020-11-28,3.29850239910958
2025,2020-11-29,2.89996473336416
2025,2020-11-30,2.58715486823646
2025,2020-12-01,2.43119618661002
2025,2020-12-02,2.27618316797496
2025,2020-12-03,2.12211002741883
2025,2020-12-04,1.97627098342694
2025,2020-12-05,1.87648920776707
2025,2020-12-06,1.78923448192609
2025,2020-12-07,1.71167853923134
2025,2020-12-08,1.7040063696096
2025,2020-12-09,1.68743535489525
2025,2020-12-10,1.65388470704833
2025,2020-12-11,1.60923178456662
2025,2020-12-12,1.49592796225736
2025,2020-12-13,1.30589101161239
2025,2020-12-14,1.06262612896639
2025,2020-12-15,0.846569781712635
2025,2020-12-16,0.846088213356452
2025,2020-12-17,0.955023506291954
2025,2020-12-18,1.02976402868748
2025,2020-12-19,1.12838111490673
2025,2020-12-20,1.27444870533616
2025,2020-12-21,1.45966596159147
2025,2020-12-22,1.50206781952151
2025,2020-12-23,1.48913242638895
2025,2020-12-24,1.42044348318877
2025,2020-12-25,1.38410331296414
2025,2020-12-26,1.43776897136716
2025,2020-12-27,1.43860548314128
2025,2020-12-28,1.3941637134515
2025,2020-12-29,1.24748219089691
2025,2020-12-30,1.12932732973018
2025,2020-12-31,0.941367047648149
2026,2020-01-01,0.81335564854255
2026,2020-01-02,0.700094405663775
2026,2020-01-03,0.546374650171226
2026,2020-01-04,0.259529644172615
2026,2020-01-05,-0.203796371913201
2026,2020-01-06,-0.590312178170108
2026,2020-01-07,-0.945193080523328
2026,2020-01-08,-1.2853181155477
2026,2020-01-09,-1.47297841638683
2026,2020-01-10,-1.6194408641223
2026,2020-01-11,-1.83019274935764
2026,2020-01-12,-1.98288541444575
2026,2020-01-13,-1.9891035768979
2026,2020-01-14,-2.07189645352062
2026,2020-01-15,-2.1632534391308
2026,2020-01-16,-2.25863197083293
2026,2020-01-17,-2.29412626403411
2026,2020-01-18,-2.33921615401689
2026,2020-01-19,-2.48121710808343
2026,2020-01-20,-2.67686507806346
2026,2020-01-21,-2.85916087461621
2026,2020-01-22,-3.03134877349176
2026,2020-01-23,-3.1412144530935
2026,2020-01-24,-3.19155839573982
2026,2020-01-25,-3.17547885618985
2026,2020-01-26,-3.09393934822289
2026,2020-01-27,-3.02147672663314
2026,2020-01-28,-2.85422416863522
2026,2020-01-29,-2.7513317401365
2026,2020-01-30,-2.73884899591701
2026,2020-01-31,-2.69703174282799
2026,2020-02-01,-2.59875060088838
2026,2020-02-02,-2.39432261023653
2026,2020-02-03,-2.16997533486338
2026,2020-02-04,-1.91959212591404
2026,2020-02-05,-1.6351066302034
2026,2020-02-06,-1.4281217714078
2026,2020-02-07,-1.18554915499187
2026,2020-02-08,-0.871621607043225
2026,2020-02-09,-0.625226441712019
2026,2020-02-10,-0.560198430037081
2026,2020-02-11,-0.409332270668502
2026,2020-02-12,-0.210021427551424
2026,2020-02-13,0.00844557975978432
2026,2020-02-14,0.11152740381869
2026,2020-02-15,0.0945586232893728
2026,2020-02-16,0.155458205558066
2026,2020-02-17,0.355223836491205
2026,2020-02-18,0.589488664783206
2026,2020-02-19,0.805158761351813
2026,2020-02-20,0.933144159502438
2026,2020-02-21,1.04335502953914
2026,2020-02-22,1.20582587380354
2026,2020-02-23,1.45628714736326
2026,2020-02-24,1.6572930285557
2026,2020-02-25,1.82294067403668
2026,2020-02-26,1.95239217307751
2026,2020-02-27,2.15625217966528
2026,2020-02-28,2.39192671656342
2026,2020-03-01,2.67374361887892
2026,2020-03-02,2.93384824343368
2026,2020-03-03,3.11294269836703
2026,2020-03-04,3.27148400987367
2026,2020-03-05,3.38394352073582
2026,2020-03-06,3.52449264882947
2026,2020-03-07,3.64282638960454
2026,2020-03-08,3.78620693206997
2026,2020-03-09,3.99453221316293
2026,2020-03-10,4.19816745159175
2026,2020-03-11,4.33195358348386
2026,2020-03-12,4.39186682422197
2026,2020-03-13,4.47185678726567
2026,2020-03-14,4.65080251908126
2026,2020-03-15,4.88639879956381
2026,2020-03-16,5.11334359115522
2026,2020-03-17,5.20927200061751
2026,2020-03-18,5.38053665465934
2026,2020-03-19,5.57600903215053
2026,2020-03-20,5.79607262162061
2026,2020-03-21,5.94500650324339
2026,2020-03-22,5.98574871829171
2026,2020-03-23,5.93251459312021
2026,2020-03-24,5.98565895777801
2026,2020-03-25,6.06198228953778
2026,2020-03-26,5.97810986071038
2026,2020-03-27,5.84763225805093
2026,2020-03-28,5.72751850395131
2026,2020-03-29,5.62701353020553
2026,2020-03-30,5.53079903688583
2026,2020-03-31,5.4506576302924
2026,2020-04-01,5.42630315902887
2026,2020-04-02,5.39965628604167
2026,2020-04-03,5.4240830027493
2026,2020-04-04,5.47700518162937
2026,2020-04-05,5.69864493199571
2026,2020-04-06,5.85045765284276
2026,2020-04-07,5.94000681384527
2026,2020-04-08,5.97071670804123
2026,2020-04-09,5.98715113234751
2026,2020-04-10,5.87800265244988
2026,2020-04-11,5.8796324069091
2026,2020-04-12,6.02930384064844
2026,2020-04-13,6.22827730424503
2026,2020-04-14,6.42593597422417
2026,2020-04-15,6.61401310791482
2026,2020-04-16,6.84369337191
2026,2020-04-17,7.10702701428732
2026,2020-04-18,7.3645194095248
2026,2020-04-19,7.55277727773606
2026,2020-04-20,7.64794110528699
2026,2020-04-21,7.62255748517137
2026,2020-04-22,7.61720399129439
2026,2020-04-23,7.89570182526216
2026,2020-04-24,8.26260764393182
2026,2020-04-25,8.64606098493522
2026,2020-04-26,8.95991670814551
2026,2020-04-27,9.2579727659392
2026,2020-04-28,9.58318439664239
2026,2020-04-29,9.77349770783492
2026,2020-04-30,9.86873332990365
2026,2020-05-01,9.9848255930224
2026,2020-05-02,10.1856866589615
2026,2020-05-03,10.2833089255811
2026,2020-05-04,10.4695139222645
2026,2020-05-05,10.6654800870232
2026,2020-05-06,10.9067646495129
2026,2020-05-07,11.0985095016257
2026,2020-05-08,11.4028411765737
2026,2020-05-09,11.5866239831097
2026,2020-05-10,11.7514954139738
2026,2020-05-11,11.8532459390596
2026,2020-05-12,11.7710304685417
2026,2020-05-13,11.7052004581562
2026,2020-05-14,11.5813064156743
2026,2020-05-15,11.4145419208219
2026,2020-05-16,11.2496960890284
2026,2020-05-17,11.1875121144234
2026,2020-05-18,11.259805186775
2026,2020-05-19,11.4804351068004
2026,2020-05-20,11.7127750692845
2026,2020-05-21,11.8897029112172
2026,2020-05-22,12.0304375092605
2026,2020-05-23,12.1993030166577
2026,2020-05-24,12.4867962944219
2026,2020-05-25,12.8435829007432
2026,2020-05-26,13.195070650646
2026,2020-05-27,13.618850738315
2026,2020-05-28,14.0094545191229
2026,2020-05-29,14.2681340883053
2026,2020-05-30,14.4211644478875
2026,2020-05-31,14.4875194015118
2026,2020-06-01,14.4299431879394
2026,2020-06-02,14.4788909711532
2026,2020-06-03,14.4223084966742
2026,2020-06-04,14.5538935213638
2026,2020-06-05,14.5472725873665
2026,2020-06-06,14.6312212333932
2026,2020-06-07,14.7653538606138
2026,2020-06-08,14.9729646206139
2026,2020-06-09,15.3300834672188
2026,2020-06-10,15.437838959419
2026,2020-06-11,15.5568607015339
2026,2020-06-12,15.7317122883571
2026,2020-06-13,16.1102986403468
2026,2020-06-14,16.3793176031684
2026,2020-06-15,16.5582608939928
2026,2020-06-16,16.7198681522801
2026,2020-06-17,16.9423529055442
2026,2020-06-18,17.1989777319319
2026,2020-06-19,17.4682764460822
2026,2020-06-20,17.6591233702804
2026,2020-06-21,17.7964869942042
2026,2020-06-22,17.8712402227009
2026,2020-06-23,17.9155123311858
2026,2020-06-24,17.9935744327271
2026,2020-06-25,18.2119084942715
2026,2020-06-26,18.4862022782158
2026,2020-06-27,18.7838653701496
2026,2020-06-28,19.1073786960131
2026,2020-06-29,19.4616122169295
2026,2020-06-30,19.7200119662466
2026,2020-07-01,19.9607561119851
2026,2020-07-02,20.0831516578302
2026,2020-07-03,20.3249082613512
2026,2020-07-04,20.4512807801205
2026,2020-07-05,20.4728092471315
2026,2020-07-06,20.4557284641269
2026,2020-07-07,20.6702605185579
2026,2020-07-08,20.9424326645223
2026,2020-07-09,21.2201486455913
2026,2020-07-10,21.5019853718698
2026,2020-07-11,21.6190150690203
2026,2020-07-12,21.7590112810691
2026,2020-07-13,22.0014524229045
2026,2020-07-14,22.1764892614969
2026,2020-07-15,22.2266707261194
2026,2020-07-16,22.2404425124577
2026,2020-07-17,22.1923057083591
2026,2020-07-18,22.102778077068
2026,2020-07-19,21.8738385510531
2026,2020-07-20,21.6519583356121
2026,2020-07-21,21.42417700478
2026,2020-07-22,21.2015547825693
2026,2020-07-23,20.9277893850262
2026,2020-07-24,20.6088062484192
2026,2020-07-25,20.3537929448965
2026,2020-07-26,20.1062140996499
2026,2020-07-27,19.9016603484071
2026,2020-07-28,19.7855917639811
2026,2020-07-29,19.9079824940033
2026,2020-07-30,20.1312678514974
2026,2020-07-31,20.3643391750554
2026,2020-08-01,20.543707349454
2026,2020-08-02,20.7086915928224
2026,2020-08-03,20.9626181318496
2026,2020-08-04,21.1233458984217
2026,2020-08-05,21.3813370845018
2026,2020-08-06,21.5539255961669
2026,2020-08-07,21.5979211956759
2026,2020-08-08,21.5892038003589
2026,2020-08-09,21.6563054665461
2026,2020-08-10,21.7136631833579
2026,2020-08-11,21.7639848448524
2026,2020-08-12,21.749743564644
2026,2020-08-13,21.6856460934447
2026,2020-08-14,21.6545639221547
2026,2020-08-15,21.740296769363
2026,2020-08-16,21.930580568497
2026,2020-08-17,21.9902730485175
2026,2020-08-18,21.9980858758498
2026,2020-08-19,22.1427277435665
2026,2020-08-20,22.301944330018
2026,2020-08-21,22.3768796997441
2026,2020-08-22,22.2667143522341
2026,2020-08-23,22.1517764738751
2026,2020-08-24,22.0975943220896
2026,2020-08-25,21.9596691761103
2026,2020-08-26,21.8084482470872
2026,2020-08-27,21.6581711175946
2026,2020-08-28,21.5353347212268
2026,2020-08-29,21.3459196992981
2026,2020-08-30,21.246572676455
2026,2020-08-31,21.03749701553
2026,2020-09-01,20.7180896751442
2026,2020-09-02,20.4264193949328
2026,2020-09-03,20.2666322620568
2026,2020-09-04,20.2823061407629
2026,2020-09-05,20.1949258039888
2026,2020-09-06,20.0216855279856
2026,2020-09-07,19.8357396924004
2026,2020-09-08,19.7897008747964
2026,2020-09-09,19.6934982979647
2026,2020-09-10,19.4234087772361
2026,2020-09-11,19.0938627357283
2026,2020-09-12,18.767119864208
2026,2020-09-13,18.4978008894615
2026,2020-09-14,18.379765537244
2026,2020-09-15,18.3507500914675
2026,2020-09-16,18.2049852308585
2026,2020-09-17,17.9482799658046
2026,2020-09-18,17.7883644921709
2026,2020-09-19,17.746929531316
2026,2020-09-20,17.7512727979003
2026,2020-09-21,17.5820120684908
2026,2020-09-22,17.3654648346727
2026,2020-09-23,17.0600471439246
2026,2020-09-24,16.6523282108604
2026,2020-09-25,16.2372250909056
avg40-60,2020-01-01,-2.20147534099753
avg40-60,2020-01-02,-2.29485116027582
avg40-60,2020-01-03,-2.37115872609986
avg40-60,2020-01-04,-2.46861588838644
avg40-60,2020-01-05,-2.59202891936465
avg40-60,2020-01-06,-2.70178795347987
avg40-60,2020-01-07,-2.79945298324343
avg40-60,2020-01-08,-2.88888644412715
avg40-60,2020-01-09,-3.00280664789918
avg40-60,2020-01-10,-3.13795121373285
avg40-60,2020-01-11,-3.23524425521401
avg40-60,2020-01-12,-3.29512423387136
avg40-60,2020-01-13,-3.33305509596586
avg40-60,2020-01-14,-3.35975462674329
avg40-60,2020-01-15,-3.37682356255759
avg40-60,2020-01-16,-3.38042934418508
avg40-60,2020-01-17,-3.42431700820438
avg40-60,2020-01-18,-3.47586520020548
avg40-60,2020-01-19,-3.51706619204722
avg40-60,2020-01-20,-3.55935477905866
avg40-60,2020-01-21,-3.62594308450117
avg40-60,2020-01-22,-3.70034815446227
avg40-60,2020-01-23,-3.78447476516564
avg40-60,2020-01-24,-3.86768854134325
avg40-60,2020-01-25,-3.95305264409382
avg40-60,2020-01-26,-4.04665249060613
avg40-60,2020-01-27,-4.13327999228335
avg40-60,2020-01-28,-4.46840460850804
avg40-60,2020-01-29,-4.50776281784483
avg40-60,2020-01-30,-4.54672453255432
avg40-60,2020-01-31,-4.58076004330659
avg40-60,2020-02-01,-4.58414292227226
avg40-60,2020-02-02,-4.5659843221552
avg40-60,2020-02-03,-4.5614740664444
avg40-60,2020-02-04,-4.54566702387681
avg40-60,2020-02-05,-4.51903607155487
avg40-60,2020-02-06,-4.47364131766936
avg40-60,2020-02-07,-4.42709277529715
avg40-60,2020-02-08,-4.35488867299035
avg40-60,2020-02-09,-4.28544589238587
avg40-60,2020-02-10,-4.24362982793538
avg40-60,2020-02-11,-4.18103642204623
avg40-60,2020-02-12,-4.11928699415321
avg40-60,2020-02-13,-4.07669353552064
avg40-60,2020-02-14,-4.01045461543594
avg40-60,2020-02-15,-3.91005795513131
avg40-60,2020-02-16,-3.80561202685495
avg40-60,2020-02-17,-3.74117557354503
avg40-60,2020-02-18,-3.66669349350325
avg40-60,2020-02-19,-3.57509198447517
avg40-60,2020-02-20,-3.45505116301725
avg40-60,2020-02-21,-3.34622955230612
avg40-60,2020-02-22,-3.24648904686821
avg40-60,2020-02-23,-3.13065039169049
avg40-60,2020-02-24,-2.97462309042981
avg40-60,2020-02-25,-2.83338974385688
avg40-60,2020-02-26,-2.67421045895017
avg40-60,2020-02-27,-2.53736244136616
avg40-60,2020-02-28,-2.38642935600226
avg40-60,2020-02-29,-2.28170862677561
avg40-60,2020-03-01,-2.17698789754895
avg40-60,2020-03-02,-2.05547102758538
avg40-60,2020-03-03,-1.92395468834977
avg40-60,2020-03-04,-1.79696766478925
avg40-60,2020-03-05,-1.68331835725964
avg40-60,2020-03-06,-1.57104286402059
avg40-60,2020-03-07,-1.45095838966753
avg40-60,2020-03-08,-1.35347775928823
avg40-60,2020-03-09,-1.25442926051206
avg40-60,2020-03-10,-1.14932984836828
avg40-60,2020-03-11,-1.06348203664418
avg40-60,2020-03-12,-0.953585138027728
avg40-60,2020-03-13,-0.833056337705243
avg40-60,2020-03-14,-0.690198592831237
avg40-60,2020-03-15,-0.561839176994828
avg40-60,2020-03-16,-0.394465123653415
avg40-60,2020-03-17,-0.197640944908978
avg40-60,2020-03-18,-0.0092495562052843
avg40-60,2020-03-19,0.181296897980531
avg40-60,2020-03-20,0.365819839450079
avg40-60,2020-03-21,0.547319259926138
avg40-60,2020-03-22,0.754743212764302
avg40-60,2020-03-23,0.956670739291254
avg40-60,2020-03-24,1.14276203731647
avg40-60,2020-03-25,1.33798447562956
avg40-60,2020-03-26,1.54134611464655
avg40-60,2020-03-27,1.72900656780759
avg40-60,2020-03-28,1.88224438300305
avg40-60,2020-03-29,2.05066473955162
avg40-60,2020-03-30,2.23631179937546
avg40-60,2020-03-31,2.4440219705659
avg40-60,2020-04-01,2.6300692848199
avg40-60,2020-04-02,2.80141077783935
avg40-60,2020-04-03,3.01264826928728
avg40-60,2020-04-04,3.2517709966885
avg40-60,2020-04-05,3.50604797811913
avg40-60,2020-04-06,3.72802330115256
avg40-60,2020-04-07,3.90451130633706
avg40-60,2020-04-08,4.06636245528481
avg40-60,2020-04-09,4.24127190652546
avg40-60,2020-04-10,4.39317804485612
avg40-60,2020-04-11,4.51946065888986
avg40-60,2020-04-12,4.67505735243671
avg40-60,2020-04-13,4.84164051454364
avg40-60,2020-04-14,5.02571104893794
avg40-60,2020-04-15,5.21155139691614
avg40-60,2020-04-16,5.39093777731761
avg40-60,2020-04-17,5.58561691725361
avg40-60,2020-04-18,5.77488276667442
avg40-60,2020-04-19,5.93900664564697
avg40-60,2020-04-20,6.09211020617756
avg40-60,2020-04-21,6.23891734945494
avg40-60,2020-04-22,6.37025342331432
avg40-60,2020-04-23,6.48138811305211
avg40-60,2020-04-24,6.60812634531408
avg40-60,2020-04-25,6.7336502319585
avg40-60,2020-04-26,6.86680100351978
avg40-60,2020-04-27,6.99011414722264
avg40-60,2020-04-28,7.11414531802974
avg40-60,2020-04-29,7.23673213797833
avg40-60,2020-04-30,7.36905401422303
avg40-60,2020-05-01,7.47239997975362
avg40-60,2020-05-02,7.58463103099943
avg40-60,2020-05-03,7.6860636822284
avg40-60,2020-05-04,7.80506351403799
avg40-60,2020-05-05,7.9671795590571
avg40-60,2020-05-06,8.15300776760366
avg40-60,2020-05-07,8.32962055205698
avg40-60,2020-05-08,8.51803748805664
avg40-60,2020-05-09,8.72016020991612
avg40-60,2020-05-10,8.91595197400639
avg40-60,2020-05-11,9.07468209656316
avg40-60,2020-05-12,9.21373847670055
avg40-60,2020-05-13,9.35719791145512
avg40-60,2020-05-14,9.51697758425622
avg40-60,2020-05-15,9.64683846892651
avg40-60,2020-05-16,9.75546726346679
avg40-60,2020-05-17,9.87799676967862
avg40-60,2020-05-18,10.0269369741776
avg40-60,2020-05-19,10.1722442368221
avg40-60,2020-05-20,10.2957731296911
avg40-60,2020-05-21,10.441539275653
avg40-60,2020-05-22,10.5587102754493
avg40-60,2020-05-23,10.7089848963485
avg40-60,2020-05-24,10.8785177326125
avg40-60,2020-05-25,11.0645940516773
avg40-60,2020-05-26,11.2422080026406
avg40-60,2020-05-27,11.4245769365075
avg40-60,2020-05-28,11.6073028701091
avg40-60,2020-05-29,11.7890229609791
avg40-60,2020-05-30,11.9169492444346
avg40-60,2020-05-31,12.0461714705877
avg40-60,2020-06-01,12.1858168819744
avg40-60,2020-06-02,12.3280005524259
avg40-60,2020-06-03,12.4560755057068
avg40-60,2020-06-04,12.5942569877569
avg40-60,2020-06-05,12.7581931733034
avg40-60,2020-06-06,12.9263833004965
avg40-60,2020-06-07,13.082368249819
avg40-60,2020-06-08,13.2519153282512
avg40-60,2020-06-09,13.4008388736429
avg40-60,2020-06-10,13.5244361753527
avg40-60,2020-06-11,13.6020953683308
avg40-60,2020-06-12,13.6972936014746
avg40-60,2020-06-13,13.8269260705211
avg40-60,2020-06-14,13.9351256904282
avg40-60,2020-06-15,14.0171030906245
avg40-60,2020-06-16,14.0904255181653
avg40-60,2020-06-17,14.19533445413
avg40-60,2020-06-18,14.3024808724703
avg40-60,2020-06-19,14.4525097721619
avg40-60,2020-06-20,14.5901317487268
avg40-60,2020-06-21,14.7026853404153
avg40-60,2020-06-22,14.79093227015
avg40-60,2020-06-23,14.8585930309776
avg40-60,2020-06-24,14.9340750753627
avg40-60,2020-06-25,14.9879978823118
avg40-60,2020-06-26,15.0462560207592
avg40-60,2020-06-27,15.1202585223505
avg40-60,2020-06-28,15.1871307281185
avg40-60,2020-06-29,15.2559785115962
avg40-60,2020-06-30,15.3391156258436
avg40-60,2020-07-01,15.4357818510563
avg40-60,2020-07-02,15.5273555549857
avg40-60,2020-07-03,15.6040563773477
avg40-60,2020-07-04,15.6783485080219
avg40-60,2020-07-05,15.7531449337159
avg40-60,2020-07-06,15.7983215826402
avg40-60,2020-07-07,15.8643771195352
avg40-60,2020-07-08,15.9458951670111
avg40-60,2020-07-09,16.0298295402139
avg40-60,2020-07-10,16.106302169261
avg40-60,2020-07-11,16.1671946718703
avg40-60,2020-07-12,16.2437023910362
avg40-60,2020-07-13,16.3266273510714
avg40-60,2020-07-14,16.4349136442622
avg40-60,2020-07-15,16.5245704458687
avg40-60,2020-07-16,16.5657529838221
avg40-60,2020-07-17,16.5838523808171
avg40-60,2020-07-18,16.6163891967766
avg40-60,2020-07-19,16.6359706130473
avg40-60,2020-07-20,16.6700405760217
avg40-60,2020-07-21,16.712941306823
avg40-60,2020-07-22,16.7696604947451
avg40-60,2020-07-23,16.8187421158653
avg40-60,2020-07-24,16.8505182479402
avg40-60,2020-07-25,16.9126112369109
avg40-60,2020-07-26,17.0287669112538
avg40-60,2020-07-27,17.1402664883669
avg40-60,2020-07-28,17.2023950470777
avg40-60,2020-07-29,17.2276140785379
avg40-60,2020-07-30,17.2473002089008
avg40-60,2020-07-31,17.2463643080792
avg40-60,2020-08-01,17.2389447854541
avg40-60,2020-08-02,17.2461124990997
avg40-60,2020-08-03,17.2403690330215
avg40-60,2020-08-04,17.2195389075918
avg40-60,2020-08-05,17.2107505172644
avg40-60,2020-08-06,17.2239924015836
avg40-60,2020-08-07,17.2390850669131
avg40-60,2020-08-08,17.245492061784
avg40-60,2020-08-09,17.2620944636137
avg40-60,2020-08-10,17.2725593108449
avg40-60,2020-08-11,17.268630924498
avg40-60,2020-08-12,17.2519862690815
avg40-60,2020-08-13,17.2478082592203
avg40-60,2020-08-14,17.2540866582055
avg40-60,2020-08-15,17.2443407560014
avg40-60,2020-08-16,17.2291344412111
avg40-60,2020-08-17,17.2082043542651
avg40-60,2020-08-18,17.203724136717
avg40-60,2020-08-19,17.1903154271811
avg40-60,2020-08-20,17.185263721538
avg40-60,2020-08-21,17.1833671450717
avg40-60,2020-08-22,17.1398425491447
avg40-60,2020-08-23,17.0500861272738
avg40-60,2020-08-24,16.9606075705923
avg40-60,2020-08-25,16.9114616238227
avg40-60,2020-08-26,16.9001131570882
avg40-60,2020-08-27,16.8828360011599
avg40-60,2020-08-28,16.8719090961458
avg40-60,2020-08-29,16.8304492980255
avg40-60,2020-08-30,16.7652016140129
avg40-60,2020-08-31,16.7140363193229
avg40-60,2020-09-01,16.6701564794643
avg40-60,2020-09-02,16.6264243521433
avg40-60,2020-09-03,16.5708627272098
avg40-60,2020-09-04,16.5052855137598
avg40-60,2020-09-05,16.4564073131752
avg40-60,2020-09-06,16.3995988435933
avg40-60,2020-09-07,16.3282037225993
avg40-60,2020-09-08,16.2308596943718
avg40-60,2020-09-09,16.1381127441501
avg40-60,2020-09-10,16.0604049941373
avg40-60,2020-09-11,15.9714421367116
avg40-60,2020-09-12,15.8742491790775
avg40-60,2020-09-13,15.7729917244425
avg40-60,2020-09-14,15.677991852193
avg40-60,2020-09-15,15.5586599903692
avg40-60,2020-09-16,15.4294925398399
avg40-60,2020-09-17,15.3216824071477
avg40-60,2020-09-18,15.2173673749695
avg40-60,2020-09-19,15.1198587531564
avg40-60,2020-09-20,15.013603686512
avg40-60,2020-09-21,14.8851942874593
avg40-60,2020-09-22,14.734880101756
avg40-60,2020-09-23,14.5691051266537
avg40-60,2020-09-24,14.4219121412769
avg40-60,2020-09-25,14.2752707654315
avg40-60,2020-09-26,14.1293458817037
avg40-60,2020-09-27,13.9772237331482
avg40-60,2020-09-28,13.8185867474306
avg40-60,2020-09-29,13.638100350022
avg40-60,2020-09-30,13.4428895160335
avg40-60,2020-10-01,13.2746649715438
avg40-60,2020-10-02,13.1147049745828
avg40-60,2020-10-03,12.9317011656453
avg40-60,2020-10-04,12.7320496969467
avg40-60,2020-10-05,12.5260109439569
avg40-60,2020-10-06,12.329692305008
avg40-60,2020-10-07,12.1383770676061
avg40-60,2020-10-08,11.941480676819
avg40-60,2020-10-09,11.7438503550505
avg40-60,2020-10-10,11.546936058882
avg40-60,2020-10-11,11.367068869189
avg40-60,2020-10-12,11.1661084258944
avg40-60,2020-10-13,10.9594069440416
avg40-60,2020-10-14,10.7637792924154
avg40-60,2020-10-15,10.5635683477552
avg40-60,2020-10-16,10.3625550485517
avg40-60,2020-10-17,10.1662703807589
avg40-60,2020-10-18,9.99116891428967
avg40-60,2020-10-19,9.82196493338977
avg40-60,2020-10-20,9.6574650638565
avg40-60,2020-10-21,9.49984072689384
avg40-60,2020-10-22,9.32511104248893
avg40-60,2020-10-23,9.12767093767673
avg40-60,2020-10-24,8.95164538115783
avg40-60,2020-10-25,8.7876457617378
avg40-60,2020-10-26,8.61567951757038
avg40-60,2020-10-27,8.44863639466911
avg40-60,2020-10-28,8.27854345529484
avg40-60,2020-10-29,8.08274637063734
avg40-60,2020-10-30,7.86739428236504
avg40-60,2020-10-31,7.64526704953661
avg40-60,2020-11-01,7.43476597206832
avg40-60,2020-11-02,7.2479122660051
avg40-60,2020-11-03,7.06352058577846
avg40-60,2020-11-04,6.89334158972441
avg40-60,2020-11-05,6.72420543776308
avg40-60,2020-11-06,6.55505278810577
avg40-60,2020-11-07,6.38853025798674
avg40-60,2020-11-08,6.19848238647121
avg40-60,2020-11-09,6.00065413306507
avg40-60,2020-11-10,5.80910345198936
avg40-60,2020-11-11,5.62665351677413
avg40-60,2020-11-12,5.45256344742772
avg40-60,2020-11-13,5.287107940177
avg40-60,2020-11-14,5.10430221436102
avg40-60,2020-11-15,4.88801624561784
avg40-60,2020-11-16,4.6587706959515
avg40-60,2020-11-17,4.42015619733768
avg40-60,2020-11-18,4.17102181141616
avg40-60,2020-11-19,3.9364137045253
avg40-60,2020-11-20,3.73791822387074
avg40-60,2020-11-21,3.54329525325888
avg40-60,2020-11-22,3.33752194016071
avg40-60,2020-11-23,3.16079933271091
avg40-60,2020-11-24,2.97589901623087
avg40-60,2020-11-25,2.78143380308321
avg40-60,2020-11-26,2.59377786393475
avg40-60,2020-11-27,2.42957075925681
avg40-60,2020-11-28,2.28949214601171
avg40-60,2020-11-29,2.15842902915844
avg40-60,2020-11-30,2.00379036347948
avg40-60,2020-12-01,1.83672564747835
avg40-60,2020-12-02,1.64360846377617
avg40-60,2020-12-03,1.47234795089503
avg40-60,2020-12-04,1.33057541904699
avg40-60,2020-12-05,1.17301548318851
avg40-60,2020-12-06,1.03643993847425
avg40-60,2020-12-07,0.918997175677353
avg40-60,2020-12-08,0.806049649575832
avg40-60,2020-12-09,0.6822155314561
avg40-60,2020-12-10,0.544193964792133
avg40-60,2020-12-11,0.398398638862517
avg40-60,2020-12-12,0.266558089454027
avg40-60,2020-12-13,0.165701654099789
avg40-60,2020-12-14,0.065725833062888
avg40-60,2020-12-15,-0.0449613199192007
avg40-60,2020-12-16,-0.159965692485777
avg40-60,2020-12-17,-0.307817555333914
avg40-60,2020-12-18,-0.468647455759084
avg40-60,2020-12-19,-0.650559206876866
avg40-60,2020-12-20,-0.799693454510151
avg40-60,2020-12-21,-0.954494372413128
avg40-60,2020-12-22,-1.09476364519341
avg40-60,2020-12-23,-1.21196975286557
avg40-60,2020-12-24,-1.31491310573492
avg40-60,2020-12-25,-1.42684793973008
avg40-60,2020-12-26,-1.55722993641251
avg40-60,2020-12-27,-1.68995557191406
avg40-60,2020-12-28,-1.78117052097639
avg40-60,2020-12-29,-1.84738864299339
avg40-60,2020-12-30,-1.90528679410057
avg40-60,2020-12-31,-1.99833363692271
avg60-90,2020-01-01,-1.91824013073427
avg60-90,2020-01-02,-1.96692912092546
avg60-90,2020-01-03,-2.01605465486903
avg60-90,2020-01-04,-2.09286730191881
avg60-90,2020-01-05,-2.16208763785939
avg60-90,2020-01-06,-2.21655245157043
avg60-90,2020-01-07,-2.31633373571296
avg60-90,2020-01-08,-2.44873162656415
avg60-90,2020-01-09,-2.5557479316524
avg60-90,2020-01-10,-2.65328378767
avg60-90,2020-01-11,-2.74336625750311
avg60-90,2020-01-12,-2.82772118555765
avg60-90,2020-01-13,-2.95026130064477
avg60-90,2020-01-14,-3.03495178819259
avg60-90,2020-01-15,-3.08667668409018
avg60-90,2020-01-16,-3.13780925753607
avg60-90,2020-01-17,-3.18793222484234
avg60-90,2020-01-18,-3.25830247001926
avg60-90,2020-01-19,-3.32358753401384
avg60-90,2020-01-20,-3.35571495827525
avg60-90,2020-01-21,-3.39121375973839
avg60-90,2020-01-22,-3.40618099121153
avg60-90,2020-01-23,-3.37771037604096
avg60-90,2020-01-24,-3.34765145574448
avg60-90,2020-01-25,-3.32434369284235
avg60-90,2020-01-26,-3.30950040673838
avg60-90,2020-01-27,-3.28634356769254
avg60-90,2020-01-28,-3.2511683253404
avg60-90,2020-01-29,-3.2319315567584
avg60-90,2020-01-30,-3.22705514770643
avg60-90,2020-01-31,-3.19697039863403
avg60-90,2020-02-01,-3.13554866923027
avg60-90,2020-02-02,-3.06055167650605
avg60-90,2020-02-03,-2.97914053098621
avg60-90,2020-02-04,-2.8675373045236
avg60-90,2020-02-05,-2.74595019378337
avg60-90,2020-02-06,-2.60472807280385
avg60-90,2020-02-07,-2.4499431206892
avg60-90,2020-02-08,-2.31435296771949
avg60-90,2020-02-09,-2.17391806994289
avg60-90,2020-02-10,-2.02719752726989
avg60-90,2020-02-11,-1.92113919484869
avg60-90,2020-02-12,-1.86140752493153
avg60-90,2020-02-13,-1.79535445641826
avg60-90,2020-02-14,-1.72695745275246
avg60-90,2020-02-15,-1.65533108327548
avg60-90,2020-02-16,-1.59885325402431
avg60-90,2020-02-17,-1.54556113669844
avg60-90,2020-02-18,-1.47511355395674
avg60-90,2020-02-19,-1.3943783376156
avg60-90,2020-02-20,-1.3457194303438
avg60-90,2020-02-21,-1.31930178733373
avg60-90,2020-02-22,-1.28995228157663
avg60-90,2020-02-23,-1.26631706297847
avg60-90,2020-02-24,-1.22462396847186
avg60-90,2020-02-25,-1.17979676773682
avg60-90,2020-02-26,-1.13167801932542
avg60-90,2020-02-27,-1.09029835344498
avg60-90,2020-02-28,-1.07138427021692
avg60-90,2020-02-29,-1.04287771274182
avg60-90,2020-03-01,-1.01437115526672
avg60-90,2020-03-02,-0.963191671676387
avg60-90,2020-03-03,-0.918805728363887
avg60-90,2020-03-04,-0.864848359347478
avg60-90,2020-03-05,-0.800501216950671
avg60-90,2020-03-06,-0.740922438842127
avg60-90,2020-03-07,-0.687060586397793
avg60-90,2020-03-08,-0.639296478908061
avg60-90,2020-03-09,-0.571778387455443
avg60-90,2020-03-10,-0.471405921561198
avg60-90,2020-03-11,-0.348654934031696
avg60-90,2020-03-12,-0.225939172061213
avg60-90,2020-03-13,-0.108918881572812
avg60-90,2020-03-14,0.0196821020937013
avg60-90,2020-03-15,0.171262824863023
avg60-90,2020-03-16,0.339798412816673
avg60-90,2020-03-17,0.498797372967629
avg60-90,2020-03-18,0.651503613836901
avg60-90,2020-03-19,0.776376957803815
avg60-90,2020-03-20,0.899990075320077
avg60-90,2020-03-21,1.0505151284272
avg60-90,2020-03-22,1.20235853285164
avg60-90,2020-03-23,1.36416625508765
avg60-90,2020-03-24,1.54125687700832
avg60-90,2020-03-25,1.72286122837582
avg60-90,2020-03-26,1.92229390326033
avg60-90,2020-03-27,2.14105568620564
avg60-90,2020-03-28,2.35781386494061
avg60-90,2020-03-29,2.53352730908012
avg60-90,2020-03-30,2.71668726950234
avg60-90,2020-03-31,2.92462442472031
avg60-90,2020-04-01,3.13034448124886
avg60-90,2020-04-02,3.32516939760665
avg60-90,2020-04-03,3.50896754735715
avg60-90,2020-04-04,3.68859336971525
avg60-90,2020-04-05,3.8741282348127
avg60-90,2020-04-06,4.06088233577381
avg60-90,2020-04-07,4.2418066407426
avg60-90,2020-04-08,4.41712237264039
avg60-90,2020-04-09,4.57972299587473
avg60-90,2020-04-10,4.7415639899344
avg60-90,2020-04-11,4.89288824474371
avg60-90,2020-04-12,5.02738959968095
avg60-90,2020-04-13,5.15403856948759
avg60-90,2020-04-14,5.26889489429612
avg60-90,2020-04-15,5.39501917783836
avg60-90,2020-04-16,5.55212351976799
avg60-90,2020-04-17,5.70271114747922
avg60-90,2020-04-18,5.83643489442472
avg60-90,2020-04-19,5.96746788109678
avg60-90,2020-04-20,6.11650228546152
avg60-90,2020-04-21,6.2580280562379
avg60-90,2020-04-22,6.38794971078637
avg60-90,2020-04-23,6.50846206477228
avg60-90,2020-04-24,6.60656066229099
avg60-90,2020-04-25,6.70041164273773
avg60-90,2020-04-26,6.81957549988687
avg60-90,2020-04-27,6.91848314596831
avg60-90,2020-04-28,6.97760309429047
avg60-90,2020-04-29,7.05708149920362
avg60-90,2020-04-30,7.16103805003133
avg60-90,2020-05-01,7.28540658859036
avg60-90,2020-05-02,7.42816908432788
avg60-90,2020-05-03,7.55890798607499
avg60-90,2020-05-04,7.68229948770857
avg60-90,2020-05-05,7.82459091787483
avg60-90,2020-05-06,7.97229576850492
avg60-90,2020-05-07,8.1347127378731
avg60-90,2020-05-08,8.27782036817434
avg60-90,2020-05-09,8.43329098724667
avg60-90,2020-05-10,8.60879169198105
avg60-90,2020-05-11,8.78298223383664
avg60-90,2020-05-12,8.97887563323619
avg60-90,2020-05-13,9.16846829461232
avg60-90,2020-05-14,9.34849198469483
avg60-90,2020-05-15,9.5384957853475
avg60-90,2020-05-16,9.72975607448769
avg60-90,2020-05-17,9.92134899343086
avg60-90,2020-05-18,10.1091866326117
avg60-90,2020-05-19,10.2839151118779
avg60-90,2020-05-20,10.4413495753316
avg60-90,2020-05-21,10.5799984877677
avg60-90,2020-05-22,10.7241280341327
avg60-90,2020-05-23,10.8634878879247
avg60-90,2020-05-24,11.0030165663725
avg60-90,2020-05-25,11.1709497577696
avg60-90,2020-05-26,11.3711535683572
avg60-90,2020-05-27,11.5454197709259
avg60-90,2020-05-28,11.6887161662543
avg60-90,2020-05-29,11.8138971183105
avg60-90,2020-05-30,11.9209985645287
avg60-90,2020-05-31,12.0381089420254
avg60-90,2020-06-01,12.1463049302124
avg60-90,2020-06-02,12.2338961721002
avg60-90,2020-06-03,12.3321048971948
avg60-90,2020-06-04,12.4476871134336
avg60-90,2020-06-05,12.5900523973756
avg60-90,2020-06-06,12.7232686963827
avg60-90,2020-06-07,12.8445489519143
avg60-90,2020-06-08,12.9578693788628
avg60-90,2020-06-09,13.0578957401296
avg60-90,2020-06-10,13.1501488045949
avg60-90,2020-06-11,13.2409287721301
avg60-90,2020-06-12,13.3280569987471
avg60-90,2020-06-13,13.4137203509886
avg60-90,2020-06-14,13.5227576995765
avg60-90,2020-06-15,13.6024790917624
avg60-90,2020-06-16,13.6541196893547
avg60-90,2020-06-17,13.7170619794933
avg60-90,2020-06-18,13.8024802467752
avg60-90,2020-06-19,13.9151039435183
avg60-90,2020-06-20,14.0329786615982
avg60-90,2020-06-21,14.1551619549879
avg60-90,2020-06-22,14.2875756496473
avg60-90,2020-06-23,14.3989849774917
avg60-90,2020-06-24,14.4949985177341
avg60-90,2020-06-25,14.6188605910545
avg60-90,2020-06-26,14.7714090443077
avg60-90,2020-06-27,14.9257563473307
avg60-90,2020-06-28,15.0501773992363
avg60-90,2020-06-29,15.1493966361127
avg60-90,2020-06-30,15.2355177643444
avg60-90,2020-07-01,15.3154545109316
avg60-90,2020-07-02,15.3893501467885
avg60-90,2020-07-03,15.4762138685788
avg60-90,2020-07-04,15.5519035248763
avg60-90,2020-07-05,15.6314865851193
avg60-90,2020-07-06,15.7222504289632
avg60-90,2020-07-07,15.804354062401
avg60-90,2020-07-08,15.8870265583877
avg60-90,2020-07-09,15.9615283185056
avg60-90,2020-07-10,16.0240027113635
avg60-90,2020-07-11,16.1025538448504
avg60-90,2020-07-12,16.1638644105382
avg60-90,2020-07-13,16.2501227471
avg60-90,2020-07-14,16.3612657078599
avg60-90,2020-07-15,16.4447797495427
avg60-90,2020-07-16,16.5363168829303
avg60-90,2020-07-17,16.6094412350241
avg60-90,2020-07-18,16.6688200126667
avg60-90,2020-07-19,16.70919146364
avg60-90,2020-07-20,16.7405739956721
avg60-90,2020-07-21,16.7561608339704
avg60-90,2020-07-22,16.7964816883436
avg60-90,2020-07-23,16.8500004280087
avg60-90,2020-07-24,16.8727377634719
avg60-90,2020-07-25,16.8716069780051
avg60-90,2020-07-26,16.8746327681349
avg60-90,2020-07-27,16.9114999132926
avg60-90,2020-07-28,16.9705367249277
avg60-90,2020-07-29,17.0269492769342
avg60-90,2020-07-30,17.092083894986
avg60-90,2020-07-31,17.1354135151953
avg60-90,2020-08-01,17.190031788993
avg60-90,2020-08-02,17.2345708840996
avg60-90,2020-08-03,17.2788314630347
avg60-90,2020-08-04,17.3167391044874
avg60-90,2020-08-05,17.3535011230417
avg60-90,2020-08-06,17.3939079309673
avg60-90,2020-08-07,17.438127114843
avg60-90,2020-08-08,17.4416012670626
avg60-90,2020-08-09,17.4230561065812
avg60-90,2020-08-10,17.3985932322344
avg60-90,2020-08-11,17.3746236030529
avg60-90,2020-08-12,17.3781034991047
avg60-90,2020-08-13,17.3666733728861
avg60-90,2020-08-14,17.3844007762491
avg60-90,2020-08-15,17.4315449524375
avg60-90,2020-08-16,17.4703151218199
avg60-90,2020-08-17,17.4539708005515
avg60-90,2020-08-18,17.434137196299
avg60-90,2020-08-19,17.4061185289368
avg60-90,2020-08-20,17.3510949716423
avg60-90,2020-08-21,17.2848835805741
avg60-90,2020-08-22,17.2332121515179
avg60-90,2020-08-23,17.1851344963647
avg60-90,2020-08-24,17.113088617871
avg60-90,2020-08-25,17.0235982915157
avg60-90,2020-08-26,16.9235828366529
avg60-90,2020-08-27,16.8317750134298
avg60-90,2020-08-28,16.722532286344
avg60-90,2020-08-29,16.6210200491772
avg60-90,2020-08-30,16.5208669534838
avg60-90,2020-08-31,16.4070138081232
avg60-90,2020-09-01,16.2988781081813
avg60-90,2020-09-02,16.2053711717111
avg60-90,2020-09-03,16.1135423749934
avg60-90,2020-09-04,16.0138794009371
avg60-90,2020-09-05,15.9304568152422
avg60-90,2020-09-06,15.8477841011467
avg60-90,2020-09-07,15.7339446961917
avg60-90,2020-09-08,15.6277935131343
avg60-90,2020-09-09,15.5219480304066
avg60-90,2020-09-10,15.4102091095864
avg60-90,2020-09-11,15.2679877617605
avg60-90,2020-09-12,15.1153669231707
avg60-90,2020-09-13,14.9622829854942
avg60-90,2020-09-14,14.8480189624535
avg60-90,2020-09-15,14.7666398156452
avg60-90,2020-09-16,14.665677162042
avg60-90,2020-09-17,14.5531827543383
avg60-90,2020-09-18,14.4573424614303
avg60-90,2020-09-19,14.3597035716966
avg60-90,2020-09-20,14.2762513867437
avg60-90,2020-09-21,14.2038093308055
avg60-90,2020-09-22,14.131981244219
avg60-90,2020-09-23,14.0474122537762
avg60-90,2020-09-24,13.9219444949485
avg60-90,2020-09-25,13.8076807788509
avg60-90,2020-09-26,13.6827403944526
avg60-90,2020-09-27,13.5508524041581
avg60-90,2020-09-28,13.4219221546382
avg60-90,2020-09-29,13.292966228367
avg60-90,2020-09-30,13.1564400524
avg60-90,2020-10-01,13.0016953636277
avg60-90,2020-10-02,12.8480503722364
avg60-90,2020-10-03,12.6978044268552
avg60-90,2020-10-04,12.5569844442407
avg60-90,2020-10-05,12.4290157678928
avg60-90,2020-10-06,12.3049847471551
avg60-90,2020-10-07,12.1926120048198
avg60-90,2020-10-08,12.06304298688
avg60-90,2020-10-09,11.9180935201606
avg60-90,2020-10-10,11.7703691691096
avg60-90,2020-10-11,11.6323808341489
avg60-90,2020-10-12,11.4893823076465
avg60-90,2020-10-13,11.324440958703
avg60-90,2020-10-14,11.1631836088047
avg60-90,2020-10-15,10.9970740577749
avg60-90,2020-10-16,10.8192026376983
avg60-90,2020-10-17,10.6382273441626
avg60-90,2020-10-18,10.438840223123
avg60-90,2020-10-19,10.2319074437858
avg60-90,2020-10-20,10.0227233933525
avg60-90,2020-10-21,9.80187761148417
avg60-90,2020-10-22,9.59650148785688
avg60-90,2020-10-23,9.4128687144775
avg60-90,2020-10-24,9.22159579326753
avg60-90,2020-10-25,9.02914264415231
avg60-90,2020-10-26,8.84040364671461
avg60-90,2020-10-27,8.65524296533047
avg60-90,2020-10-28,8.45933311507782
avg60-90,2020-10-29,8.2634954581655
avg60-90,2020-10-30,8.07423422989935
avg60-90,2020-10-31,7.87709387390616
avg60-90,2020-11-01,7.67843482124471
avg60-90,2020-11-02,7.50391716026874
avg60-90,2020-11-03,7.30810906164242
avg60-90,2020-11-04,7.08065826133542
avg60-90,2020-11-05,6.87264978609958
avg60-90,2020-11-06,6.67640458669622
avg60-90,2020-11-07,6.45735760289742
avg60-90,2020-11-08,6.24527374461664
avg60-90,2020-11-09,6.05397868825717
avg60-90,2020-11-10,5.86780466542541
avg60-90,2020-11-11,5.66907811317086
avg60-90,2020-11-12,5.47127664531701
avg60-90,2020-11-13,5.2817960213384
avg60-90,2020-11-14,5.07890625004321
avg60-90,2020-11-15,4.88382582996753
avg60-90,2020-11-16,4.69244245294343
avg60-90,2020-11-17,4.51027212206638
avg60-90,2020-11-18,4.34679237772178
avg60-90,2020-11-19,4.18649979791919
avg60-90,2020-11-20,4.00802498382866
avg60-90,2020-11-21,3.81227332010382
avg60-90,2020-11-22,3.62484778566457
avg60-90,2020-11-23,3.43127396793053
avg60-90,2020-11-24,3.2365574181434
avg60-90,2020-11-25,3.04450395003712
avg60-90,2020-11-26,2.85064447174015
avg60-90,2020-11-27,2.66510469360109
avg60-90,2020-11-28,2.47637076058437
avg60-90,2020-11-29,2.28411691059601
avg60-90,2020-11-30,2.07000754824513
avg60-90,2020-12-01,1.85834604364896
avg60-90,2020-12-02,1.6597674520107
avg60-90,2020-12-03,1.45764426935614
avg60-90,2020-12-04,1.2675775086281
avg60-90,2020-12-05,1.10574429494363
avg60-90,2020-12-06,0.931509108996427
avg60-90,2020-12-07,0.733471972916314
avg60-90,2020-12-08,0.520903472881898
avg60-90,2020-12-09,0.323529278822846
avg60-90,2020-12-10,0.160552663129265
avg60-90,2020-12-11,0.0140443874129436
avg60-90,2020-12-12,-0.130464409944543
avg60-90,2020-12-13,-0.275954116990176
avg60-90,2020-12-14,-0.408875005701769
avg60-90,2020-12-15,-0.547572367203375
avg60-90,2020-12-16,-0.667954824481656
avg60-90,2020-12-17,-0.79116793602336
avg60-90,2020-12-18,-0.916162931850727
avg60-90,2020-12-19,-1.01928539074899
avg60-90,2020-12-20,-1.13143407399159
avg60-90,2020-12-21,-1.22062942605606
avg60-90,2020-12-22,-1.30185246554214
avg60-90,2020-12-23,-1.39921689535568
avg60-90,2020-12-24,-1.48592795632209
avg60-90,2020-12-25,-1.58454995472119
avg60-90,2020-12-26,-1.6703767446647
avg60-90,2020-12-27,-1.74168250863407
avg60-90,2020-12-28,-1.80079372184526
avg60-90,2020-12-29,-1.83964922959158
avg60-90,2020-12-30,-1.88561942137762
avg60-90,2020-12-31,-1.93110620047142
avg90-20,2020-01-01,-0.932481405933525
avg90-20,2020-01-02,-1.01510947380064
avg90-20,2020-01-03,-1.07726344085383
avg90-20,2020-01-04,-1.12938663173891
avg90-20,2020-01-05,-1.17758675192511
avg90-20,2020-01-06,-1.21274308188582
avg90-20,2020-01-07,-1.22274132892933
avg90-20,2020-01-08,-1.23660834858475
avg90-20,2020-01-09,-1.24502397092455
avg90-20,2020-01-10,-1.22320199616265
avg90-20,2020-01-11,-1.21291436902155
avg90-20,2020-01-12,-1.19744163847226
avg90-20,2020-01-13,-1.17538126558319
avg90-20,2020-01-14,-1.16129487129955
avg90-20,2020-01-15,-1.16833308679
avg90-20,2020-01-16,-1.19295931360843
avg90-20,2020-01-17,-1.21467650525539
avg90-20,2020-01-18,-1.23942007046488
avg90-20,2020-01-19,-1.27477326379742
avg90-20,2020-01-20,-1.31708763647349
avg90-20,2020-01-21,-1.34904458015678
avg90-20,2020-01-22,-1.38991652941707
avg90-20,2020-01-23,-1.42235098273727
avg90-20,2020-01-24,-1.44331155326399
avg90-20,2020-01-25,-1.46155235542879
avg90-20,2020-01-26,-1.46419451242831
avg90-20,2020-01-27,-1.46512369612184
avg90-20,2020-01-28,-1.44618101003736
avg90-20,2020-01-29,-1.43552550792948
avg90-20,2020-01-30,-1.43054473684129
avg90-20,2020-01-31,-1.43517081555027
avg90-20,2020-02-01,-1.44350848096758
avg90-20,2020-02-02,-1.4385919815638
avg90-20,2020-02-03,-1.41657722587967
avg90-20,2020-02-04,-1.4179765816437
avg90-20,2020-02-05,-1.41853566142813
avg90-20,2020-02-06,-1.4271102164029
avg90-20,2020-02-07,-1.42892576393486
avg90-20,2020-02-08,-1.4159453440723
avg90-20,2020-02-09,-1.4163876469434
avg90-20,2020-02-10,-1.40924936916276
avg90-20,2020-02-11,-1.38834470485046
avg90-20,2020-02-12,-1.35599797263286
avg90-20,2020-02-13,-1.30119785445736
avg90-20,2020-02-14,-1.25052308688665
avg90-20,2020-02-15,-1.19773917406228
avg90-20,2020-02-16,-1.1444424991963
avg90-20,2020-02-17,-1.1040816975525
avg90-20,2020-02-18,-1.05695353118473
avg90-20,2020-02-19,-0.988395340040725
avg90-20,2020-02-20,-0.891196583963555
avg90-20,2020-02-21,-0.779753129267791
avg90-20,2020-02-22,-0.663177282427213
avg90-20,2020-02-23,-0.540714069785648
avg90-20,2020-02-24,-0.432792003854098
avg90-20,2020-02-25,-0.344749295958113
avg90-20,2020-02-26,-0.253569691837092
avg90-20,2020-02-27,-0.158419239392475
avg90-20,2020-02-28,-0.0428409467399075
avg90-20,2020-02-29,0.033817791727752
avg90-20,2020-03-01,0.110476530195411
avg90-20,2020-03-02,0.234483696455591
avg90-20,2020-03-03,0.35803142910803
avg90-20,2020-03-04,0.471750122496603
avg90-20,2020-03-05,0.549588620733301
avg90-20,2020-03-06,0.634263624935847
avg90-20,2020-03-07,0.733601791413768
avg90-20,2020-03-08,0.839310738532557
avg90-20,2020-03-09,0.984499871058657
avg90-20,2020-03-10,1.13273375621699
avg90-20,2020-03-11,1.27917932451985
avg90-20,2020-03-12,1.42495212373647
avg90-20,2020-03-13,1.56371370182229
avg90-20,2020-03-14,1.7092292419047
avg90-20,2020-03-15,1.86531526740074
avg90-20,2020-03-16,2.03140554581471
avg90-20,2020-03-17,2.21056497225657
avg90-20,2020-03-18,2.40230573587987
avg90-20,2020-03-19,2.56273640097582
avg90-20,2020-03-20,2.68199043601615
avg90-20,2020-03-21,2.79279410413341
avg90-20,2020-03-22,2.90225596899727
avg90-20,2020-03-23,3.02425908118671
avg90-20,2020-03-24,3.16822440743192
avg90-20,2020-03-25,3.31149927941787
avg90-20,2020-03-26,3.43112032128081
avg90-20,2020-03-27,3.55158217778252
avg90-20,2020-03-28,3.66898610777715
avg90-20,2020-03-29,3.79238065901549
avg90-20,2020-03-30,3.9265077795606
avg90-20,2020-03-31,4.07113583964539
avg90-20,2020-04-01,4.22598982250552
avg90-20,2020-04-02,4.42648564122022
avg90-20,2020-04-03,4.64226527566563
avg90-20,2020-04-04,4.83662671547786
avg90-20,2020-04-05,4.99010664513721
avg90-20,2020-04-06,5.1044714614053
avg90-20,2020-04-07,5.2190871462218
avg90-20,2020-04-08,5.32753073980465
avg90-20,2020-04-09,5.44092520466911
avg90-20,2020-04-10,5.57883729471149
avg90-20,2020-04-11,5.71463321221255
avg90-20,2020-04-12,5.82712661466464
avg90-20,2020-04-13,5.91862936287341
avg90-20,2020-04-14,5.99647195177873
avg90-20,2020-04-15,6.0978173983473
avg90-20,2020-04-16,6.23148099365887
avg90-20,2020-04-17,6.37032484514851
avg90-20,2020-04-18,6.49586885236846
avg90-20,2020-04-19,6.64377968208454
avg90-20,2020-04-20,6.79524020151471
avg90-20,2020-04-21,6.95840340474964
avg90-20,2020-04-22,7.15210526856417
avg90-20,2020-04-23,7.36767465463339
avg90-20,2020-04-24,7.58446247505802
avg90-20,2020-04-25,7.81107017947655
avg90-20,2020-04-26,8.02351473042243
avg90-20,2020-04-27,8.21767385173376
avg90-20,2020-04-28,8.39218911092322
avg90-20,2020-04-29,8.55940844680239
avg90-20,2020-04-30,8.72549831216974
avg90-20,2020-05-01,8.87794627683895
avg90-20,2020-05-02,9.03792933101484
avg90-20,2020-05-03,9.20856508735078
avg90-20,2020-05-04,9.38515096882219
avg90-20,2020-05-05,9.54274958207377
avg90-20,2020-05-06,9.71927876240526
avg90-20,2020-05-07,9.8977554731773
avg90-20,2020-05-08,10.0730700198705
avg90-20,2020-05-09,10.2609968666491
avg90-20,2020-05-10,10.4768845272823
avg90-20,2020-05-11,10.7023752600987
avg90-20,2020-05-12,10.9027933484388
avg90-20,2020-05-13,11.0688723431617
avg90-20,2020-05-14,11.2173262926094
avg90-20,2020-05-15,11.3519984392099
avg90-20,2020-05-16,11.5011818184536
avg90-20,2020-05-17,11.6665564278666
avg90-20,2020-05-18,11.8461944246941
avg90-20,2020-05-19,11.9883862369455
avg90-20,2020-05-20,12.0827085826797
avg90-20,2020-05-21,12.1855454269376
avg90-20,2020-05-22,12.2964963506006
avg90-20,2020-05-23,12.3828352016004
avg90-20,2020-05-24,12.473687929167
avg90-20,2020-05-25,12.5942374694917
avg90-20,2020-05-26,12.7201134444176
avg90-20,2020-05-27,12.8457034593228
avg90-20,2020-05-28,12.9402067734369
avg90-20,2020-05-29,13.0224326013017
avg90-20,2020-05-30,13.0967465411636
avg90-20,2020-05-31,13.1935994706425
avg90-20,2020-06-01,13.313825657251
avg90-20,2020-06-02,13.4599795851583
avg90-20,2020-06-03,13.605538490757
avg90-20,2020-06-04,13.7187015314466
avg90-20,2020-06-05,13.8282755075526
avg90-20,2020-06-06,13.9383154151022
avg90-20,2020-06-07,14.0446614442222
avg90-20,2020-06-08,14.1508156049721
avg90-20,2020-06-09,14.2856476397979
avg90-20,2020-06-10,14.4397224050118
avg90-20,2020-06-11,14.5934394074061
avg90-20,2020-06-12,14.7680128258093
avg90-20,2020-06-13,14.9237062690483
avg90-20,2020-06-14,15.0459693958665
avg90-20,2020-06-15,15.1677942748418
avg90-20,2020-06-16,15.2857683787528
avg90-20,2020-06-17,15.415414389448
avg90-20,2020-06-18,15.5404182231341
avg90-20,2020-06-19,15.6624450320085
avg90-20,2020-06-20,15.790025453556
avg90-20,2020-06-21,15.9265645416674
avg90-20,2020-06-22,16.0331572128384
avg90-20,2020-06-23,16.1095162601546
avg90-20,2020-06-24,16.1775582229642
avg90-20,2020-06-25,16.2622889552141
avg90-20,2020-06-26,16.3653261851912
avg90-20,2020-06-27,16.4837033916357
avg90-20,2020-06-28,16.6032515981906
avg90-20,2020-06-29,16.7164770275296
avg90-20,2020-06-30,16.8260988288166
avg90-20,2020-07-01,16.9195318768996
avg90-20,2020-07-02,17.0234320532264
avg90-20,2020-07-03,17.119838599074
avg90-20,2020-07-04,17.2168350471583
avg90-20,2020-07-05,17.3028428414472
avg90-20,2020-07-06,17.3728538718742
avg90-20,2020-07-07,17.4205195023627
avg90-20,2020-07-08,17.4417580510684
avg90-20,2020-07-09,17.4696864859962
avg90-20,2020-07-10,17.5128447622671
avg90-20,2020-07-11,17.543424023741
avg90-20,2020-07-12,17.5862886217492
avg90-20,2020-07-13,17.6154663065161
avg90-20,2020-07-14,17.6468932274787
avg90-20,2020-07-15,17.692131438988
avg90-20,2020-07-16,17.7450708556701
avg90-20,2020-07-17,17.7982049783626
avg90-20,2020-07-18,17.833362431633
avg90-20,2020-07-19,17.8784633430758
avg90-20,2020-07-20,17.9356070191132
avg90-20,2020-07-21,18.0117105248783
avg90-20,2020-07-22,18.0917542808287
avg90-20,2020-07-23,18.1680435274166
avg90-20,2020-07-24,18.2161645276469
avg90-20,2020-07-25,18.236168605613
avg90-20,2020-07-26,18.2613799094118
avg90-20,2020-07-27,18.318264410143
avg90-20,2020-07-28,18.35281614992
avg90-20,2020-07-29,18.3798681979734
avg90-20,2020-07-30,18.4193302465457
avg90-20,2020-07-31,18.4506109845513
avg90-20,2020-08-01,18.4823776783747
avg90-20,2020-08-02,18.5247174228038
avg90-20,2020-08-03,18.5630764668817
avg90-20,2020-08-04,18.6031792034676
avg90-20,2020-08-05,18.6534301729318
avg90-20,2020-08-06,18.7112704879773
avg90-20,2020-08-07,18.7554816861384
avg90-20,2020-08-08,18.8266636176183
avg90-20,2020-08-09,18.8776937903629
avg90-20,2020-08-10,18.9017851530523
avg90-20,2020-08-11,18.9150134985803
avg90-20,2020-08-12,18.9251150855798
avg90-20,2020-08-13,18.9151817399871
avg90-20,2020-08-14,18.8942403015193
avg90-20,2020-08-15,18.879854344153
avg90-20,2020-08-16,18.8359559827673
avg90-20,2020-08-17,18.8046680064758
avg90-20,2020-08-18,18.7896627520073
avg90-20,2020-08-19,18.778610174241
avg90-20,2020-08-20,18.755796711498
avg90-20,2020-08-21,18.739044933847
avg90-20,2020-08-22,18.7317424761843
avg90-20,2020-08-23,18.7202759707393
avg90-20,2020-08-24,18.6626074219625
avg90-20,2020-08-25,18.5964388667593
avg90-20,2020-08-26,18.5459126210738
avg90-20,2020-08-27,18.4788122347207
avg90-20,2020-08-28,18.3953173507704
avg90-20,2020-08-29,18.2760272647744
avg90-20,2020-08-30,18.1350506574381
avg90-20,2020-08-31,17.9880974836993
avg90-20,2020-09-01,17.8380759338293
avg90-20,2020-09-02,17.6879440290045
avg90-20,2020-09-03,17.5541501747503
avg90-20,2020-09-04,17.4193791322755
avg90-20,2020-09-05,17.2532329580129
avg90-20,2020-09-06,17.0845885522841
avg90-20,2020-09-07,16.9436148743561
avg90-20,2020-09-08,16.8297626336598
avg90-20,2020-09-09,16.708677925515
avg90-20,2020-09-10,16.5915868482942
avg90-20,2020-09-11,16.4814108742893
avg90-20,2020-09-12,16.3677212108818
avg90-20,2020-09-13,16.2407790311164
avg90-20,2020-09-14,16.0791908908985
avg90-20,2020-09-15,15.8969693344778
avg90-20,2020-09-16,15.7213649397771
avg90-20,2020-09-17,15.5365272427511
avg90-20,2020-09-18,15.3412650591071
avg90-20,2020-09-19,15.1333364527481
avg90-20,2020-09-20,14.9338572304464
avg90-20,2020-09-21,14.7518139205204
avg90-20,2020-09-22,14.5902877391651
avg90-20,2020-09-23,14.4153557224598
avg90-20,2020-09-24,14.2415711743762
avg90-20,2020-09-25,14.0691451596912
avg90-20,2020-09-26,13.9160320431603
avg90-20,2020-09-27,13.7846037980975
avg90-20,2020-09-28,13.6572208453254
avg90-20,2020-09-29,13.5462483678418
avg90-20,2020-09-30,13.4442392157071
avg90-20,2020-10-01,13.3219936822614
avg90-20,2020-10-02,13.2043102496835
avg90-20,2020-10-03,13.087603535026
avg90-20,2020-10-04,12.9636108294189
avg90-20,2020-10-05,12.8337312690698
avg90-20,2020-10-06,12.6941387465367
avg90-20,2020-10-07,12.5434955890866
avg90-20,2020-10-08,12.382865298531
avg90-20,2020-10-09,12.2134796864956
avg90-20,2020-10-10,12.0476405198162
avg90-20,2020-10-11,11.8933664761245
avg90-20,2020-10-12,11.7390538730531
avg90-20,2020-10-13,11.5688272509
avg90-20,2020-10-14,11.3965601670613
avg90-20,2020-10-15,11.2542835772772
avg90-20,2020-10-16,11.1089807287999
avg90-20,2020-10-17,10.9504917534983
avg90-20,2020-10-18,10.7629151551514
avg90-20,2020-10-19,10.5601019032587
avg90-20,2020-10-20,10.3640995007371
avg90-20,2020-10-21,10.1758853061866
avg90-20,2020-10-22,9.9831920786647
avg90-20,2020-10-23,9.82082179435611
avg90-20,2020-10-24,9.6638462184131
avg90-20,2020-10-25,9.50145489726819
avg90-20,2020-10-26,9.35144620297714
avg90-20,2020-10-27,9.17900583791597
avg90-20,2020-10-28,9.00375911994554
avg90-20,2020-10-29,8.8279010593838
avg90-20,2020-10-30,8.62959148307859
avg90-20,2020-10-31,8.45226196136374
avg90-20,2020-11-01,8.30648836992005
avg90-20,2020-11-02,8.15189922472841
avg90-20,2020-11-03,8.0037312984971
avg90-20,2020-11-04,7.86808622013017
avg90-20,2020-11-05,7.72820050417675
avg90-20,2020-11-06,7.57517984561303
avg90-20,2020-11-07,7.43010443322537
avg90-20,2020-11-08,7.27499658329418
avg90-20,2020-11-09,7.11013158680955
avg90-20,2020-11-10,6.94447496419622
avg90-20,2020-11-11,6.78033489442112
avg90-20,2020-11-12,6.61214764175371
avg90-20,2020-11-13,6.44316731528363
avg90-20,2020-11-14,6.29649026743354
avg90-20,2020-11-15,6.17103197322522
avg90-20,2020-11-16,6.06052528957962
avg90-20,2020-11-17,5.93275583789187
avg90-20,2020-11-18,5.76871540665637
avg90-20,2020-11-19,5.59672358808698
avg90-20,2020-11-20,5.40570713512602
avg90-20,2020-11-21,5.2052929432915
avg90-20,2020-11-22,4.99701261148056
avg90-20,2020-11-23,4.78956547853768
avg90-20,2020-11-24,4.61416355445244
avg90-20,2020-11-25,4.43238908591176
avg90-20,2020-11-26,4.24664578351984
avg90-20,2020-11-27,4.07166769028969
avg90-20,2020-11-28,3.88224258237737
avg90-20,2020-11-29,3.67666640282926
avg90-20,2020-11-30,3.48050116254199
avg90-20,2020-12-01,3.26333432032522
avg90-20,2020-12-02,3.04234558149737
avg90-20,2020-12-03,2.83170478653445
avg90-20,2020-12-04,2.63890727447503
avg90-20,2020-12-05,2.44963769386544
avg90-20,2020-12-06,2.26415378364303
avg90-20,2020-12-07,2.09968518867706
avg90-20,2020-12-08,1.9513716806829
avg90-20,2020-12-09,1.78079993042798
avg90-20,2020-12-10,1.60549373654673
avg90-20,2020-12-11,1.46046177305744
avg90-20,2020-12-12,1.32717722045225
avg90-20,2020-12-13,1.1637608942576
avg90-20,2020-12-14,0.994120306339437
avg90-20,2020-12-15,0.825333390924293
avg90-20,2020-12-16,0.674698462902448
avg90-20,2020-12-17,0.547952671042635
avg90-20,2020-12-18,0.431468915044746
avg90-20,2020-12-19,0.327005566516479
avg90-20,2020-12-20,0.226078710837457
avg90-20,2020-12-21,0.129508142468653
avg90-20,2020-12-22,0.0451774782708473
avg90-20,2020-12-23,-0.0162024527116333
avg90-20,2020-12-24,-0.0881308356865626
avg90-20,2020-12-25,-0.160100592992922
avg90-20,2020-12-26,-0.244457118853584
avg90-20,2020-12-27,-0.341422868115116
avg90-20,2020-12-28,-0.436643185441039
avg90-20,2020-12-29,-0.546527897061258
avg90-20,2020-12-30,-0.648031134865351
avg90-20,2020-12-31,-0.739137137243038
